settlement_id,settlement_name,settlement_type,ward_code,lga_code,longitude,latitude,target_population_under5,ward_name,lga_name,base_radius_m,nn_dist_m,n_track_points,n_visiting_teams,visiting_teams,first_visit_ts,last_visit_ts,any_ambiguous_match,track_visited,security_classification,buffer_overlaps_neighbor,etally_doses_total,etally_target_pop,etally_n_days_reported,etally_teams,etally_reported,n_active_days,ward_ever_active,complete_gps_blackout,coverage_status,dose_coverage_ratio,is_missed,gi_star_z,gi_star_p_sim,fdr_significant,cluster_label
S00790,Uztsimi,Village,W009,LGA02,7.514759,11.01041,125.0,Washatu,Gwarin,150.0,793.4297855026365,124,1,T09,2026-03-10 13:51:00,2026-03-10 15:55:00,False,True,Accessible,False,105,125.0,1.0,T09,True,5,True,False,Visited (track-confirmed),0.84,0,-1.2136530921098103,0.001,True,Cold spot (well-covered cluster)
S00054,Loshaja,Village,W001,LGA01,7.078284,11.081093,173.0,Ekngoyi,Idi-Oro,150.0,1667.0242815313986,0,0,,,,False,False,Accessible,False,123,173.0,1.0,T01,True,5,True,False,Tally-only (no GPS confirmation),0.7109826589595376,0,0.7093283968014948,0.312,False,Not significant
S01437,Sanami,Hamlet,W020,LGA01,7.675213,11.084507,11.0,Famade,Idi-Oro,150.0,1485.5686748708274,0,0,,,,False,False,Accessible,False,8,11.0,1.0,T20,True,5,True,False,Tally-only (no GPS confirmation),0.7272727272727273,0,-1.2136530921098103,0.001,True,Cold spot (well-covered cluster)
S01143,Loyoni,Settlement,W015,LGA01,7.713549,11.284635,131.0,Baluru,Idi-Oro,150.0,613.5108270003711,6,1,T15,2026-03-13 17:59:00,2026-03-13 18:05:00,False,True,Accessible,False,88,131.0,1.0,T15,True,5,True,False,Visited (track-confirmed),0.6717557251908397,0,-1.2136530921098103,0.001,True,Cold spot (well-covered cluster)
S01213,Sadewo,Village,W015,LGA01,7.700103,11.283331,86.0,Baluru,Idi-Oro,150.0,702.3664950856579,4,1,T15,2026-03-13 15:59:00,2026-03-13 16:02:00,False,True,Accessible,False,0,,,,False,5,True,False,Visited (track-confirmed),0.0,0,0.7093283968014948,0.312,False,Not significant
S00294,Uzlako,Settlement,W003,LGA01,7.271927,10.976346,91.0,Satita,Idi-Oro,150.0,697.3734946424593,0,0,,,,False,False,Accessible,False,77,91.0,1.0,T03,True,5,True,False,Tally-only (no GPS confirmation),0.8461538461538461,0,0.7093283968014948,0.312,False,Not significant
S01166,Kariba,Hamlet,W015,LGA01,7.483414,11.203544,46.0,Baluru,Idi-Oro,150.0,1087.338603861282,0,0,,,,False,False,Accessible,False,39,46.0,1.0,T15,True,5,True,False,Tally-only (no GPS confirmation),0.8478260869565217,0,0.7093283968014948,0.312,False,Not significant
S02465,Kasafa,Settlement,W039,LGA04,8.335967,10.934741,64.0,Nungoni-Arewa,Ilela,150.0,579.9229811919666,0,0,,,,False,False,Accessible,False,50,64.0,1.0,T07,True,5,True,True,Tally-only (no GPS confirmation),0.78125,0,-1.2136530921098103,0.001,True,Cold spot (well-covered cluster)
S01819,Bibema,Village,W028,LGA04,7.932477,10.876878,109.0,Wangoja,Ilela,150.0,3723.064133931404,27,1,T28,2026-03-12 18:01:00,2026-03-13 07:47:00,False,True,Accessible,False,76,109.0,1.0,T28,True,5,True,False,Visited (track-confirmed),0.6972477064220184,0,-1.2136530921098103,0.001,True,Cold spot (well-covered cluster)
S00886,Lodeja,Hamlet,W011,LGA02,7.558284,10.418976,47.0,Enyoko-Kofar,Gwarin,150.0,1042.309527035748,0,0,,,,False,False,Accessible,False,30,47.0,1.0,T11,True,5,True,False,Tally-only (no GPS confirmation),0.6382978723404256,0,-0.2521623476541578,0.304,False,Not significant
S01068,Datsiwa,Village,W014,LGA01,7.464528,11.464702,269.0,Bishama,Idi-Oro,150.0,432.0840322747418,0,0,,,,False,False,Accessible,False,229,269.0,1.0,T14,True,5,True,False,Tally-only (no GPS confirmation),0.8513011152416357,0,0.7093283968014948,0.312,False,Not significant
S01469,Suluja-Tudun,Village,W020,LGA01,7.702347,11.129288,201.0,Famade,Idi-Oro,150.0,1078.05464939874,0,0,,,,False,False,Accessible,False,190,201.0,1.0,T20,True,5,True,False,Tally-only (no GPS confirmation),0.945273631840796,0,-1.2136530921098103,0.001,True,Cold spot (well-covered cluster)
S01708,Irnani,Village,W026,LGA03,7.691609,11.518098,156.0,Kungomi,Katsuma,150.0,1196.2198886827257,0,0,,,,False,False,Accessible,False,123,156.0,1.0,T26,True,5,True,False,Tally-only (no GPS confirmation),0.7884615384615384,0,-0.2521623476541578,0.304,False,Not significant
S01539,Hakosa,Settlement,W021,LGA02,7.894844,10.479033,20.0,Yezata,Gwarin,150.0,664.1270791601249,20,1,T21,2026-03-12 11:43:00,2026-03-12 12:02:00,False,True,Accessible,False,13,20.0,1.0,T21,True,5,True,False,Visited (track-confirmed),0.65,0,-0.2521623476541578,0.304,False,Not significant
S02280,Olyoru,Village,W036,LGA04,8.125907,10.757832,35.0,Mawako,Ilela,150.0,845.234833375489,0,0,,,,False,False,Accessible,False,32,35.0,1.0,T04,True,5,True,False,Tally-only (no GPS confirmation),0.9142857142857143,0,0.7093283968014948,0.312,False,Not significant
S00332,Ekbade,Hamlet,W004,LGA02,7.187035,10.61587,8.0,Yesawo,Gwarin,150.0,3064.5436444750667,0,0,,,,False,False,Accessible,False,5,8.0,1.0,T04,True,5,True,False,Tally-only (no GPS confirmation),0.625,0,-1.2136530921098103,0.001,True,Cold spot (well-covered cluster)
S00146,Bawawo,Village,W002,LGA01,7.208947,10.766289,90.0,Ekduru,Idi-Oro,150.0,422.3437535629986,0,0,,,,False,False,Accessible,False,71,90.0,1.0,T02,True,5,True,False,Tally-only (no GPS confirmation),0.7888888888888889,0,-1.2136530921098103,0.001,True,Cold spot (well-covered cluster)
S02375,Farayi,Settlement,W038,LGA03,8.335275,11.300854,91.0,Sashasa,Katsuma,150.0,5605.761610387578,0,0,,,,False,False,Accessible,False,92,91.0,1.0,T06,True,5,True,False,Tally-only (no GPS confirmation),1.010989010989011,0,-0.2521623476541578,0.304,False,Not significant
S02237,Irlaba,Village,W035,LGA04,8.22947,11.010683,87.0,Dazata,Ilela,150.0,653.1490667770994,0,0,,,,False,False,Accessible,False,75,87.0,1.0,T03,True,5,True,True,Tally-only (no GPS confirmation),0.8620689655172413,0,-1.2136530921098103,0.001,True,Cold spot (well-covered cluster)
S01977,Kushama,Hamlet,W030,LGA04,7.88339,10.630549,46.0,Yeride,Ilela,150.0,901.7004019717622,0,0,,,,False,False,Accessible,False,0,,,,False,5,True,False,Plausible miss,0.0,1,-0.2521623476541578,0.001,True,Cold spot (well-covered cluster)
S01470,Lobale,Settlement,W020,LGA01,7.720615,11.161519,44.0,Famade,Idi-Oro,150.0,464.62692736906064,11,1,T20,2026-03-10 10:08:00,2026-03-10 11:39:00,False,True,Accessible,False,45,44.0,1.0,T20,True,5,True,False,Visited (track-confirmed),1.0227272727272727,0,-0.2521623476541578,0.302,False,Not significant
S00088,Ekrafa,Urban block,W001,LGA01,7.04016,10.955648,1017.0,Ekngoyi,Idi-Oro,119.44523003127418,298.61307507818543,0,0,,,,False,False,Accessible,False,1015,1017.0,1.0,T01,True,5,True,False,Tally-only (no GPS confirmation),0.9980334316617503,0,0.7093283968014948,0.313,False,Not significant
S00243,Surifa,Settlement,W003,LGA01,7.389459,11.077727,61.0,Satita,Idi-Oro,150.0,1002.3022745988617,0,0,,,,False,False,Accessible,False,0,,,,False,5,True,False,Plausible miss,0.0,1,0.7093283968014948,0.303,False,Not significant
S01548,Salaja,Hamlet,W021,LGA02,7.86192,10.471374,21.0,Yezata,Gwarin,150.0,418.43462273265135,21,1,T21,2026-03-13 10:28:00,2026-03-13 10:48:00,False,True,Accessible,False,20,21.0,1.0,T21,True,5,True,False,Visited (track-confirmed),0.9523809523809523,0,-1.2136530921098103,0.001,True,Cold spot (well-covered cluster)
S00497,Sungori-Arewa,Urban block,W006,LGA01,7.275823,11.216771,162.0,Okradu,Idi-Oro,150.0,460.35426698042517,0,0,,,,False,False,Accessible,False,137,162.0,1.0,T06,True,5,True,False,Tally-only (no GPS confirmation),0.845679012345679,0,0.7093283968014948,0.317,False,Not significant
S00823,Bazawo,Hamlet,W009,LGA02,7.493541,11.032353,13.0,Washatu,Gwarin,150.0,414.26348734236404,96,1,T09,2026-03-13 10:45:00,2026-03-13 12:35:00,False,True,Accessible,False,8,13.0,1.0,T09,True,5,True,False,Visited (track-confirmed),0.6153846153846154,0,-1.2136530921098103,0.001,True,Cold spot (well-covered cluster)
S02131,Lorami,Hamlet,W033,LGA03,7.994927,11.122978,52.0,Tasayi,Katsuma,150.0,706.149674190854,8,1,T02,2026-03-09 15:36:00,2026-03-12 14:25:00,False,True,Accessible,False,38,52.0,1.0,T01,True,5,True,False,Visited (track-confirmed),0.7307692307692307,0,-1.2136530921098103,0.001,True,Cold spot (well-covered cluster)
S00003,Watiru,Hamlet,W001,LGA01,7.064421,11.019136,61.0,Ekngoyi,Idi-Oro,150.0,1095.9404057028378,0,0,,,,False,False,Accessible,False,40,61.0,1.0,T01,True,5,True,False,Tally-only (no GPS confirmation),0.6557377049180327,0,-0.2521623476541578,0.301,False,Not significant
S00900,Enjiwa,Settlement,W011,LGA02,7.641796,10.404567,34.0,Enyoko-Kofar,Gwarin,150.0,2783.631005346486,19,1,T11,2026-03-11 09:55:00,2026-03-11 10:13:00,False,True,Accessible,False,23,34.0,1.0,T11,True,5,True,False,Visited (track-confirmed),0.6764705882352942,0,-0.2521623476541578,0.301,False,Not significant
S00059,Agwako,Hamlet,W001,LGA01,7.069533,10.962133,63.0,Ekngoyi,Idi-Oro,150.0,501.58212478270644,24,1,T01,2026-03-13 07:30:00,2026-03-13 07:53:00,False,True,Accessible,False,40,63.0,1.0,T01,True,5,True,False,Visited (track-confirmed),0.6349206349206349,0,-0.2521623476541578,0.301,False,Not significant
S01204,Gulawo,Village,W015,LGA01,7.500583,11.220344,153.0,Baluru,Idi-Oro,150.0,396.16800837799855,4,1,T15,2026-03-11 09:46:00,2026-03-11 09:49:00,False,True,Accessible,False,96,153.0,1.0,T15,True,5,True,False,Visited (track-confirmed),0.6274509803921569,0,-1.2136530921098103,0.001,True,Cold spot (well-covered cluster)
S01231,Tadefa,Village,W016,LGA02,7.562329,10.449011,42.0,Uzritu,Gwarin,150.0,1036.1269153186738,20,1,T16,2026-03-12 14:09:00,2026-03-12 14:28:00,False,True,Accessible,False,25,42.0,1.0,T16,True,5,True,False,Visited (track-confirmed),0.5952380952380952,0,0.7093283968014948,0.317,False,Not significant
S01428,Mabema,Hamlet,W020,LGA01,7.719464,11.132187,22.0,Famade,Idi-Oro,150.0,752.9444726389966,0,0,,,,False,False,Accessible,False,13,22.0,1.0,T20,True,5,True,False,Tally-only (no GPS confirmation),0.5909090909090909,0,-1.2136530921098103,0.001,True,Cold spot (well-covered cluster)
S01857,Zawana,Hamlet,W029,LGA04,8.013091,10.959745,22.0,Wangoni,Ilela,150.0,1517.2038044605272,0,0,,,,False,False,Accessible,False,0,,,,False,5,True,False,Plausible miss,0.0,1,0.7093283968014948,0.302,False,Not significant
S02469,Guwari,Hamlet,W039,LGA04,8.343515,10.936809,11.0,Nungoni-Arewa,Ilela,150.0,561.0262182818404,0,0,,,,False,False,Accessible,False,9,11.0,1.0,T07,True,5,True,True,Tally-only (no GPS confirmation),0.8181818181818182,0,-1.2136530921098103,0.001,True,Cold spot (well-covered cluster)
S02050,Suwale-Yamma,Hamlet,W032,LGA04,8.074325,10.853374,10.0,Bisani-Gabas,Ilela,50.0,39.700948835065944,0,0,,,,False,False,Accessible,True,0,,,,False,5,True,False,Plausible miss,0.0,1,-0.2521623476541578,0.001,True,Cold spot (well-covered cluster)
S01590,Yetsile-Sabo,Settlement,W023,LGA03,7.927977,11.178386,54.0,Suwade,Katsuma,150.0,1059.1801364867074,22,1,T23,2026-03-11 14:17:00,2026-03-11 14:38:00,False,True,Accessible,False,44,54.0,1.0,T23,True,5,True,False,Visited (track-confirmed),0.8148148148148148,0,-1.2136530921098103,0.001,True,Cold spot (well-covered cluster)
S00353,Sushadu-Yamma,Village,W004,LGA02,7.178882,10.685413,23.0,Yesawo,Gwarin,150.0,429.02901559244077,0,0,,,,False,False,Accessible,False,19,23.0,1.0,T04,True,5,True,False,Tally-only (no GPS confirmation),0.8260869565217391,0,-1.2136530921098103,0.001,True,Cold spot (well-covered cluster)
S00991,Irduja,Settlement,W013,LGA02,7.448425,10.555048,88.0,Sashako,Gwarin,150.0,877.2738696063615,24,1,T13,2026-03-12 16:10:00,2026-03-12 16:33:00,False,True,Accessible,False,90,88.0,1.0,T13,True,5,True,False,Visited (track-confirmed),1.0227272727272727,0,-1.2136530921098103,0.001,True,Cold spot (well-covered cluster)
S01142,Olwawo-Gabas,Village,W015,LGA01,7.568707,11.230905,147.0,Baluru,Idi-Oro,150.0,1707.515781506932,0,0,,,,False,False,Accessible,False,0,,,,False,5,True,False,Plausible miss,0.0,1,0.7093283968014948,0.302,False,Not significant
S00614,Ekduwo,Village,W007,LGA01,7.372307,11.178965,57.0,Bayoyi,Idi-Oro,150.0,1278.5121581712583,0,0,,,,False,False,Accessible,False,51,57.0,1.0,T07,True,5,True,False,Tally-only (no GPS confirmation),0.8947368421052632,0,-0.2521623476541578,0.302,False,Not significant
S02169,Ibrifa,Hamlet,W034,LGA03,8.247769,11.218623,25.0,Dodeta,Katsuma,150.0,537.7552516097402,0,0,,,,False,False,Accessible,False,15,25.0,1.0,T02,True,5,True,False,Tally-only (no GPS confirmation),0.6,0,-0.2521623476541578,0.302,False,Not significant
S00905,Gurawa,Settlement,W011,LGA02,7.611107,10.389166,66.0,Enyoko-Kofar,Gwarin,150.0,1603.318797729307,21,1,T11,2026-03-11 08:38:00,2026-03-11 09:01:00,False,True,Accessible,False,51,66.0,1.0,T11,True,5,True,False,Visited (track-confirmed),0.7727272727272727,0,-1.2136530921098103,0.001,True,Cold spot (well-covered cluster)
S02512,Suderi,Urban block,W040,LGA04,8.385691,11.181207,159.0,Gujiri,Ilela,150.0,1110.8357890208913,0,0,,,,False,False,Accessible,False,155,159.0,1.0,T08,True,5,True,False,Tally-only (no GPS confirmation),0.9748427672955975,0,-0.2521623476541578,0.302,False,Not significant
D01777,Zashaba,Hamlet,W027,LGA03,7.922861,11.46693,24.0,Daberi,Katsuma,56.927309354846116,142.31827338711528,0,0,,,,False,False,Accessible,False,0,,,,False,5,True,False,Plausible miss,0.0,1,0.7093283968014948,0.302,False,Not significant
S00944,Haluta,Village,W012,LGA02,7.31043,10.516305,22.0,Darari,Gwarin,150.0,1323.28526779694,34,1,T12,2026-03-09 07:31:00,2026-03-09 08:05:00,False,True,Accessible,False,14,22.0,1.0,T12,True,5,True,False,Visited (track-confirmed),0.6363636363636364,0,-1.2136530921098103,0.001,True,Cold spot (well-covered cluster)
S00963,Enbewa-Tsakiya,Village,W013,LGA02,7.394855,10.601069,26.0,Sashako,Gwarin,150.0,2692.542281501101,112,1,T13,2026-03-13 12:45:00,2026-03-13 14:39:00,False,True,Accessible,False,27,26.0,1.0,T13,True,5,True,False,Visited (track-confirmed),1.0384615384615385,0,-1.2136530921098103,0.001,True,Cold spot (well-covered cluster)
S01699,Sajiba-Tudun,Village,W025,LGA04,7.819849,11.053403,35.0,Okriba,Ilela,150.0,1022.9265015829369,21,1,T25,2026-03-13 09:19:00,2026-03-13 09:39:00,False,True,Accessible,False,0,,,,False,5,True,False,Visited (track-confirmed),0.0,0,-0.2521623476541578,0.302,False,Not significant
S00209,Yetsiwa-Kudu,Village,W002,LGA01,7.235993,10.786187,369.0,Ekduru,Idi-Oro,93.6060653935013,234.01516348375324,0,0,,,,False,False,Accessible,False,323,369.0,1.0,T02,True,5,True,False,Tally-only (no GPS confirmation),0.8753387533875339,0,-1.2136530921098103,0.001,True,Cold spot (well-covered cluster)
S00896,Kuyoko,Village,W011,LGA02,7.676509,10.365949,110.0,Enyoko-Kofar,Gwarin,150.0,5247.9784740000005,0,0,,,,False,False,Accessible,False,68,110.0,1.0,T11,True,5,True,False,Tally-only (no GPS confirmation),0.6181818181818182,0,-1.2136530921098103,0.001,True,Cold spot (well-covered cluster)
S01832,Watina,Village,W028,LGA04,7.898541,10.874006,63.0,Wangoja,Ilela,150.0,883.9579230713823,24,1,T28,2026-03-12 07:16:00,2026-03-12 07:39:00,False,True,Accessible,False,43,63.0,1.0,T28,True,5,True,False,Visited (track-confirmed),0.6825396825396826,0,-0.2521623476541578,0.302,False,Not significant
S02384,Uzbatu,Village,W038,LGA03,8.428792,11.288223,96.0,Sashasa,Katsuma,150.0,1906.8349888038679,0,0,,,,False,False,Accessible,False,61,96.0,1.0,T06,True,5,True,False,Tally-only (no GPS confirmation),0.6354166666666666,0,-0.2521623476541578,0.302,False,Not significant
S00139,Dangowo,Urban block,W002,LGA01,7.227429,10.797377,929.0,Ekduru,Idi-Oro,150.0,808.5605420494372,0,0,,,,False,False,Accessible,False,540,929.0,1.0,T02,True,5,True,False,Tally-only (no GPS confirmation),0.581270182992465,0,-0.2521623476541578,0.302,False,Not significant
S01577,Dobaru,Village,W022,LGA03,8.058061,11.527257,107.0,Sudefa,Katsuma,150.0,1223.1720403686768,0,0,,,,False,False,Accessible,False,0,,,,False,5,True,False,Plausible miss,0.0,1,1.6708191412571471,0.31,False,Not significant
S01327,Faluna,Village,W018,LGA02,7.542991,10.711187,189.0,Adwana,Gwarin,150.0,3528.6233541002566,0,0,,,,False,False,Accessible,False,110,189.0,1.0,T18,True,5,True,False,Tally-only (no GPS confirmation),0.582010582010582,0,-0.2521623476541578,0.302,False,Not significant
S00926,Sungodu,Village,W012,LGA02,7.324586,10.514205,115.0,Darari,Gwarin,150.0,657.3982878020878,32,1,T12,2026-03-10 17:51:00,2026-03-10 18:22:00,False,True,Accessible,False,89,115.0,1.0,T12,True,5,True,False,Visited (track-confirmed),0.7739130434782608,0,-1.2136530921098103,0.001,True,Cold spot (well-covered cluster)
S00535,Lolata,Hamlet,W007,LGA01,7.320748,11.329382,42.0,Bayoyi,Idi-Oro,116.74532152164726,291.8633038041181,0,0,,,,False,False,Accessible,False,38,42.0,1.0,T07,True,5,True,False,Tally-only (no GPS confirmation),0.9047619047619048,0,0.7093283968014948,0.312,False,Not significant
S01821,Gukoshi,Settlement,W028,LGA04,7.982939,10.785464,35.0,Wangoja,Ilela,150.0,676.2908551641856,0,0,,,,False,False,Accessible,False,22,35.0,1.0,T28,True,5,True,False,Tally-only (no GPS confirmation),0.6285714285714286,0,-0.2521623476541578,0.302,False,Not significant
S00442,Enlale,Hamlet,W006,LGA01,7.149112,11.306452,40.0,Okradu,Idi-Oro,150.0,739.5934450252756,0,0,,,,False,False,Accessible,False,0,,,,False,5,True,False,Plausible miss,0.0,1,0.7093283968014948,0.302,False,Not significant
S01484,Wajiri,Urban block,W020,LGA01,7.748426430662183,11.065857,842.0,Famade,Idi-Oro,150.0,2520.9232033050725,0,0,,,,False,False,Accessible,False,876,842.0,1.0,T20,True,5,True,False,Tally-only (no GPS confirmation),1.0403800475059382,0,-1.2136530921098103,0.001,True,Cold spot (well-covered cluster)
S01742,Sutisa,Village,W026,LGA03,7.713533,11.547383,16.0,Kungomi,Katsuma,150.0,1104.9603658784235,0,0,,,,False,False,Accessible,False,9,16.0,1.0,T26,True,5,True,False,Tally-only (no GPS confirmation),0.5625,0,0.7093283968014948,0.313,False,Not significant
S01487,Sayoba-Kofar,Village,W020,LGA01,7.633072,11.073341,82.0,Famade,Idi-Oro,150.0,1078.4057915424971,5,1,T03,2026-03-09 13:53:00,2026-03-09 13:57:00,False,True,Accessible,False,86,82.0,1.0,T20,True,5,True,False,Visited (track-confirmed),1.048780487804878,0,-1.2136530921098103,0.001,True,Cold spot (well-covered cluster)
S01432,Jiradu,Urban block,W020,LGA01,7.620768,11.095678,617.0,Famade,Idi-Oro,150.0,555.2764807108132,0,0,,,,False,False,Accessible,False,621,617.0,1.0,T20,True,5,True,False,Tally-only (no GPS confirmation),1.006482982171799,0,-1.2136530921098103,0.001,True,Cold spot (well-covered cluster)
S01715,Jitsiri,Urban block,W026,LGA03,7.749957,11.411481,184.0,Kungomi,Katsuma,150.0,471.1171923006848,0,0,,,,False,False,Accessible,False,0,,,,False,5,True,False,Plausible miss,0.0,1,0.7093283968014948,0.303,False,Not significant
S02509,Sarayi,Village,W040,LGA04,8.361428,11.225112,148.0,Gujiri,Ilela,150.0,1743.3949211191086,0,0,,,,False,False,Accessible,False,92,148.0,1.0,T08,True,5,True,False,Tally-only (no GPS confirmation),0.6216216216216216,0,-0.2521623476541578,0.3,False,Not significant
S02252,Uzmaja-Kudu,Village,W035,LGA04,8.30584,11.006282,41.0,Dazata,Ilela,150.0,1563.2127478102057,0,0,,,,False,False,Accessible,False,35,41.0,1.0,T03,True,5,True,True,Tally-only (no GPS confirmation),0.8536585365853658,0,-1.2136530921098103,0.001,True,Cold spot (well-covered cluster)
S01368,Wajitu-Arewa,Village,W018,LGA02,7.564318,10.645325,38.0,Adwana,Gwarin,150.0,418.1195514138994,0,0,,,,False,False,Accessible,False,36,38.0,1.0,T18,True,5,True,False,Tally-only (no GPS confirmation),0.9473684210526315,0,-0.2521623476541578,0.3,False,Not significant
S01716,Wadeyi,Village,W026,LGA03,7.773778,11.420091,84.0,Kungomi,Katsuma,150.0,955.09700463144,7,1,T26,2026-03-11 11:36:00,2026-03-11 12:43:00,False,True,Accessible,False,47,84.0,1.0,T26,True,5,True,False,Visited (track-confirmed),0.5595238095238095,0,2.6323098857128,0.018,True,Hot spot (missed-settlement cluster)
S02089,Kuzasa,Hamlet,W032,LGA04,8.073848,10.948158,12.0,Bisani-Gabas,Ilela,150.0,1625.7840024106838,20,1,T32,2026-03-11 14:26:00,2026-03-11 14:45:00,False,True,Accessible,False,8,12.0,1.0,T32,True,5,True,False,Visited (track-confirmed),0.6666666666666666,0,-0.2521623476541578,0.3,False,Not significant
S01411,Gutini,Settlement,W019,LGA04,7.562944,11.037024,35.0,Umzaba-Kofar,Ilela,150.0,1405.6562201402394,0,0,,,,False,False,Accessible,False,0,,,,False,5,True,False,Plausible miss,0.0,1,0.7093283968014948,0.302,False,Not significant
S00316,Mabaru,Hamlet,W003,LGA01,7.253816,11.127691,52.0,Satita,Idi-Oro,150.0,629.8332691193554,0,0,,,,False,False,Accessible,False,55,52.0,1.0,T03,True,5,True,False,Tally-only (no GPS confirmation),1.0576923076923077,0,-1.2136530921098103,0.001,True,Cold spot (well-covered cluster)
S02201,Wabayi,Hamlet,W034,LGA03,8.259069,11.234848,38.0,Dodeta,Katsuma,150.0,1143.1096378613177,0,0,,,,False,False,Accessible,False,21,38.0,1.0,T02,True,5,True,False,Tally-only (no GPS confirmation),0.5526315789473685,0,-0.2521623476541578,0.301,False,Not significant
S00211,Uzkotu,Settlement,W002,LGA01,7.023185,10.881941,212.0,Ekduru,Idi-Oro,129.60025491319783,324.00063728299455,0,0,,,,False,False,Accessible,False,152,212.0,1.0,T02,True,5,True,False,Tally-only (no GPS confirmation),0.7169811320754716,0,0.7093283968014948,0.314,False,Not significant
S01508,Irjitu,Hamlet,W020,LGA01,7.710711,11.178903,26.0,Famade,Idi-Oro,150.0,1492.1383761997645,0,0,,,,False,False,Accessible,False,16,26.0,1.0,T20,True,5,True,False,Tally-only (no GPS confirmation),0.6153846153846154,0,-1.2136530921098103,0.001,True,Cold spot (well-covered cluster)
S00814,Kasami,Village,W009,LGA02,7.51162,10.998924,47.0,Washatu,Gwarin,150.0,1073.974291883863,4,1,T09,2026-03-11 12:10:00,2026-03-11 12:13:00,False,True,Accessible,False,35,47.0,1.0,T09,True,5,True,False,Visited (track-confirmed),0.7446808510638298,0,-1.2136530921098103,0.001,True,Cold spot (well-covered cluster)
S01603,Karawo,Hamlet,W023,LGA03,7.930856,11.194268,9.0,Suwade,Katsuma,150.0,414.2426770959662,84,1,T23,2026-03-12 12:56:00,2026-03-13 11:15:00,False,True,Accessible,False,8,9.0,1.0,T23,True,5,True,False,Visited (track-confirmed),0.8888888888888888,0,-1.2136530921098103,0.001,True,Cold spot (well-covered cluster)
S00153,Iblawa-Kofar,Urban block,W002,LGA01,7.079641,10.782325,574.0,Ekduru,Idi-Oro,150.0,740.9990854735009,0,0,,,,False,False,Accessible,False,342,574.0,1.0,T02,True,5,True,False,Tally-only (no GPS confirmation),0.5958188153310104,0,0.7093283968014948,0.314,False,Not significant
S00029,Kangofa,Village,W001,LGA01,7.048351,11.024543,69.0,Ekngoyi,Idi-Oro,150.0,697.2258279540204,5,1,T01,2026-03-13 11:12:00,2026-03-13 11:16:00,False,True,Accessible,False,44,69.0,1.0,T01,True,5,True,False,Visited (track-confirmed),0.6376811594202898,0,0.7093283968014948,0.314,False,Not significant
S02344,Hatifa,Settlement,W037,LGA03,8.218461,11.545366,8.0,Longoma,Katsuma,150.0,557.9358905438396,0,0,,,,False,False,Accessible,False,8,8.0,1.0,T05,True,5,True,False,Tally-only (no GPS confirmation),1.0,0,1.6708191412571471,0.097,False,Not significant
S01652,Sungota,Village,W024,LGA04,7.814324,10.684769,65.0,Kuraba-Kofar,Ilela,150.0,447.9015358419737,0,0,,,,False,False,Accessible,False,62,65.0,1.0,T24,True,5,True,False,Tally-only (no GPS confirmation),0.9538461538461539,0,0.7093283968014948,0.314,False,Not significant
S01918,Dongofa-Yamma,Settlement,W029,LGA04,7.891347,10.977307,29.0,Wangoni,Ilela,150.0,898.9328817744652,28,1,T29,2026-03-09 17:08:00,2026-03-09 17:35:00,False,True,Accessible,False,28,29.0,1.0,T29,True,5,True,False,Visited (track-confirmed),0.9655172413793104,0,-0.2521623476541578,0.301,False,Not significant
S01791,Wakoma-Yamma,Village,W027,LGA03,7.943979,11.490658,62.0,Daberi,Katsuma,150.0,1666.653737422377,28,1,T27,2026-03-11 15:24:00,2026-03-11 15:51:00,False,True,Accessible,False,62,62.0,1.0,T27,True,5,True,False,Visited (track-confirmed),1.0,0,-1.2136530921098103,0.001,True,Cold spot (well-covered cluster)
S02493,Guyosa,Village,W040,LGA04,8.393414,11.218966,80.0,Gujiri,Ilela,53.09234278771842,132.73085696929604,0,0,,,,False,False,Accessible,False,68,80.0,1.0,T08,True,5,True,False,Tally-only (no GPS confirmation),0.85,0,1.6708191412571471,0.097,False,Not significant
S01911,Harimi,Village,W029,LGA04,7.950605,10.972447,51.0,Wangoni,Ilela,150.0,651.706345677166,0,0,,,,False,False,Accessible,False,39,51.0,1.0,T29,True,5,True,False,Tally-only (no GPS confirmation),0.7647058823529411,0,-1.2136530921098103,0.001,True,Cold spot (well-covered cluster)
S00484,Adngoyi,Village,W006,LGA01,7.168446,11.291077,55.0,Okradu,Idi-Oro,130.2392876245699,325.59821906142474,0,0,,,,False,False,Accessible,False,50,55.0,1.0,T06,True,5,True,False,Tally-only (no GPS confirmation),0.9090909090909091,0,-0.2521623476541578,0.301,False,Not significant
S02312,Olbewa,Hamlet,W036,LGA04,8.089993,10.708928,17.0,Mawako,Ilela,150.0,894.2863997499425,0,0,,,,False,False,Accessible,False,10,17.0,1.0,T04,True,5,True,False,Tally-only (no GPS confirmation),0.5882352941176471,0,-1.2136530921098103,0.001,True,Cold spot (well-covered cluster)
S00355,Ibsasa,Hamlet,W004,LGA02,7.261598,10.607048,8.0,Yesawo,Gwarin,50.0,114.92053881598628,0,0,,,,False,False,Accessible,False,0,,,,False,5,True,False,Plausible miss,0.0,1,1.6708191412571471,0.312,False,Not significant
S01790,Irkona,Hamlet,W027,LGA03,7.944243,11.505726,6.0,Daberi,Katsuma,150.0,1666.653737422377,36,1,T27,2026-03-11 08:45:00,2026-03-11 09:20:00,False,True,Accessible,False,6,6.0,1.0,T27,True,5,True,False,Visited (track-confirmed),1.0,0,-1.2136530921098103,0.001,True,Cold spot (well-covered cluster)
S01933,Ibngofa-Gabas,Settlement,W030,LGA04,7.983709531247099,10.60637,59.0,Yeride,Ilela,150.0,2004.9876166641252,0,0,,,,False,False,Accessible,False,45,59.0,1.0,T30,True,5,True,False,Tally-only (no GPS confirmation),0.7627118644067796,0,0.7093283968014948,0.312,False,Not significant
S00686,Enyosa,Hamlet,W008,LGA01,7.427714,10.946292,37.0,Umyosa,Idi-Oro,128.92703768581032,322.3175942145258,0,0,,,,False,False,Accessible,False,26,37.0,1.0,T08,True,5,True,False,Tally-only (no GPS confirmation),0.7027027027027027,0,-0.2521623476541578,0.301,False,Not significant
S00787,Nudede,Urban block,W008,LGA01,7.428279,10.943432,474.0,Umyosa,Idi-Oro,128.92703768581032,322.3175942145258,0,0,,,,False,False,Accessible,False,360,474.0,1.0,T08,True,5,True,False,Tally-only (no GPS confirmation),0.759493670886076,0,-1.2136530921098103,0.001,True,Cold spot (well-covered cluster)
S01872,Agberi,Hamlet,W029,LGA04,7.999662,10.96323,20.0,Wangoni,Ilela,150.0,1517.2038044605272,4,1,T29,2026-03-13 12:00:00,2026-03-13 12:03:00,False,True,Accessible,False,21,20.0,1.0,T29,True,5,True,False,Visited (track-confirmed),1.05,0,0.7093283968014948,0.312,False,Not significant
S01817,Nuduwo,Hamlet,W028,LGA04,7.942206,10.749589,40.0,Wangoja,Ilela,150.0,1443.1930758273436,30,1,T28,2026-03-11 14:21:00,2026-03-11 14:50:00,False,True,Accessible,False,34,40.0,1.0,T28,True,5,True,False,Visited (track-confirmed),0.85,0,-0.2521623476541578,0.301,False,Not significant
S01419,Ibjiwo,Hamlet,W019,LGA04,7.617537,11.021196,19.0,Umzaba-Kofar,Ilela,150.0,1810.6139290390377,0,0,,,,False,False,Accessible,False,12,19.0,1.0,T19,True,5,True,False,Tally-only (no GPS confirmation),0.631578947368421,0,-1.2136530921098103,0.001,True,Cold spot (well-covered cluster)
S01599,Umnasa,Village,W023,LGA03,7.839786,11.226829,48.0,Suwade,Katsuma,50.0,118.29307438821087,0,0,,,,False,False,Accessible,False,33,48.0,1.0,T23,True,5,True,False,Tally-only (no GPS confirmation),0.6875,0,0.7093283968014948,0.312,False,Not significant
S02085,Agngotu,Village,W032,LGA04,8.068673,10.847444,69.0,Bisani-Gabas,Ilela,150.0,698.1852878248268,6,1,T32,2026-03-10 08:50:00,2026-03-10 08:55:00,False,True,Accessible,False,48,69.0,1.0,T32,True,5,True,False,Visited (track-confirmed),0.6956521739130435,0,-0.2521623476541578,0.301,False,Not significant
S01009,Addedu,Urban block,W014,LGA01,7.426238,11.458125,370.0,Bishama,Idi-Oro,92.93408738980148,232.33521847450368,0,0,,,,False,False,Accessible,False,383,370.0,1.0,T14,True,5,True,False,Tally-only (no GPS confirmation),1.0351351351351352,0,-0.2521623476541578,0.301,False,Not significant
S01177,Adtsina,Hamlet,W015,LGA01,7.675572,11.291215,20.0,Baluru,Idi-Oro,147.76739776484658,369.41849441211644,0,0,,,,False,False,Accessible,False,20,20.0,1.0,T15,True,5,True,False,Tally-only (no GPS confirmation),1.0,0,1.6708191412571471,0.098,False,Not significant
S02409,Rirawo,Urban block,W038,LGA03,8.340779,11.415079,160.0,Sashasa,Katsuma,150.0,768.01111621365,0,0,,,,False,False,Accessible,False,120,160.0,1.0,T06,True,5,True,False,Tally-only (no GPS confirmation),0.75,0,0.7093283968014948,0.312,False,Not significant
S01645,Fazale,Village,W024,LGA04,7.785605,10.742813,63.0,Kuraba-Kofar,Ilela,150.0,834.4422546240149,23,1,T24,2026-03-10 17:56:00,2026-03-10 18:18:00,False,True,Accessible,False,53,63.0,1.0,T24,True,5,True,False,Visited (track-confirmed),0.8412698412698413,0,-1.2136530921098103,0.001,True,Cold spot (well-covered cluster)
S01164,Sashayi,Urban block,W015,LGA01,7.605362,11.260017,877.0,Baluru,Idi-Oro,150.0,1906.9120010659692,6,1,T15,2026-03-11 17:40:00,2026-03-11 17:45:00,False,True,Accessible,False,615,877.0,1.0,T15,True,5,True,False,Visited (track-confirmed),0.701254275940707,0,0.7093283968014948,0.312,False,Not significant
S00131,Sazashi,Village,W002,LGA01,7.028413,10.867265,66.0,Ekduru,Idi-Oro,150.0,459.81406981076435,0,0,,,,False,False,Accessible,False,43,66.0,1.0,T02,True,5,True,False,Tally-only (no GPS confirmation),0.6515151515151515,0,0.7093283968014948,0.312,False,Not significant
D01074,Waride-Tsakiya,Village,W014,LGA01,7.448667,11.452175,62.0,Bishama,Idi-Oro,150.0,655.6402253444356,0,0,,,,False,False,Accessible,False,0,,,,False,5,True,False,Plausible miss,0.0,1,0.7093283968014948,0.303,False,Not significant
S01792,Guwawo,Village,W028,LGA04,8.031211,10.920248,117.0,Wangoja,Ilela,150.0,3127.1752704647643,22,1,T28,2026-03-11 07:14:00,2026-03-11 07:35:00,False,True,Accessible,False,107,117.0,1.0,T28,True,5,True,False,Visited (track-confirmed),0.9145299145299145,0,-1.2136530921098103,0.001,True,Cold spot (well-covered cluster)
S01157,Tawale,Urban block,W015,LGA01,7.697057,11.275617,428.0,Baluru,Idi-Oro,68.2830948046519,170.70773701162975,5,1,T15,2026-03-11 14:13:00,2026-03-11 14:40:00,False,True,Accessible,False,376,428.0,1.0,T15,True,5,True,False,Visited (track-confirmed),0.8785046728971962,0,0.7093283968014948,0.314,False,Not significant
S02268,Kanako-Gabas,Hamlet,W035,LGA04,8.244022,11.008221,37.0,Dazata,Ilela,138.06842001916775,345.1710500479194,0,0,,,,False,False,Accessible,False,25,37.0,1.0,T03,True,5,True,True,Tally-only (no GPS confirmation),0.6756756756756757,0,-1.2136530921098103,0.001,True,Cold spot (well-covered cluster)
S00104,Dotina,Village,W001,LGA01,7.067359,10.966506,77.0,Ekngoyi,Idi-Oro,150.0,539.01126061553,3,1,T01,2026-03-13 07:59:00,2026-03-13 08:01:00,False,True,Accessible,False,68,77.0,1.0,T01,True,5,True,False,Visited (track-confirmed),0.8831168831168831,0,0.7093283968014948,0.314,False,Not significant
S01363,Bitina,Village,W018,LGA02,7.602694,10.619233,127.0,Adwana,Gwarin,150.0,838.6489236236923,24,1,T18,2026-03-13 08:22:00,2026-03-13 08:45:00,False,True,Accessible,False,106,127.0,1.0,T18,True,5,True,False,Visited (track-confirmed),0.8346456692913385,0,-1.2136530921098103,0.001,True,Cold spot (well-covered cluster)
S02316,Jishawa,Village,W037,LGA03,8.235492,11.517535,127.0,Longoma,Katsuma,150.0,2153.281474862783,0,0,,,,False,False,Accessible,False,111,127.0,1.0,T05,True,5,True,False,Tally-only (no GPS confirmation),0.8740157480314961,0,-1.2136530921098103,0.001,True,Cold spot (well-covered cluster)
S01314,Yedeyi,Village,W017,LGA03,7.523566,11.399185,116.0,Bazasa,Katsuma,108.06846151800326,270.17115379500814,20,1,T17,2026-03-12 15:10:00,2026-03-12 15:29:00,False,True,Accessible,False,96,116.0,1.0,T17,True,5,True,False,Visited (track-confirmed),0.8275862068965517,0,-1.2136530921098103,0.001,True,Cold spot (well-covered cluster)
S00501,Fanawo,Village,W006,LGA01,7.217543,11.350958,46.0,Okradu,Idi-Oro,150.0,1466.1572974272995,0,0,,,,False,False,Accessible,False,27,46.0,1.0,T06,True,5,True,False,Tally-only (no GPS confirmation),0.5869565217391305,0,0.7093283968014948,0.314,False,Not significant
S00910,Bizatu,Village,W011,LGA02,7.611556,10.413685,81.0,Enyoko-Kofar,Gwarin,150.0,1365.1492409061616,37,1,T11,2026-03-11 07:35:00,2026-03-12 09:21:00,False,True,Accessible,False,78,81.0,1.0,T11,True,5,True,False,Visited (track-confirmed),0.9629629629629629,0,-1.2136530921098103,0.001,True,Cold spot (well-covered cluster)
S01259,Subeja,Village,W016,LGA02,7.573806,10.452744,53.0,Uzritu,Gwarin,150.0,648.6366024454062,5,1,T16,2026-03-12 14:45:00,2026-03-12 14:49:00,False,True,Accessible,False,0,,,,False,5,True,False,Visited (track-confirmed),0.0,0,-1.2136530921098103,0.001,True,Cold spot (well-covered cluster)
S00020,Guwami-Yamma,Urban block,W001,LGA01,7.065562,11.189003,1364.0,Ekngoyi,Idi-Oro,150.0,4462.181270585748,0,0,,,,False,False,Accessible,False,1239,1364.0,1.0,T01,True,5,True,False,Tally-only (no GPS confirmation),0.908357771260997,0,0.7093283968014948,0.314,False,Not significant
S01593,Agshaja,Village,W023,LGA03,7.91324,11.23687,48.0,Suwade,Katsuma,150.0,2663.5932107022886,37,1,T23,2026-03-12 15:36:00,2026-03-12 16:12:00,False,True,Accessible,False,30,48.0,1.0,T23,True,5,True,False,Visited (track-confirmed),0.625,0,-0.2521623476541578,0.302,False,Not significant
S00657,Eklade,Settlement,W007,LGA01,7.362609,11.242195,26.0,Bayoyi,Idi-Oro,150.0,666.8167837121653,0,0,,,,False,False,Accessible,False,0,,,,False,5,True,False,Plausible miss,0.0,1,0.7093283968014948,0.302,False,Not significant
S00142,Yetsina,Urban block,W002,LGA01,7.088222,10.744765,419.0,Ekduru,Idi-Oro,150.0,1798.753439857617,0,0,,,,False,False,Accessible,False,394,419.0,1.0,T02,True,5,True,False,Tally-only (no GPS confirmation),0.9403341288782816,0,0.7093283968014948,0.315,False,Not significant
D01432,Jiradu,Urban block,W020,LGA01,7.621535,11.090715,617.0,Famade,Idi-Oro,150.0,555.2764807108132,9,2,"T01,T20",2026-03-12 16:22:00,2026-03-12 18:23:00,False,True,Accessible,False,0,,,,False,5,True,False,Visited (track-confirmed),0.0,0,-1.2136530921098103,0.001,True,Cold spot (well-covered cluster)
S01044,Suyoshi,Hamlet,W014,LGA01,7.527004,11.564711,34.0,Bishama,Idi-Oro,150.0,1027.7378518166677,0,0,,,,False,False,Accessible,False,33,34.0,1.0,T14,True,5,True,False,Tally-only (no GPS confirmation),0.9705882352941176,0,1.6708191412571471,0.098,False,Not significant
S00992,Gutsitu-Kudu,Hamlet,W013,LGA02,7.498323,10.546917,18.0,Sashako,Gwarin,150.0,470.6223839421124,18,1,T13,2026-03-11 18:13:00,2026-03-11 18:30:00,False,True,Accessible,False,13,18.0,1.0,T13,True,5,True,False,Visited (track-confirmed),0.7222222222222222,0,-1.2136530921098103,0.001,True,Cold spot (well-covered cluster)
S01967,Watside,Village,W030,LGA04,7.929295,10.648206,63.0,Yeride,Ilela,150.0,1332.2081675862605,0,0,,,,False,False,Accessible,False,37,63.0,1.0,T30,True,5,True,False,Tally-only (no GPS confirmation),0.5873015873015873,0,-1.2136530921098103,0.001,True,Cold spot (well-covered cluster)
S02041,Sumama,Hamlet,W031,LGA03,7.916648,11.362866,10.0,Satide,Katsuma,109.22990995686169,273.0747748921542,0,0,,,,False,False,Accessible,False,0,,,,False,5,True,False,Plausible miss,0.0,1,-0.2521623476541578,0.001,True,Cold spot (well-covered cluster)
S01179,Oljiba,Urban block,W015,LGA01,7.720326,11.270016,603.0,Baluru,Idi-Oro,150.0,666.4122948272444,0,0,,,,False,False,Accessible,False,531,603.0,1.0,T15,True,5,True,False,Tally-only (no GPS confirmation),0.8805970149253731,0,-1.2136530921098103,0.001,True,Cold spot (well-covered cluster)
S01191,Bibako,Hamlet,W015,LGA01,7.523788,11.203971,82.0,Baluru,Idi-Oro,150.0,801.2790594185756,0,0,,,,False,False,Accessible,False,0,,,,False,5,True,False,Plausible miss,0.0,1,-0.2521623476541578,0.001,True,Cold spot (well-covered cluster)
S01775,Yeyori-Arewa,Hamlet,W027,LGA03,7.902314,11.48144,8.0,Daberi,Katsuma,50.0,56.17154589357895,14,1,T27,2026-03-13 14:00:00,2026-03-13 14:13:00,True,True,Accessible,True,6,8.0,1.0,T27,True,5,True,False,Visited (track-confirmed),0.75,0,-1.2136530921098103,0.001,True,Cold spot (well-covered cluster)
S00380,Olriri,Village,W005,LGA02,7.375874,10.715545,79.0,Jijile,Gwarin,150.0,695.5186161730062,0,0,,,,False,False,Accessible,False,64,79.0,1.0,T05,True,5,True,False,Tally-only (no GPS confirmation),0.810126582278481,0,1.6708191412571471,0.097,False,Not significant
S01947,Irdemi,Village,W030,LGA04,7.95043,10.648022,56.0,Yeride,Ilela,150.0,1477.9866610568367,27,1,T30,2026-03-12 15:44:00,2026-03-12 16:10:00,False,True,Accessible,False,39,56.0,1.0,T30,True,5,True,False,Visited (track-confirmed),0.6964285714285714,0,-0.2521623476541578,0.3,False,Not significant
S00175,Dadesa,Hamlet,W002,LGA01,7.112463,10.78563,29.0,Ekduru,Idi-Oro,150.0,1025.6202413426622,0,0,,,,False,False,Accessible,False,21,29.0,1.0,T02,True,5,True,False,Tally-only (no GPS confirmation),0.7241379310344828,0,0.7093283968014948,0.317,False,Not significant
S01553,Zadewo,Village,W021,LGA02,7.861407,10.530841,10.0,Yezata,Gwarin,150.0,819.1255600435394,26,1,T21,2026-03-11 11:10:00,2026-03-11 11:35:00,False,True,Accessible,False,9,10.0,1.0,T21,True,5,True,False,Visited (track-confirmed),0.9,0,-0.2521623476541578,0.3,False,Not significant
S01848,Wariyi,Village,W029,LGA04,7.917846,11.055759,51.0,Wangoni,Ilela,150.0,761.002092696706,8,1,T29,2026-03-09 13:17:00,2026-03-13 17:52:00,False,True,Accessible,False,40,51.0,1.0,T29,True,5,True,False,Visited (track-confirmed),0.7843137254901961,0,-1.2136530921098103,0.001,True,Cold spot (well-covered cluster)
S01735,Bikowo,Village,W026,LGA03,7.776751,11.441405,116.0,Kungomi,Katsuma,150.0,2022.315296521864,0,0,,,,False,False,Accessible,False,0,,,,False,5,True,False,Plausible miss,0.0,1,1.6708191412571471,0.315,False,Not significant
S01686,Ibmayi,Settlement,W025,LGA04,7.829223,11.022236,25.0,Okriba,Ilela,150.0,899.9071630608672,0,0,,,,False,False,Accessible,False,0,,,,False,5,True,False,Plausible miss,0.0,1,1.6708191412571471,0.315,False,Not significant
S00784,Hababa,Hamlet,W008,LGA01,7.220192,10.912078,29.0,Umyosa,Idi-Oro,150.0,547.4954947503792,0,0,,,,False,False,Accessible,False,24,29.0,1.0,T08,True,5,True,False,Tally-only (no GPS confirmation),0.8275862068965517,0,0.7093283968014948,0.317,False,Not significant
S02333,Irzata,Village,W037,LGA03,8.185887,11.505552,87.0,Longoma,Katsuma,150.0,1023.9475313133019,35,1,T05,2026-03-11 09:26:00,2026-03-11 10:00:00,False,True,Accessible,False,55,87.0,1.0,T05,True,5,True,False,Visited (track-confirmed),0.632183908045977,0,-0.2521623476541578,0.301,False,Not significant
S02483,Eklami-Gabas,Village,W040,LGA04,8.295173,11.190005,134.0,Gujiri,Ilela,150.0,632.2446319886247,0,0,,,,False,False,Accessible,False,99,134.0,1.0,T08,True,5,True,False,Tally-only (no GPS confirmation),0.7388059701492538,0,-0.2521623476541578,0.301,False,Not significant
S00415,Yedeja-Arewa,Urban block,W006,LGA01,7.264991,11.22375,432.0,Okradu,Idi-Oro,55.84788179962985,139.61970449907463,0,0,,,,False,False,Accessible,False,253,432.0,1.0,T06,True,5,True,False,Tally-only (no GPS confirmation),0.5856481481481481,0,-0.2521623476541578,0.301,False,Not significant
S01452,Mamadu,Hamlet,W020,LGA01,7.642605,11.085844,34.0,Famade,Idi-Oro,150.0,729.0905475340193,0,0,,,,False,False,Accessible,False,23,34.0,1.0,T20,True,5,True,False,Tally-only (no GPS confirmation),0.6764705882352942,0,-1.2136530921098103,0.001,True,Cold spot (well-covered cluster)
S01293,Zawama,Village,W017,LGA03,7.531458,11.396017,15.0,Bazasa,Katsuma,75.82200889605517,189.5550222401379,33,1,T17,2026-03-11 09:11:00,2026-03-11 14:25:00,False,True,Accessible,False,15,15.0,1.0,T17,True,5,True,False,Visited (track-confirmed),1.0,0,-1.2136530921098103,0.001,True,Cold spot (well-covered cluster)
S00101,Suludu-Arewa,Urban block,W001,LGA01,7.163585,11.015249,495.0,Ekngoyi,Idi-Oro,150.0,1274.5526633725783,0,0,,,,False,False,Accessible,False,472,495.0,1.0,T01,True,5,True,False,Tally-only (no GPS confirmation),0.9535353535353536,0,-0.2521623476541578,0.301,False,Not significant
S00424,Gubemi,Urban block,W006,LGA01,7.169288,11.305135,78.0,Okradu,Idi-Oro,150.0,452.3316411741881,0,0,,,,False,False,Accessible,False,65,78.0,1.0,T06,True,5,True,False,Tally-only (no GPS confirmation),0.8333333333333334,0,0.7093283968014948,0.317,False,Not significant
S02497,Watsiko,Village,W040,LGA04,8.301438,11.212452,49.0,Gujiri,Ilela,150.0,426.02711754226027,0,0,,,,False,False,Accessible,False,32,49.0,1.0,T08,True,5,True,False,Tally-only (no GPS confirmation),0.6530612244897959,0,-0.2521623476541578,0.301,False,Not significant
S01388,Yetsita,Hamlet,W019,LGA04,7.603484,11.00357,22.0,Umzaba-Kofar,Ilela,92.59507895440933,231.4876973860233,1,1,T05,2026-03-13 15:51:00,2026-03-13 15:51:00,False,True,Accessible,False,23,22.0,1.0,T19,True,5,True,False,Visited (track-confirmed),1.0454545454545454,0,-1.2136530921098103,0.001,True,Cold spot (well-covered cluster)
S00419,Dangowa,Village,W006,LGA01,7.195485,11.345582,80.0,Okradu,Idi-Oro,58.45600419046329,146.1400104761582,33,1,T06,2026-03-11 07:24:00,2026-03-11 07:57:00,True,True,Accessible,False,46,80.0,1.0,T06,True,5,True,False,Visited (track-confirmed),0.575,0,0.7093283968014948,0.317,False,Not significant
S01172,Fanasa,Settlement,W015,LGA01,7.650583,11.254022,210.0,Baluru,Idi-Oro,150.0,1266.873960176325,0,0,,,,False,False,Accessible,False,0,,,,False,5,True,False,Plausible miss,0.0,1,0.7093283968014948,0.302,False,Not significant
S01633,Hangona,Hamlet,W023,LGA03,7.927523,11.168819,11.0,Suwade,Katsuma,150.0,1059.1801364867074,27,1,T23,2026-03-10 15:45:00,2026-03-10 16:11:00,False,True,Accessible,False,7,11.0,1.0,T23,True,5,True,False,Visited (track-confirmed),0.6363636363636364,0,-1.2136530921098103,0.001,True,Cold spot (well-covered cluster)
S02189,Famaba,Hamlet,W034,LGA03,8.265982,11.193125,26.0,Dodeta,Katsuma,147.08874786805458,367.72186967013647,0,0,,,,False,False,Accessible,False,23,26.0,1.0,T02,True,5,True,False,Tally-only (no GPS confirmation),0.8846153846153846,0,-0.2521623476541578,0.302,False,Not significant
S02269,Dasayi,Urban block,W035,LGA04,8.217203,11.069291,176.0,Dazata,Ilela,150.0,751.9545716680119,0,0,,,,False,False,Accessible,False,183,176.0,1.0,T03,True,5,True,True,Tally-only (no GPS confirmation),1.0397727272727273,0,-1.2136530921098103,0.001,True,Cold spot (well-covered cluster)
S00212,Sanana,Village,W002,LGA01,7.109858,10.794536,79.0,Ekduru,Idi-Oro,150.0,1025.6202413426622,0,0,,,,False,False,Accessible,False,83,79.0,1.0,T02,True,5,True,False,Tally-only (no GPS confirmation),1.0506329113924051,0,-0.2521623476541578,0.302,False,Not significant
S02457,Takoma,Village,W039,LGA04,8.222973,10.904753,43.0,Nungoni-Arewa,Ilela,150.0,2262.332538596793,0,0,,,,False,False,Accessible,False,25,43.0,1.0,T07,True,5,True,True,Tally-only (no GPS confirmation),0.5813953488372093,0,-1.2136530921098103,0.001,True,Cold spot (well-covered cluster)
S00033,Irlatu-Gabas,Settlement,W001,LGA01,7.15132,11.049376,31.0,Ekngoyi,Idi-Oro,150.0,389.04443087819163,32,1,T01,2026-03-09 07:11:00,2026-03-09 07:42:00,False,True,Accessible,False,23,31.0,1.0,T01,True,5,True,False,Visited (track-confirmed),0.7419354838709677,0,0.7093283968014948,0.313,False,Not significant
S01048,Sabeni,Hamlet,W014,LGA01,7.367405,11.460893,13.0,Bishama,Idi-Oro,150.0,565.6798741185227,6,1,T14,2026-03-11 07:34:00,2026-03-13 17:32:00,False,True,Accessible,False,14,13.0,1.0,T14,True,5,True,False,Visited (track-confirmed),1.0769230769230769,0,-1.2136530921098103,0.001,True,Cold spot (well-covered cluster)
S02177,Ekraru,Village,W034,LGA03,8.268386,11.190796,61.0,Dodeta,Katsuma,147.08874786805458,367.72186967013647,0,0,,,,False,False,Accessible,False,51,61.0,1.0,T02,True,5,True,False,Tally-only (no GPS confirmation),0.8360655737704918,0,-0.2521623476541578,0.302,False,Not significant
S00152,Ibngona-Arewa,Hamlet,W002,LGA01,7.022653,10.87906,69.0,Ekduru,Idi-Oro,129.60025491319783,324.00063728299455,35,1,T02,2026-03-11 07:34:00,2026-03-11 08:08:00,False,True,Accessible,False,67,69.0,1.0,T02,True,5,True,False,Visited (track-confirmed),0.9710144927536232,0,0.7093283968014948,0.313,False,Not significant
S00207,Rizani,Village,W002,LGA01,7.111973,10.736919,77.0,Ekduru,Idi-Oro,150.0,446.5128868635523,0,0,,,,False,False,Accessible,False,70,77.0,1.0,T02,True,5,True,False,Tally-only (no GPS confirmation),0.9090909090909091,0,-0.2521623476541578,0.302,False,Not significant
S00609,Kabani,Settlement,W007,LGA01,7.356459,11.240959,134.0,Bayoyi,Idi-Oro,150.0,439.80850609547684,5,1,T07,2026-03-09 12:25:00,2026-03-09 12:29:00,False,True,Accessible,False,116,134.0,1.0,T07,True,5,True,False,Visited (track-confirmed),0.8656716417910447,0,-0.2521623476541578,0.302,False,Not significant
S00746,Daluru-Arewa,Hamlet,W008,LGA01,7.224977,10.910618,29.0,Umyosa,Idi-Oro,150.0,547.4954947503792,0,0,,,,False,False,Accessible,False,0,,,,False,5,True,False,Plausible miss,0.0,1,1.6708191412571471,0.313,False,Not significant
S01768,Rinana,Village,W027,LGA03,7.891669,11.378252,94.0,Daberi,Katsuma,150.0,3213.326238678679,0,0,,,,False,False,Accessible,False,0,,,,False,5,True,False,Plausible miss,0.0,1,1.6708191412571471,0.313,False,Not significant
S02376,Sutile,Village,W038,LGA03,8.365021,11.423485,90.0,Sashasa,Katsuma,150.0,545.2756364527618,0,0,,,,False,False,Accessible,False,57,90.0,1.0,T06,True,5,True,False,Tally-only (no GPS confirmation),0.6333333333333333,0,0.7093283968014948,0.317,False,Not significant
S01674,Kulani,Village,W025,LGA04,7.822522,11.081001,64.0,Okriba,Ilela,150.0,569.8929582453669,28,1,T25,2026-03-12 16:20:00,2026-03-12 16:47:00,False,True,Accessible,False,0,,,,False,5,True,False,Visited (track-confirmed),0.0,0,-0.2521623476541578,0.302,False,Not significant
S00859,Waludu-Kofar,Hamlet,W010,LGA02,7.421574,10.883788,41.0,Fazafa,Gwarin,150.0,437.5156499504628,34,2,"T02,T10",2026-03-10 14:56:00,2026-03-12 17:24:00,False,True,Accessible,False,38,41.0,1.0,T10,True,5,True,False,Visited (track-confirmed),0.926829268292683,0,-0.2521623476541578,0.302,False,Not significant
S01271,Nulude,Village,W016,LGA02,7.627134,10.491437,45.0,Uzritu,Gwarin,150.0,1162.2491987624373,35,1,T16,2026-03-09 13:32:00,2026-03-13 12:19:00,False,True,Accessible,False,26,45.0,1.0,T16,True,5,True,False,Visited (track-confirmed),0.5777777777777777,0,-1.2136530921098103,0.001,True,Cold spot (well-covered cluster)
S01944,Satsiyi-Gabas,Hamlet,W030,LGA04,8.03489,10.557761,20.0,Yeride,Ilela,150.0,1731.7307314620882,0,0,,,,False,False,Accessible,False,0,,,,False,5,True,False,Plausible miss,0.0,1,0.7093283968014948,0.304,False,Not significant
S01517,Jisami,Hamlet,W021,LGA02,7.887323,10.549489,13.0,Yezata,Gwarin,150.0,608.6419391982886,0,0,,,,False,False,Accessible,False,0,,,,False,5,True,False,Plausible miss,0.0,1,-0.2521623476541578,0.001,True,Cold spot (well-covered cluster)
S01074,Waride-Tsakiya,Village,W014,LGA01,7.454101,11.454705,62.0,Bishama,Idi-Oro,150.0,655.6402253444356,0,0,,,,False,False,Accessible,False,66,62.0,1.0,T14,True,5,True,False,Tally-only (no GPS confirmation),1.064516129032258,0,1.6708191412571471,0.099,False,Not significant
S01002,Dayoyi-Kofar,Village,W014,LGA01,7.349654,11.447101,166.0,Bishama,Idi-Oro,150.0,848.1342256490638,33,1,T14,2026-03-09 17:51:00,2026-03-09 18:23:00,False,True,Accessible,False,165,166.0,1.0,T14,True,5,True,False,Visited (track-confirmed),0.9939759036144579,0,-1.2136530921098103,0.001,True,Cold spot (well-covered cluster)
S00914,Doshawo,Hamlet,W011,LGA02,7.726696,10.409491,7.0,Enyoko-Kofar,Gwarin,150.0,739.9530724253217,21,1,T11,2026-03-12 17:42:00,2026-03-12 18:02:00,False,True,Accessible,False,5,7.0,1.0,T11,True,5,True,False,Visited (track-confirmed),0.7142857142857143,0,-0.2521623476541578,0.304,False,Not significant
S00204,Waluwo,Hamlet,W002,LGA01,7.106608,10.805227,14.0,Ekduru,Idi-Oro,150.0,495.6557230393398,0,0,,,,False,False,Accessible,False,9,14.0,1.0,T02,True,5,True,False,Tally-only (no GPS confirmation),0.6428571428571429,0,-0.2521623476541578,0.304,False,Not significant
S00883,Ritsiba,Hamlet,W011,LGA02,7.594728,10.406755,12.0,Enyoko-Kofar,Gwarin,150.0,1041.3233591034732,24,1,T11,2026-03-10 09:42:00,2026-03-13 15:05:00,False,True,Accessible,False,9,12.0,1.0,T11,True,5,True,False,Visited (track-confirmed),0.75,0,-1.2136530921098103,0.001,True,Cold spot (well-covered cluster)
S00995,Gubale,Urban block,W013,LGA02,7.591148989856912,10.537226,210.0,Sashako,Gwarin,150.0,4359.394331179338,0,0,,,,False,False,Accessible,False,0,,,,False,5,True,False,Plausible miss,0.0,1,0.7093283968014948,0.306,False,Not significant
S01250,Wadena-Arewa,Village,W016,LGA02,7.58196,10.436619,232.0,Uzritu,Gwarin,142.09415556413327,355.2353889103332,19,1,T16,2026-03-09 07:31:00,2026-03-09 07:49:00,False,True,Accessible,False,183,232.0,1.0,T16,True,5,True,False,Visited (track-confirmed),0.7887931034482759,0,-1.2136530921098103,0.001,True,Cold spot (well-covered cluster)
S01841,Barashi,Village,W028,LGA04,8.013383,10.770882,72.0,Wangoja,Ilela,150.0,1064.1114014573038,26,1,T28,2026-03-11 11:02:00,2026-03-11 11:27:00,False,True,Accessible,False,71,72.0,1.0,T28,True,5,True,False,Visited (track-confirmed),0.9861111111111112,0,0.7093283968014948,0.317,False,Not significant
S00646,Ekluwa,Hamlet,W007,LGA01,7.386886,11.231539,30.0,Bayoyi,Idi-Oro,120.17352687783708,300.4338171945927,0,0,,,,False,False,Accessible,False,0,,,,False,5,True,False,Plausible miss,0.0,1,-0.2521623476541578,0.001,True,Cold spot (well-covered cluster)
S00552,Kawako-Tudun,Hamlet,W007,LGA01,7.3858,11.324848,44.0,Bayoyi,Idi-Oro,150.0,2811.2528465389696,0,0,,,,False,False,Accessible,False,37,44.0,1.0,T07,True,5,True,False,Tally-only (no GPS confirmation),0.8409090909090909,0,0.7093283968014948,0.317,False,Not significant
S01926,Umbafa,Village,W030,LGA04,7.892781,10.677711,40.0,Yeride,Ilela,150.0,1151.4944289906132,28,1,T30,2026-03-11 07:19:00,2026-03-11 07:46:00,False,True,Accessible,False,25,40.0,1.0,T30,True,5,True,False,Visited (track-confirmed),0.625,0,-0.2521623476541578,0.306,False,Not significant
S02326,Faraja,Hamlet,W037,LGA03,8.2028,11.547187,17.0,Longoma,Katsuma,50.0,72.32745732695034,17,1,T05,2026-03-12 07:43:00,2026-03-12 07:59:00,True,True,Accessible,True,13,17.0,1.0,T05,True,5,True,False,Visited (track-confirmed),0.7647058823529411,0,1.6708191412571471,0.101,False,Not significant
S01051,Okshami-Yamma,Village,W014,LGA01,7.468209,11.47367,64.0,Bishama,Idi-Oro,150.0,705.7250243769014,0,0,,,,False,False,Accessible,False,0,,,,False,5,True,False,Plausible miss,0.0,1,1.6708191412571471,0.317,False,Not significant
S01445,Wakoba,Hamlet,W020,LGA01,7.755804,11.166595,86.0,Famade,Idi-Oro,150.0,393.61625610832994,0,0,,,,False,False,Accessible,False,48,86.0,1.0,T20,True,5,True,False,Tally-only (no GPS confirmation),0.5581395348837209,0,0.7093283968014948,0.318,False,Not significant
S00777,Umdule,Hamlet,W008,LGA01,7.446501,10.963328,3.0,Umyosa,Idi-Oro,150.0,630.2782557793629,0,0,,,,False,False,Accessible,False,3,3.0,1.0,T08,True,5,True,False,Tally-only (no GPS confirmation),1.0,0,0.7093283968014948,0.318,False,Not significant
S00335,Halani,Settlement,W004,LGA02,7.213916,10.658237,12.0,Yesawo,Gwarin,150.0,2404.5410070169023,0,0,,,,False,False,Accessible,False,11,12.0,1.0,T04,True,5,True,False,Tally-only (no GPS confirmation),0.9166666666666666,0,-0.2521623476541578,0.307,False,Not significant
S02481,Dakoko,Hamlet,W040,LGA04,8.37048,11.238101,28.0,Gujiri,Ilela,150.0,1743.3949211191086,0,0,,,,False,False,Accessible,False,17,28.0,1.0,T08,True,5,True,False,Tally-only (no GPS confirmation),0.6071428571428571,0,-0.2521623476541578,0.307,False,Not significant
S01446,Tabami,Village,W020,LGA01,7.757046,11.182301,153.0,Famade,Idi-Oro,150.0,605.8410313466646,37,1,T20,2026-03-11 07:15:00,2026-03-11 07:51:00,False,True,Accessible,False,87,153.0,1.0,T20,True,5,True,False,Visited (track-confirmed),0.5686274509803921,0,-0.2521623476541578,0.307,False,Not significant
S00412,Gutina,Village,W006,LGA01,7.19433,11.344744,83.0,Okradu,Idi-Oro,62.60015237503106,156.50038093757763,2,1,T06,2026-03-11 07:22:00,2026-03-11 07:23:00,False,True,Accessible,False,57,83.0,1.0,T06,True,5,True,False,Visited (track-confirmed),0.6867469879518072,0,1.6708191412571471,0.101,False,Not significant
S02234,Fashami,Urban block,W035,LGA04,8.232052,11.034091,248.0,Dazata,Ilela,150.0,445.7000646439306,0,0,,,,False,False,Accessible,False,181,248.0,1.0,T03,True,5,True,True,Tally-only (no GPS confirmation),0.7298387096774194,0,-1.2136530921098103,0.001,True,Cold spot (well-covered cluster)
S00136,Gulani,Village,W002,LGA01,7.146874,10.734326,107.0,Ekduru,Idi-Oro,150.0,799.5883195551982,0,0,,,,False,False,Accessible,False,91,107.0,1.0,T02,True,5,True,False,Tally-only (no GPS confirmation),0.8504672897196262,0,-1.2136530921098103,0.001,True,Cold spot (well-covered cluster)
S00579,Wanasa,Village,W007,LGA01,7.314023,11.25586,76.0,Bayoyi,Idi-Oro,150.0,2408.8567860376793,0,0,,,,False,False,Accessible,False,55,76.0,1.0,T07,True,5,True,False,Tally-only (no GPS confirmation),0.7236842105263158,0,-0.2521623476541578,0.307,False,Not significant
S01494,Bikoyi,Village,W020,LGA01,7.730641,11.164245,76.0,Famade,Idi-Oro,150.0,618.2065262528732,3,1,T20,2026-03-11 15:07:00,2026-03-11 15:09:00,False,True,Accessible,False,47,76.0,1.0,T20,True,5,True,False,Visited (track-confirmed),0.618421052631579,0,-0.2521623476541578,0.307,False,Not significant
S00927,Kujifa,Village,W012,LGA02,7.456489,10.467199,173.0,Darari,Gwarin,150.0,1432.4485064501873,117,1,T12,2026-03-11 12:39:00,2026-03-11 14:35:00,False,True,Accessible,False,155,173.0,1.0,T12,True,5,True,False,Visited (track-confirmed),0.8959537572254336,0,-0.2521623476541578,0.307,False,Not significant
S00663,Adlari-Kofar,Hamlet,W008,LGA01,7.193367,10.928889,26.0,Umyosa,Idi-Oro,150.0,546.757457286563,0,0,,,,False,False,Accessible,False,15,26.0,1.0,T08,True,5,True,False,Tally-only (no GPS confirmation),0.5769230769230769,0,-0.2521623476541578,0.307,False,Not significant
S01813,Umyoni,Village,W028,LGA04,7.992598,10.798116,19.0,Wangoja,Ilela,123.67625477218832,309.19063693047076,0,0,,,,False,False,Accessible,False,18,19.0,1.0,T28,True,5,True,False,Tally-only (no GPS confirmation),0.9473684210526315,0,-0.2521623476541578,0.307,False,Not significant
S01173,Saludu,Settlement,W015,LGA01,7.561156,11.252281,21.0,Baluru,Idi-Oro,113.29079896516005,283.2269974129001,5,1,T15,2026-03-12 11:45:00,2026-03-12 11:49:00,False,True,Accessible,False,15,21.0,1.0,T15,True,5,True,False,Visited (track-confirmed),0.7142857142857143,0,-0.2521623476541578,0.307,False,Not significant
S01640,Kabema,Village,W024,LGA04,7.822274,10.711958,49.0,Kuraba-Kofar,Ilela,150.0,1532.624280570472,100,1,T24,2026-03-13 09:01:00,2026-03-13 10:43:00,False,True,Accessible,False,28,49.0,1.0,T24,True,5,True,False,Visited (track-confirmed),0.5714285714285714,0,-0.2521623476541578,0.307,False,Not significant
S00577,Fatini-Kofar,Village,W007,LGA01,7.467026,11.183125,155.0,Bayoyi,Idi-Oro,150.0,1419.876190105853,6,1,T07,2026-03-11 15:16:00,2026-03-11 15:21:00,False,True,Accessible,False,164,155.0,1.0,T07,True,5,True,False,Visited (track-confirmed),1.0580645161290323,0,-0.2521623476541578,0.307,False,Not significant
S01486,Jirale,Urban block,W020,LGA01,7.730104,11.150785,177.0,Famade,Idi-Oro,50.141432392622434,125.35358098155608,0,0,,,,False,False,Accessible,False,0,,,,False,5,True,False,Plausible miss,0.0,1,-0.2521623476541578,0.001,True,Cold spot (well-covered cluster)
S01903,Adshayi,Settlement,W029,LGA04,7.932343,11.116075,69.0,Wangoni,Ilela,150.0,420.65780356132194,0,0,,,,False,False,Accessible,False,54,69.0,1.0,T29,True,5,True,False,Tally-only (no GPS confirmation),0.782608695652174,0,-1.2136530921098103,0.001,True,Cold spot (well-covered cluster)
S02149,Kujide,Village,W033,LGA03,7.993962,11.165245,52.0,Tasayi,Katsuma,150.0,513.5726377819766,0,0,,,,False,False,Accessible,False,30,52.0,1.0,T01,True,5,True,False,Tally-only (no GPS confirmation),0.5769230769230769,0,0.7093283968014948,0.317,False,Not significant
S00563,Saberi-Tudun,Village,W007,LGA01,7.371607,11.241653,128.0,Bayoyi,Idi-Oro,87.61176708666896,219.02941771667238,0,0,,,,False,False,Accessible,False,71,128.0,1.0,T07,True,5,True,False,Tally-only (no GPS confirmation),0.5546875,0,1.6708191412571471,0.102,False,Not significant
S01680,Jishari,Village,W025,LGA04,7.77344,11.114966,86.0,Okriba,Ilela,150.0,943.6589215698616,28,1,T25,2026-03-13 07:13:00,2026-03-13 07:43:00,False,True,Accessible,False,0,,,,False,5,True,False,Visited (track-confirmed),0.0,0,-0.2521623476541578,0.307,False,Not significant
S01360,Kukota-Yamma,Hamlet,W018,LGA02,7.628362,10.621635,17.0,Adwana,Gwarin,135.12546109611992,337.8136527402998,3,1,T18,2026-03-13 14:30:00,2026-03-13 14:32:00,False,True,Accessible,False,0,,,,False,5,True,False,Visited (track-confirmed),0.0,0,-1.2136530921098103,0.001,True,Cold spot (well-covered cluster)
S02498,Bidude-Kudu,Settlement,W040,LGA04,8.393156,11.217793,26.0,Gujiri,Ilela,53.09234278771842,132.73085696929604,0,0,,,,False,False,Accessible,False,19,26.0,1.0,T08,True,5,True,False,Tally-only (no GPS confirmation),0.7307692307692307,0,1.6708191412571471,0.102,False,Not significant
S01098,Domadu,Urban block,W015,LGA01,7.693626,11.280297,105.0,Baluru,Idi-Oro,150.0,622.7202214674329,0,0,,,,False,False,Accessible,False,0,,,,False,5,True,False,Plausible miss,0.0,1,0.7093283968014948,0.307,False,Not significant
S00274,Olnaba-Sabo,Urban block,W003,LGA01,7.183011,10.997913,970.0,Satita,Idi-Oro,150.0,1201.5932721861623,31,1,T03,2026-03-12 10:13:00,2026-03-12 10:43:00,False,True,Accessible,False,892,970.0,1.0,T03,True,5,True,False,Visited (track-confirmed),0.9195876288659793,0,2.6323098857128,0.018,True,Hot spot (missed-settlement cluster)
S00159,Zashaja,Urban block,W002,LGA01,7.092855,10.777946,270.0,Ekduru,Idi-Oro,92.65628602934174,231.64071507335436,0,0,,,,False,False,Accessible,False,202,270.0,1.0,T02,True,5,True,False,Tally-only (no GPS confirmation),0.7481481481481481,0,0.7093283968014948,0.319,False,Not significant
S00559,Suberu-Sabo,Hamlet,W007,LGA01,7.391012,11.141937,83.0,Bayoyi,Idi-Oro,150.0,724.5324999894572,0,0,,,,False,False,Accessible,False,85,83.0,1.0,T07,True,5,True,False,Tally-only (no GPS confirmation),1.0240963855421688,0,-0.2521623476541578,0.306,False,Not significant
S00773,Mashadu,Urban block,W008,LGA01,7.398607,10.953553,752.0,Umyosa,Idi-Oro,150.0,671.6239979291822,0,0,,,,False,False,Accessible,False,0,,,,False,5,True,False,Plausible miss,0.0,1,1.6708191412571471,0.318,False,Not significant
S01444,Yenatu,Urban block,W020,LGA01,7.72508,11.143701,704.0,Famade,Idi-Oro,150.0,548.4326513136286,0,0,,,,False,False,Accessible,False,726,704.0,1.0,T20,True,5,True,False,Tally-only (no GPS confirmation),1.03125,0,-0.2521623476541578,0.306,False,Not significant
S01197,Rikoyi,Village,W015,LGA01,7.614697,11.274589,51.0,Baluru,Idi-Oro,93.30147109267794,233.25367773169484,0,0,,,,False,False,Accessible,False,0,,,,False,5,True,False,Plausible miss,0.0,1,1.6708191412571471,0.319,False,Not significant
S00438,Biyoru,Hamlet,W006,LGA01,7.254145,11.206349,37.0,Okradu,Idi-Oro,150.0,685.3973792102372,0,0,,,,False,False,Accessible,False,36,37.0,1.0,T06,True,5,True,False,Tally-only (no GPS confirmation),0.972972972972973,0,0.7093283968014948,0.319,False,Not significant
S01831,Bishashi,Village,W028,LGA04,7.990922,10.795864,21.0,Wangoja,Ilela,123.67625477218832,309.19063693047076,23,1,T28,2026-03-10 17:27:00,2026-03-10 17:49:00,False,True,Accessible,False,14,21.0,1.0,T28,True,5,True,False,Visited (track-confirmed),0.6666666666666666,0,-0.2521623476541578,0.304,False,Not significant
S01741,Bamani,Village,W026,LGA03,7.709254,11.533463,74.0,Kungomi,Katsuma,150.0,1010.025575865759,8,1,T26,2026-03-12 18:23:00,2026-03-12 18:30:00,False,True,Accessible,False,69,74.0,1.0,T26,True,5,True,False,Visited (track-confirmed),0.9324324324324325,0,-0.2521623476541578,0.304,False,Not significant
S01595,Wariru,Village,W023,LGA03,7.928827,11.202676,91.0,Suwade,Katsuma,150.0,613.2812844436164,2,1,T23,2026-03-12 14:50:00,2026-03-12 14:51:00,False,True,Accessible,False,0,,,,False,5,True,False,Visited (track-confirmed),0.0,0,-0.2521623476541578,0.304,False,Not significant
S01980,Umwade,Village,W030,LGA04,7.910645,10.594629,69.0,Yeride,Ilela,150.0,1350.7128398470397,37,1,T30,2026-03-12 12:34:00,2026-03-12 13:10:00,False,True,Accessible,False,63,69.0,1.0,T30,True,5,True,False,Visited (track-confirmed),0.9130434782608695,0,0.7093283968014948,0.319,False,Not significant
S00621,Makotu,Village,W007,LGA01,7.35896,11.230193,137.0,Bayoyi,Idi-Oro,139.62681680319062,349.06704200797657,0,0,,,,False,False,Accessible,False,138,137.0,1.0,T07,True,5,True,False,Tally-only (no GPS confirmation),1.0072992700729928,0,-0.2521623476541578,0.304,False,Not significant
S00047,Dorita,Village,W001,LGA01,7.079782,11.133849,122.0,Ekngoyi,Idi-Oro,150.0,874.6053416871074,0,0,,,,False,False,Accessible,False,94,122.0,1.0,T01,True,5,True,False,Tally-only (no GPS confirmation),0.7704918032786885,0,0.7093283968014948,0.319,False,Not significant
S01545,Ibtide-Tudun,Village,W021,LGA02,7.900657,10.477311,62.0,Yezata,Gwarin,150.0,664.1270791601249,0,0,,,,False,False,Accessible,False,0,,,,False,5,True,False,Plausible miss,0.0,1,-0.2521623476541578,0.001,True,Cold spot (well-covered cluster)
S01100,Umtimi,Village,W015,LGA01,7.536603,11.188887,55.0,Baluru,Idi-Oro,150.0,1372.0137178147143,18,1,T15,2026-03-11 07:19:00,2026-03-11 07:39:00,False,True,Accessible,False,38,55.0,1.0,T15,True,5,True,False,Visited (track-confirmed),0.6909090909090909,0,0.7093283968014948,0.322,False,Not significant
S01018,Barile,Village,W014,LGA01,7.532644,11.525,180.0,Bishama,Idi-Oro,150.0,1096.5075864013559,0,0,,,,False,False,Accessible,False,148,180.0,1.0,T14,True,5,True,False,Tally-only (no GPS confirmation),0.8222222222222222,0,-0.2521623476541578,0.305,False,Not significant
S02381,Wangowa,Settlement,W038,LGA03,8.416838,11.313189,4.0,Sashasa,Katsuma,150.0,501.9134735181362,0,0,,,,False,False,Accessible,False,3,4.0,1.0,T06,True,5,True,False,Tally-only (no GPS confirmation),0.75,0,-0.2521623476541578,0.305,False,Not significant
S01443,Gusade-Kofar,Village,W020,LGA01,7.587953,11.054854,291.0,Famade,Idi-Oro,150.0,1047.9622676592098,2,1,T03,2026-03-10 14:05:00,2026-03-10 14:06:00,False,True,Accessible,False,268,291.0,1.0,T20,True,5,True,False,Visited (track-confirmed),0.9209621993127147,0,-1.2136530921098103,0.001,True,Cold spot (well-covered cluster)
S00731,Uzshawa,Hamlet,W008,LGA01,7.345282,10.877389,43.0,Umyosa,Idi-Oro,150.0,1019.4933425438228,0,0,,,,False,False,Accessible,False,0,,,,False,5,True,False,Plausible miss,0.0,1,-0.2521623476541578,0.001,True,Cold spot (well-covered cluster)
S02076,Ekdeba,Village,W032,LGA04,8.085994,10.904518,57.0,Bisani-Gabas,Ilela,150.0,543.5454737513587,4,1,T32,2026-03-13 11:45:00,2026-03-13 11:48:00,False,True,Accessible,False,53,57.0,1.0,T32,True,5,True,False,Visited (track-confirmed),0.9298245614035088,0,-1.2136530921098103,0.001,True,Cold spot (well-covered cluster)
S01533,Irtide,Settlement,W021,LGA02,7.871801,10.493992,25.0,Yezata,Gwarin,150.0,481.1591884131374,30,1,T21,2026-03-09 13:18:00,2026-03-11 16:45:00,False,True,Accessible,False,18,25.0,1.0,T21,True,5,True,False,Visited (track-confirmed),0.72,0,-1.2136530921098103,0.001,True,Cold spot (well-covered cluster)
S01033,Dosani-Tudun,Village,W014,LGA01,7.359481,11.461331,239.0,Bishama,Idi-Oro,150.0,865.9722923558822,36,1,T14,2026-03-13 16:44:00,2026-03-13 17:19:00,False,True,Accessible,False,172,239.0,1.0,T14,True,5,True,False,Visited (track-confirmed),0.7196652719665272,0,-1.2136530921098103,0.001,True,Cold spot (well-covered cluster)
S01897,Fadusa,Hamlet,W029,LGA04,7.934501,11.02516,8.0,Wangoni,Ilela,150.0,1695.1285104546107,0,0,,,,False,False,Accessible,False,7,8.0,1.0,T29,True,5,True,False,Tally-only (no GPS confirmation),0.875,0,-1.2136530921098103,0.001,True,Cold spot (well-covered cluster)
S02155,Lobeba-Kofar,Settlement,W033,LGA03,8.004194,11.175878,128.0,Tasayi,Katsuma,100.00150486213897,250.0037621553474,0,0,,,,False,False,Accessible,False,132,128.0,1.0,T01,True,5,True,False,Tally-only (no GPS confirmation),1.03125,0,1.6708191412571471,0.104,False,Not significant
S02101,Nutita,Hamlet,W033,LGA03,7.968094,11.176018,20.0,Tasayi,Katsuma,150.0,762.4345013423325,0,0,,,,False,False,Accessible,False,0,,,,False,5,True,False,Plausible miss,0.0,1,0.7093283968014948,0.304,False,Not significant
S00311,Bajimi,Village,W003,LGA01,7.243281,10.997716,184.0,Satita,Idi-Oro,150.0,473.096053574631,1,1,T03,2026-03-12 12:11:00,2026-03-12 12:11:00,False,True,Accessible,False,163,184.0,1.0,T03,True,5,True,False,Visited (track-confirmed),0.8858695652173914,0,-0.2521623476541578,0.303,False,Not significant
S01778,Ibwama,Hamlet,W027,LGA03,7.923554,11.484527,3.0,Daberi,Katsuma,150.0,793.8659257264491,28,1,T27,2026-03-09 08:47:00,2026-03-09 09:14:00,False,True,Accessible,False,3,3.0,1.0,T27,True,5,True,False,Visited (track-confirmed),1.0,0,-0.2521623476541578,0.303,False,Not significant
S00679,Gulawa-Tudun,Village,W008,LGA01,7.217175,10.922914,120.0,Umyosa,Idi-Oro,150.0,777.0979050482841,0,0,,,,False,False,Accessible,False,0,,,,False,5,True,False,Plausible miss,0.0,1,0.7093283968014948,0.306,False,Not significant
S00219,Uztsija,Village,W002,LGA01,7.097185,10.772972,175.0,Ekduru,Idi-Oro,80.21639308856676,200.5409827214169,0,0,,,,False,False,Accessible,False,120,175.0,1.0,T02,True,5,True,False,Tally-only (no GPS confirmation),0.6857142857142857,0,0.7093283968014948,0.323,False,Not significant
S02251,Ekdeta,Settlement,W035,LGA04,8.224388,11.007572,46.0,Dazata,Ilela,150.0,653.1490667770994,0,0,,,,False,False,Accessible,False,47,46.0,1.0,T03,True,5,True,True,Tally-only (no GPS confirmation),1.0217391304347827,0,-1.2136530921098103,0.001,True,Cold spot (well-covered cluster)
S01394,Waduwo,Hamlet,W019,LGA04,7.591493,11.018727,18.0,Umzaba-Kofar,Ilela,142.57510279372903,356.43775698432256,26,1,T19,2026-03-10 07:24:00,2026-03-10 07:49:00,False,True,Accessible,False,14,18.0,1.0,T19,True,5,True,False,Visited (track-confirmed),0.7777777777777778,0,-0.2521623476541578,0.305,False,Not significant
S01597,Agshashi,Settlement,W023,LGA03,7.866739,11.131903,30.0,Suwade,Katsuma,150.0,2694.056136406061,6,1,T01,2026-03-12 11:25:00,2026-03-12 11:30:00,False,True,Accessible,False,0,,,,False,5,True,False,Visited (track-confirmed),0.0,0,-0.2521623476541578,0.305,False,Not significant
S01785,Baluko,Village,W027,LGA03,7.915028,11.477601,14.0,Daberi,Katsuma,71.78364295783904,179.45910739459757,27,1,T27,2026-03-09 07:29:00,2026-03-13 15:00:00,False,True,Accessible,False,9,14.0,1.0,T27,True,5,True,False,Visited (track-confirmed),0.6428571428571429,0,-1.2136530921098103,0.001,True,Cold spot (well-covered cluster)
S00499,Ibngodu,Village,W006,LGA01,7.191698,11.367788,220.0,Okradu,Idi-Oro,150.0,1784.7047680629755,0,0,,,,False,False,Accessible,False,148,220.0,1.0,T06,True,5,True,False,Tally-only (no GPS confirmation),0.6727272727272727,0,1.6708191412571471,0.104,False,Not significant
S02239,Bilule,Village,W035,LGA04,8.254148,11.102379,56.0,Dazata,Ilela,150.0,1124.627921199253,0,0,,,,False,False,Accessible,False,49,56.0,1.0,T03,True,5,True,True,Tally-only (no GPS confirmation),0.875,0,-1.2136530921098103,0.001,True,Cold spot (well-covered cluster)
S01946,Halumi,Settlement,W030,LGA04,7.904647,10.637953,26.0,Yeride,Ilela,150.0,609.8928673863793,27,1,T30,2026-03-12 11:11:00,2026-03-12 11:40:00,False,True,Accessible,False,25,26.0,1.0,T30,True,5,True,False,Visited (track-confirmed),0.9615384615384616,0,-1.2136530921098103,0.001,True,Cold spot (well-covered cluster)
S00376,Yerita,Hamlet,W005,LGA02,7.338132,10.775844,25.0,Jijile,Gwarin,150.0,935.1961584915327,0,0,,,,False,False,Accessible,False,14,25.0,1.0,T05,True,5,True,False,Tally-only (no GPS confirmation),0.56,0,-0.2521623476541578,0.305,False,Not significant
S01193,Uzwashi,Village,W015,LGA01,7.516693,11.248817,132.0,Baluru,Idi-Oro,149.37523820354616,373.4380955088654,0,0,,,,False,False,Accessible,False,107,132.0,1.0,T15,True,5,True,False,Tally-only (no GPS confirmation),0.8106060606060606,0,-0.2521623476541578,0.305,False,Not significant
S00070,Gungoshi,Settlement,W001,LGA01,7.207757,11.128798,49.0,Ekngoyi,Idi-Oro,150.0,1013.3768989239486,0,0,,,,False,False,Accessible,False,31,49.0,1.0,T01,True,5,True,False,Tally-only (no GPS confirmation),0.6326530612244898,0,-0.2521623476541578,0.305,False,Not significant
S02108,Nulale,Village,W033,LGA03,7.960303,11.139215,75.0,Tasayi,Katsuma,130.78632523918017,326.96581309795044,0,0,,,,False,False,Accessible,False,0,,,,False,5,True,False,Plausible miss,0.0,1,0.7093283968014948,0.306,False,Not significant
S00269,Dolata-Kofar,Village,W003,LGA01,7.458337,11.059705,168.0,Satita,Idi-Oro,150.0,1264.3503620468446,0,0,,,,False,False,Accessible,False,112,168.0,1.0,T03,True,5,True,False,Tally-only (no GPS confirmation),0.6666666666666666,0,0.7093283968014948,0.322,False,Not significant
S01222,Lodeshi,Village,W015,LGA01,7.501014,11.240533,67.0,Baluru,Idi-Oro,150.0,1015.453180283214,29,1,T15,2026-03-10 13:33:00,2026-03-10 14:01:00,False,True,Accessible,False,69,67.0,1.0,T15,True,5,True,False,Visited (track-confirmed),1.0298507462686568,0,-0.2521623476541578,0.304,False,Not significant
S01398,Irbetu-Tsakiya,Village,W019,LGA04,7.61991,11.00405,53.0,Umzaba-Kofar,Ilela,150.0,1104.9493355822053,4,1,T19,2026-03-09 15:42:00,2026-03-09 15:45:00,False,True,Accessible,False,36,53.0,1.0,T19,True,5,True,False,Visited (track-confirmed),0.6792452830188679,0,-1.2136530921098103,0.001,True,Cold spot (well-covered cluster)
S01802,Tajisa-Tsakiya,Hamlet,W028,LGA04,7.996274,10.754299,14.0,Wangoja,Ilela,150.0,663.4305300332109,0,0,,,,False,False,Accessible,False,0,,,,False,5,True,False,Plausible miss,0.0,1,0.7093283968014948,0.307,False,Not significant
S02157,Falako,Hamlet,W033,LGA03,7.992976,11.15383,21.0,Tasayi,Katsuma,108.83402186746758,272.08505466866893,30,1,T01,2026-03-12 07:27:00,2026-03-12 07:56:00,False,True,Accessible,False,21,21.0,1.0,T01,True,5,True,False,Visited (track-confirmed),1.0,0,-1.2136530921098103,0.001,True,Cold spot (well-covered cluster)
S00473,Waduru,Hamlet,W006,LGA01,7.248337,11.218998,72.0,Okradu,Idi-Oro,150.0,668.7510349338963,0,0,,,,False,False,Accessible,False,71,72.0,1.0,T06,True,5,True,False,Tally-only (no GPS confirmation),0.9861111111111112,0,-0.2521623476541578,0.306,False,Not significant
S01793,Jirafa,Village,W028,LGA04,7.860307,10.872836,105.0,Wangoja,Ilela,150.0,848.9644683975532,33,1,T28,2026-03-12 11:44:00,2026-03-12 12:16:00,False,True,Accessible,False,65,105.0,1.0,T28,True,5,True,False,Visited (track-confirmed),0.6190476190476191,0,-0.2521623476541578,0.306,False,Not significant
S01765,Okshawo,Village,W027,LGA03,7.910087,11.498205,89.0,Daberi,Katsuma,92.24588242540551,230.61470606351378,112,1,T27,2026-03-12 15:33:00,2026-03-12 17:24:00,False,True,Accessible,False,65,89.0,1.0,T27,True,5,True,False,Visited (track-confirmed),0.7303370786516854,0,-1.2136530921098103,0.001,True,Cold spot (well-covered cluster)
S01777,Zashaba,Hamlet,W027,LGA03,7.928873,11.466221,24.0,Daberi,Katsuma,150.0,530.2902870577376,27,1,T27,2026-03-13 10:18:00,2026-03-13 10:44:00,False,True,Accessible,False,22,24.0,1.0,T27,True,5,True,False,Visited (track-confirmed),0.9166666666666666,0,1.6708191412571471,0.103,False,Not significant
S00421,Zadele-Gabas,Village,W006,LGA01,7.240745,11.173339,232.0,Okradu,Idi-Oro,150.0,1048.0480306880345,0,0,,,,False,False,Accessible,False,173,232.0,1.0,T06,True,5,True,False,Tally-only (no GPS confirmation),0.7456896551724138,0,-0.2521623476541578,0.306,False,Not significant
S00522,Losale,Village,W006,LGA01,7.26578,11.151469,201.0,Okradu,Idi-Oro,150.0,784.1437285070556,0,0,,,,False,False,Accessible,False,0,,,,False,5,True,False,Plausible miss,0.0,1,-0.2521623476541578,0.001,True,Cold spot (well-covered cluster)
S00323,Kulale,Village,W003,LGA01,7.372969,11.122507,85.0,Satita,Idi-Oro,150.0,1025.1002356472593,0,0,,,,False,False,Accessible,False,0,,,,False,5,True,False,Plausible miss,0.0,1,0.7093283968014948,0.306,False,Not significant
S00545,Sabemi-Sabo,Village,W007,LGA01,7.458331,11.199185,160.0,Bayoyi,Idi-Oro,150.0,481.7869812717755,8,1,T07,2026-03-11 09:31:00,2026-03-11 10:30:00,False,True,Accessible,False,152,160.0,1.0,T07,True,5,True,False,Visited (track-confirmed),0.95,0,0.7093283968014948,0.323,False,Not significant
S02241,Fariwo,Settlement,W035,LGA04,8.161594,11.078043,15.0,Dazata,Ilela,150.0,5960.672382000636,0,0,,,,False,False,Accessible,False,14,15.0,1.0,T03,True,5,True,True,Tally-only (no GPS confirmation),0.9333333333333333,0,-1.2136530921098103,0.001,True,Cold spot (well-covered cluster)
S00257,Uzyori,Urban block,W003,LGA01,7.217871,10.957419,403.0,Satita,Idi-Oro,150.0,1397.8901207599938,0,0,,,,False,False,Accessible,False,0,,,,False,5,True,False,Plausible miss,0.0,1,0.7093283968014948,0.306,False,Not significant
S01779,Oltidu,Village,W027,LGA03,7.915413,11.463292,77.0,Daberi,Katsuma,114.97256171483903,287.43140428709756,26,1,T27,2026-03-10 08:33:00,2026-03-10 08:58:00,False,True,Accessible,False,51,77.0,1.0,T27,True,5,True,False,Visited (track-confirmed),0.6623376623376623,0,-0.2521623476541578,0.305,False,Not significant
S01492,Umdumi-Tudun,Hamlet,W020,LGA01,7.731632,11.189632,16.0,Famade,Idi-Oro,150.0,1656.0006455737564,30,1,T20,2026-03-11 15:41:00,2026-03-11 16:13:00,False,True,Accessible,False,16,16.0,1.0,T20,True,5,True,False,Visited (track-confirmed),1.0,0,-0.2521623476541578,0.305,False,Not significant
S02412,Fanale,Village,W038,LGA03,8.354472,11.397394,3.0,Sashasa,Katsuma,150.0,582.3325315911134,0,0,,,,False,False,Accessible,False,0,,,,False,5,True,False,Plausible miss,0.0,1,1.6708191412571471,0.323,False,Not significant
S01565,Adlutu,Village,W022,LGA03,8.004924,11.491318,133.0,Sudefa,Katsuma,150.0,3968.563247148564,118,1,T22,2026-03-09 12:52:00,2026-03-09 14:49:00,False,True,Accessible,False,77,133.0,1.0,T22,True,5,True,False,Visited (track-confirmed),0.5789473684210527,0,-0.2521623476541578,0.303,False,Not significant
S01820,Agyoja,Hamlet,W028,LGA04,7.899446,10.922209,17.0,Wangoja,Ilela,150.0,2461.9476988829824,28,1,T28,2026-03-09 17:55:00,2026-03-09 18:22:00,False,True,Accessible,False,17,17.0,1.0,T28,True,5,True,False,Visited (track-confirmed),1.0,0,-1.2136530921098103,0.001,True,Cold spot (well-covered cluster)
S01788,Irtitu,Settlement,W027,LGA03,7.906094,11.465339,24.0,Daberi,Katsuma,150.0,567.7209827557251,112,1,T27,2026-03-09 09:50:00,2026-03-13 11:17:00,False,True,Accessible,False,17,24.0,1.0,T27,True,5,True,False,Visited (track-confirmed),0.7083333333333334,0,-0.2521623476541578,0.303,False,Not significant
S01086,Umrina,Settlement,W014,LGA01,7.401871,11.445961,93.0,Bishama,Idi-Oro,150.0,448.0862748871331,36,1,T14,2026-03-13 07:42:00,2026-03-13 08:17:00,False,True,Accessible,False,96,93.0,1.0,T14,True,5,True,False,Visited (track-confirmed),1.032258064516129,0,-0.2521623476541578,0.303,False,Not significant
S01118,Riduma,Settlement,W015,LGA01,7.555519,11.30102,126.0,Baluru,Idi-Oro,91.78445946683327,229.46114866708317,19,1,T15,2026-03-10 07:34:00,2026-03-10 07:52:00,False,True,Accessible,False,110,126.0,1.0,T15,True,5,True,False,Visited (track-confirmed),0.873015873015873,0,-0.2521623476541578,0.303,False,Not significant
S00429,Sutsiri,Urban block,W006,LGA01,7.269783,11.235178,446.0,Okradu,Idi-Oro,150.0,404.4415712272177,0,0,,,,False,False,Accessible,False,422,446.0,1.0,T06,True,5,True,False,Tally-only (no GPS confirmation),0.9461883408071748,0,0.7093283968014948,0.323,False,Not significant
S00648,Yewafa,Settlement,W007,LGA01,7.454919,11.209213,17.0,Bayoyi,Idi-Oro,150.0,516.2993323983475,0,0,,,,False,False,Accessible,False,12,17.0,1.0,T07,True,5,True,False,Tally-only (no GPS confirmation),0.7058823529411765,0,0.7093283968014948,0.323,False,Not significant
S01097,Irjina-Kudu,Village,W015,LGA01,7.529422,11.230303,50.0,Baluru,Idi-Oro,150.0,1186.262220221084,2,1,T15,2026-03-11 10:27:00,2026-03-11 10:28:00,False,True,Accessible,False,40,50.0,1.0,T15,True,5,True,False,Visited (track-confirmed),0.8,0,-0.2521623476541578,0.303,False,Not significant
S01480,Hasale,Urban block,W020,LGA01,7.704134,11.163403,475.0,Famade,Idi-Oro,150.0,538.872098615036,2,1,T20,2026-03-10 17:00:00,2026-03-10 17:01:00,False,True,Accessible,False,342,475.0,1.0,T20,True,5,True,False,Visited (track-confirmed),0.72,0,-1.2136530921098103,0.001,True,Cold spot (well-covered cluster)
S00776,Biluwo-Yamma,Village,W008,LGA01,7.395232,10.958627,73.0,Umyosa,Idi-Oro,150.0,470.3097402284991,0,0,,,,False,False,Accessible,False,75,73.0,1.0,T08,True,5,True,False,Tally-only (no GPS confirmation),1.0273972602739727,0,1.6708191412571471,0.101,False,Not significant
S00461,Wasawa,Village,W006,LGA01,7.233932,11.216896,72.0,Okradu,Idi-Oro,50.0,122.70496111737032,0,0,,,,False,False,Accessible,False,53,72.0,1.0,T06,True,5,True,False,Tally-only (no GPS confirmation),0.7361111111111112,0,-0.2521623476541578,0.303,False,Not significant
S01591,Fangona,Village,W023,LGA03,7.853054,11.219853,39.0,Suwade,Katsuma,150.0,1598.12023648137,7,1,T23,2026-03-09 08:39:00,2026-03-10 10:14:00,False,True,Accessible,False,26,39.0,1.0,T23,True,5,True,False,Visited (track-confirmed),0.6666666666666666,0,-0.2521623476541578,0.303,False,Not significant
S00120,Hazatu,Urban block,W001,LGA01,7.063283,10.948909,357.0,Ekngoyi,Idi-Oro,150.0,1114.14529374876,0,0,,,,False,False,Accessible,False,316,357.0,1.0,T01,True,5,True,False,Tally-only (no GPS confirmation),0.8851540616246498,0,0.7093283968014948,0.323,False,Not significant
S00248,Suderu,Hamlet,W003,LGA01,7.242758,11.04221,86.0,Satita,Idi-Oro,138.66738049702099,346.66845124255246,35,1,T03,2026-03-12 07:36:00,2026-03-12 08:10:00,False,True,Accessible,False,74,86.0,1.0,T03,True,5,True,False,Visited (track-confirmed),0.8604651162790697,0,0.7093283968014948,0.323,False,Not significant
S00531,Yengomi,Hamlet,W006,LGA01,7.204985,11.269194,31.0,Okradu,Idi-Oro,150.0,962.0171936404093,0,0,,,,False,False,Accessible,False,0,,,,False,5,True,False,Plausible miss,0.0,1,0.7093283968014948,0.303,False,Not significant
D01765,Okshawo,Village,W027,LGA03,7.908414,11.49693,89.0,Daberi,Katsuma,92.24588242540551,230.61470606351378,3,1,T27,2026-03-12 15:29:00,2026-03-12 15:31:00,False,True,Accessible,False,0,,,,False,5,True,False,Visited (track-confirmed),0.0,0,-1.2136530921098103,0.001,True,Cold spot (well-covered cluster)
S01574,Tawasa,Urban block,W022,LGA03,8.178306,11.450793,146.0,Sudefa,Katsuma,150.0,928.0811128230116,137,1,T22,2026-03-12 07:54:00,2026-03-13 13:42:00,False,True,Accessible,False,81,146.0,1.0,T22,True,5,True,False,Visited (track-confirmed),0.5547945205479452,0,-0.2521623476541578,0.303,False,Not significant
S00188,Jidedu,Urban block,W002,LGA01,7.228167,10.771228,860.0,Ekduru,Idi-Oro,150.0,613.3812307899939,0,0,,,,False,False,Accessible,False,890,860.0,1.0,T02,True,5,True,False,Tally-only (no GPS confirmation),1.0348837209302326,0,-1.2136530921098103,0.001,True,Cold spot (well-covered cluster)
S02272,Bishata,Hamlet,W035,LGA04,8.255241,11.041272,45.0,Dazata,Ilela,150.0,2244.1475412936315,0,0,,,,False,False,Accessible,False,45,45.0,1.0,T03,True,5,True,True,Tally-only (no GPS confirmation),1.0,0,-1.2136530921098103,0.001,True,Cold spot (well-covered cluster)
S00547,Sasharu,Village,W007,LGA01,7.46493,11.210322,96.0,Bayoyi,Idi-Oro,50.0,71.2115998304883,0,0,,,,False,False,Accessible,True,53,96.0,1.0,T07,True,5,True,False,Tally-only (no GPS confirmation),0.5520833333333334,0,-0.2521623476541578,0.303,False,Not significant
S00715,Umnaja,Village,W008,LGA01,7.407274,10.908007,75.0,Umyosa,Idi-Oro,150.0,546.1413136698196,0,0,,,,False,False,Accessible,False,76,75.0,1.0,T08,True,5,True,False,Tally-only (no GPS confirmation),1.0133333333333334,0,-1.2136530921098103,0.001,True,Cold spot (well-covered cluster)
S01245,Nuwashi,Village,W016,LGA02,7.65701,10.484698,71.0,Uzritu,Gwarin,96.53160378642421,241.3290094660605,119,1,T16,2026-03-11 14:11:00,2026-03-11 16:09:00,False,True,Accessible,False,67,71.0,1.0,T16,True,5,True,False,Visited (track-confirmed),0.9436619718309859,0,-1.2136530921098103,0.001,True,Cold spot (well-covered cluster)
S01687,Agriko,Village,W025,LGA04,7.811452,11.116958,79.0,Okriba,Ilela,150.0,741.343262680375,0,0,,,,False,False,Accessible,False,0,,,,False,5,True,False,Plausible miss,0.0,1,-0.2521623476541578,0.001,True,Cold spot (well-covered cluster)
S02141,Umlari,Village,W033,LGA03,7.958567,11.161112,40.0,Tasayi,Katsuma,150.0,1421.7061028440667,0,0,,,,False,False,Accessible,False,0,,,,False,5,True,False,Plausible miss,0.0,1,1.6708191412571471,0.324,False,Not significant
S01251,Lotsimi,Village,W016,LGA02,7.642625,10.486862,54.0,Uzritu,Gwarin,150.0,676.51834934968,0,0,,,,False,False,Accessible,False,42,54.0,1.0,T16,True,5,True,False,Tally-only (no GPS confirmation),0.7777777777777778,0,-1.2136530921098103,0.001,True,Cold spot (well-covered cluster)
S00556,Dashawa,Urban block,W007,LGA01,7.359947,11.213419,401.0,Bayoyi,Idi-Oro,150.0,872.2337033426876,32,1,T07,2026-03-12 10:11:00,2026-03-12 10:45:00,False,True,Accessible,False,424,401.0,1.0,T07,True,5,True,False,Visited (track-confirmed),1.057356608478803,0,-0.2521623476541578,0.304,False,Not significant
S00515,Yeduri,Urban block,W006,LGA01,7.194654,11.265568,288.0,Okradu,Idi-Oro,150.0,484.77179437638915,0,0,,,,False,False,Accessible,False,205,288.0,1.0,T06,True,5,True,False,Tally-only (no GPS confirmation),0.7118055555555556,0,0.7093283968014948,0.324,False,Not significant
D01536,Irraba,Village,W021,LGA02,7.826894,10.623987,20.0,Yezata,Gwarin,115.76375331293593,289.40938328233983,0,0,,,,False,False,Accessible,False,0,,,,False,5,True,False,Plausible miss,0.0,1,0.7093283968014948,0.304,False,Not significant
S02232,Suyoko-Tudun,Hamlet,W035,LGA04,8.163913,11.010225,20.0,Dazata,Ilela,150.0,3936.902636097041,0,0,,,,False,False,Accessible,False,18,20.0,1.0,T03,True,5,True,True,Tally-only (no GPS confirmation),0.9,0,-1.2136530921098103,0.001,True,Cold spot (well-covered cluster)
S00122,Zajija,Village,W002,LGA01,7.192763,10.730917,26.0,Ekduru,Idi-Oro,150.0,2960.984479152735,0,0,,,,False,False,Accessible,False,0,,,,False,5,True,False,Plausible miss,0.0,1,-0.2521623476541578,0.001,True,Cold spot (well-covered cluster)
S02175,Irdutu-Kofar,Settlement,W034,LGA03,8.27521,11.184652,48.0,Dodeta,Katsuma,150.0,1008.3211287575717,0,0,,,,False,False,Accessible,False,48,48.0,1.0,T02,True,5,True,False,Tally-only (no GPS confirmation),1.0,0,-0.2521623476541578,0.303,False,Not significant
D01994,Agbaba,Hamlet,W031,LGA03,7.96786,11.348587,43.0,Satide,Katsuma,150.0,642.1857891769648,3,1,T31,2026-03-09 15:36:00,2026-03-09 15:38:00,False,True,Accessible,False,0,,,,False,5,True,False,Visited (track-confirmed),0.0,0,-1.2136530921098103,0.001,True,Cold spot (well-covered cluster)
S01113,Uzdeko,Hamlet,W015,LGA01,7.698114,11.273261,47.0,Baluru,Idi-Oro,113.99225732835949,284.9806433208987,0,0,,,,False,False,Accessible,False,48,47.0,1.0,T15,True,5,True,False,Tally-only (no GPS confirmation),1.0212765957446808,0,0.7093283968014948,0.318,False,Not significant
S02294,Irjimi,Hamlet,W036,LGA04,8.115757,10.757132,7.0,Mawako,Ilela,150.0,1112.5445756197046,0,0,,,,False,False,Accessible,False,0,,,,False,5,True,False,Plausible miss,0.0,1,0.7093283968014948,0.304,False,Not significant
S02473,Adride-Tudun,Hamlet,W040,LGA04,8.401016,11.202739,6.0,Gujiri,Ilela,76.19502665036764,190.48756662591907,0,0,,,,False,False,Accessible,False,6,6.0,1.0,T08,True,5,True,False,Tally-only (no GPS confirmation),1.0,0,1.6708191412571471,0.099,False,Not significant
S02428,Kudumi-Kofar,Village,W039,LGA04,8.308298,10.906955,174.0,Nungoni-Arewa,Ilela,150.0,839.976493866105,0,0,,,,False,False,Accessible,False,176,174.0,1.0,T07,True,5,True,True,Tally-only (no GPS confirmation),1.0114942528735633,0,-1.2136530921098103,0.001,True,Cold spot (well-covered cluster)
S01965,Umjiru,Hamlet,W030,LGA04,7.899882,10.645977,39.0,Yeride,Ilela,150.0,420.49914785225013,0,0,,,,False,False,Accessible,False,28,39.0,1.0,T30,True,5,True,False,Tally-only (no GPS confirmation),0.717948717948718,0,-1.2136530921098103,0.001,True,Cold spot (well-covered cluster)
S02271,Ekwatu-Sabo,Hamlet,W035,LGA04,8.232913,11.021104,28.0,Dazata,Ilela,83.31722745924469,208.2930686481117,0,0,,,,False,False,Accessible,False,22,28.0,1.0,T03,True,5,True,True,Tally-only (no GPS confirmation),0.7857142857142857,0,-1.2136530921098103,0.001,True,Cold spot (well-covered cluster)
S01900,Kabade,Hamlet,W029,LGA04,7.971942,11.05383,27.0,Wangoni,Ilela,150.0,619.3426665746107,38,1,T29,2026-03-10 16:04:00,2026-03-10 16:41:00,False,True,Accessible,False,16,27.0,1.0,T29,True,5,True,False,Visited (track-confirmed),0.5925925925925926,0,-0.2521623476541578,0.304,False,Not significant
S00434,Ennawa-Gabas,Hamlet,W006,LGA01,7.247759,11.400909,52.0,Okradu,Idi-Oro,150.0,2691.8567906943167,0,0,,,,False,False,Accessible,False,47,52.0,1.0,T06,True,5,True,False,Tally-only (no GPS confirmation),0.9038461538461539,0,0.7093283968014948,0.316,False,Not significant
S00275,Uzyosa-Kudu,Hamlet,W003,LGA01,7.198245,10.9876,12.0,Satita,Idi-Oro,150.0,1446.5004566605376,0,0,,,,False,False,Accessible,False,0,,,,False,5,True,False,Plausible miss,0.0,1,1.6708191412571471,0.312,False,Not significant
S00996,Zashayi,Hamlet,W013,LGA02,7.488105,10.665165,15.0,Sashako,Gwarin,150.0,1054.1056189050287,20,1,T13,2026-03-11 12:45:00,2026-03-11 13:04:00,False,True,Accessible,False,12,15.0,1.0,T13,True,5,True,False,Visited (track-confirmed),0.8,0,0.7093283968014948,0.315,False,Not significant
S02261,Ekmani,Village,W035,LGA04,8.290395,10.939619,43.0,Dazata,Ilela,150.0,531.7391965461848,0,0,,,,False,False,Accessible,False,33,43.0,1.0,T03,True,5,True,True,Tally-only (no GPS confirmation),0.7674418604651163,0,-1.2136530921098103,0.001,True,Cold spot (well-covered cluster)
S01767,Eklafa,Village,W027,LGA03,7.944277,11.469164,104.0,Daberi,Katsuma,150.0,1711.5939837072367,0,0,,,,False,False,Accessible,False,85,104.0,1.0,T27,True,5,True,False,Tally-only (no GPS confirmation),0.8173076923076923,0,0.7093283968014948,0.315,False,Not significant
S02480,Rikodu,Village,W040,LGA04,8.306534,11.197033,111.0,Gujiri,Ilela,150.0,477.0842295813458,24,1,T08,2026-03-10 07:32:00,2026-03-10 07:55:00,False,True,Accessible,False,81,111.0,1.0,T08,True,5,True,False,Visited (track-confirmed),0.7297297297297297,0,-0.2521623476541578,0.304,False,Not significant
S00815,Umshade-Yamma,Hamlet,W009,LGA02,7.494485,11.018864,34.0,Washatu,Gwarin,150.0,756.3065599696895,25,1,T09,2026-03-10 13:11:00,2026-03-11 13:48:00,False,True,Accessible,False,35,34.0,1.0,T09,True,5,True,False,Visited (track-confirmed),1.0294117647058822,0,-1.2136530921098103,0.001,True,Cold spot (well-covered cluster)
S01059,Irwata,Settlement,W014,LGA01,7.442363,11.435086,69.0,Bishama,Idi-Oro,150.0,2011.5349293583201,0,0,,,,False,False,Accessible,False,68,69.0,1.0,T14,True,5,True,False,Tally-only (no GPS confirmation),0.9855072463768116,0,1.6708191412571471,0.099,False,Not significant
S01552,Agsawo,Hamlet,W021,LGA02,7.886786,10.554967,8.0,Yezata,Gwarin,150.0,608.6419391982886,14,1,T21,2026-03-10 14:36:00,2026-03-10 14:49:00,False,True,Accessible,False,5,8.0,1.0,T21,True,5,True,False,Visited (track-confirmed),0.625,0,-0.2521623476541578,0.304,False,Not significant
S00025,Wamade,Village,W001,LGA01,7.042614,10.953771,121.0,Ekngoyi,Idi-Oro,135.70231167278334,339.2557791819583,0,0,,,,False,False,Accessible,False,73,121.0,1.0,T01,True,5,True,False,Tally-only (no GPS confirmation),0.6033057851239669,0,0.7093283968014948,0.315,False,Not significant
S01660,Doduta,Village,W024,LGA04,7.776431,10.730748,83.0,Kuraba-Kofar,Ilela,150.0,1669.4252584211781,30,1,T24,2026-03-11 10:24:00,2026-03-11 10:53:00,False,True,Accessible,False,84,83.0,1.0,T24,True,5,True,False,Visited (track-confirmed),1.0120481927710843,0,-1.2136530921098103,0.001,True,Cold spot (well-covered cluster)
S02210,Loratu-Arewa,Village,W034,LGA03,8.252115,11.210791,71.0,Dodeta,Katsuma,150.0,795.8269063582799,0,0,,,,False,False,Accessible,False,57,71.0,1.0,T02,True,5,True,False,Tally-only (no GPS confirmation),0.8028169014084507,0,-1.2136530921098103,0.001,True,Cold spot (well-covered cluster)
S01307,Lotina-Tudun,Village,W017,LGA03,7.556035,11.417301,49.0,Bazasa,Katsuma,148.19649912608944,370.4912478152236,30,1,T17,2026-03-09 09:00:00,2026-03-09 15:44:00,False,True,Accessible,False,35,49.0,1.0,T17,True,5,True,False,Visited (track-confirmed),0.7142857142857143,0,-1.2136530921098103,0.001,True,Cold spot (well-covered cluster)
S02314,Nutsifa-Gabas,Hamlet,W037,LGA03,8.240758,11.462606,26.0,Longoma,Katsuma,149.70143999740745,374.2535999935186,0,0,,,,False,False,Accessible,False,0,,,,False,5,True,False,Plausible miss,0.0,1,1.6708191412571471,0.313,False,Not significant
S01066,Zabeba-Kudu,Hamlet,W014,LGA01,7.494997,11.489533,72.0,Bishama,Idi-Oro,150.0,737.6956355468184,19,1,T14,2026-03-10 17:25:00,2026-03-10 17:43:00,False,True,Accessible,False,61,72.0,1.0,T14,True,5,True,False,Visited (track-confirmed),0.8472222222222222,0,-0.2521623476541578,0.302,False,Not significant
S01528,Kujija,Village,W021,LGA02,7.86937,10.511849,37.0,Yezata,Gwarin,150.0,479.34534917042294,32,1,T21,2026-03-09 12:24:00,2026-03-11 12:12:00,False,True,Accessible,False,25,37.0,1.0,T21,True,5,True,False,Visited (track-confirmed),0.6756756756756757,0,-1.2136530921098103,0.001,True,Cold spot (well-covered cluster)
S00261,Guwani-Kofar,Urban block,W003,LGA01,7.214988,11.029589,945.0,Satita,Idi-Oro,150.0,931.2012533958068,0,0,,,,False,False,Accessible,False,704,945.0,1.0,T03,True,5,True,False,Tally-only (no GPS confirmation),0.744973544973545,0,1.6708191412571471,0.098,False,Not significant
S02114,Dorasa,Village,W033,LGA03,7.963988,11.137369,52.0,Tasayi,Katsuma,150.0,451.2572188915406,0,0,,,,False,False,Accessible,False,44,52.0,1.0,T01,True,5,True,False,Tally-only (no GPS confirmation),0.8461538461538461,0,-0.2521623476541578,0.302,False,Not significant
S01005,Eksani,Urban block,W014,LGA01,7.502679,11.547379,479.0,Bishama,Idi-Oro,150.0,1356.9175504314983,0,0,,,,False,False,Accessible,False,0,,,,False,5,True,False,Plausible miss,0.0,1,-0.2521623476541578,0.001,True,Cold spot (well-covered cluster)
S01292,Irduma-Gabas,Hamlet,W017,LGA03,7.583243,11.567145,19.0,Bazasa,Katsuma,150.0,3405.9430376132564,0,0,,,,False,False,Accessible,False,0,,,,False,5,True,False,Plausible miss,0.0,1,2.6323098857128,0.097,False,Not significant
S00474,Gutina-Tsakiya,Hamlet,W006,LGA01,7.283317,11.244857,21.0,Okradu,Idi-Oro,106.91060720557823,267.2765180139456,0,0,,,,False,False,Accessible,False,17,21.0,1.0,T06,True,5,True,False,Tally-only (no GPS confirmation),0.8095238095238095,0,0.7093283968014948,0.314,False,Not significant
S00196,Zakotu-Tsakiya,Hamlet,W002,LGA01,7.16566,10.810034,19.0,Ekduru,Idi-Oro,150.0,626.3712521378603,0,0,,,,False,False,Accessible,False,0,,,,False,5,True,False,Plausible miss,0.0,1,1.6708191412571471,0.313,False,Not significant
S00386,Yezatu,Hamlet,W005,LGA02,7.388505,10.719992,10.0,Jijile,Gwarin,139.38467175270034,348.46167938175086,3,1,T05,2026-03-10 08:03:00,2026-03-10 08:05:00,False,True,Accessible,False,0,,,,False,5,True,False,Visited (track-confirmed),0.0,0,-0.2521623476541578,0.303,False,Not significant
S00506,Surashi-Kudu,Urban block,W006,LGA01,7.191035,11.26303,223.0,Okradu,Idi-Oro,150.0,484.77179437638915,0,0,,,,False,False,Accessible,False,0,,,,False,5,True,False,Plausible miss,0.0,1,0.7093283968014948,0.306,False,Not significant
S02077,Adyoko-Sabo,Village,W032,LGA04,8.083206,10.850233,43.0,Bisani-Gabas,Ilela,150.0,775.9462035340432,40,1,T32,2026-03-10 14:27:00,2026-03-12 15:35:00,False,True,Accessible,False,34,43.0,1.0,T32,True,5,True,False,Visited (track-confirmed),0.7906976744186046,0,-0.2521623476541578,0.306,False,Not significant
S02461,Agyoshi,Settlement,W039,LGA04,8.26029,10.868584,35.0,Nungoni-Arewa,Ilela,150.0,1495.4904775695775,0,0,,,,False,False,Accessible,False,34,35.0,1.0,T07,True,5,True,True,Tally-only (no GPS confirmation),0.9714285714285714,0,-1.2136530921098103,0.001,True,Cold spot (well-covered cluster)
S01163,Bishale,Village,W015,LGA01,7.518248,11.244011,271.0,Baluru,Idi-Oro,77.86607472466622,194.66518681166554,0,0,,,,False,False,Accessible,False,262,271.0,1.0,T15,True,5,True,False,Tally-only (no GPS confirmation),0.966789667896679,0,-1.2136530921098103,0.001,True,Cold spot (well-covered cluster)
S00865,Tashade-Gabas,Urban block,W010,LGA02,7.422466,10.879757,284.0,Fazafa,Gwarin,91.96724266279912,229.9181066569978,32,1,T10,2026-03-09 07:14:00,2026-03-12 07:46:00,False,True,Accessible,False,293,284.0,1.0,T10,True,5,True,False,Visited (track-confirmed),1.0316901408450705,0,-0.2521623476541578,0.306,False,Not significant
S01356,Risawa-Gabas,Village,W018,LGA02,7.62464,10.628587,29.0,Adwana,Gwarin,62.216739547786496,155.54184886946624,0,0,,,,False,False,Accessible,False,27,29.0,1.0,T18,True,5,True,False,Tally-only (no GPS confirmation),0.9310344827586207,0,-1.2136530921098103,0.001,True,Cold spot (well-covered cluster)
S01518,Ekshadu,Village,W021,LGA02,7.856954,10.569812,42.0,Yezata,Gwarin,150.0,1175.2636383906204,4,1,T21,2026-03-10 15:32:00,2026-03-10 15:35:00,False,True,Accessible,False,23,42.0,1.0,T21,True,5,True,False,Visited (track-confirmed),0.5476190476190477,0,-0.2521623476541578,0.306,False,Not significant
S01367,Doluko,Village,W018,LGA02,7.6062,10.61249,43.0,Adwana,Gwarin,146.64538035002792,366.61345087506976,22,1,T18,2026-03-09 12:36:00,2026-03-09 12:57:00,False,True,Accessible,False,41,43.0,1.0,T18,True,5,True,False,Visited (track-confirmed),0.9534883720930233,0,-1.2136530921098103,0.001,True,Cold spot (well-covered cluster)
S02388,Jitsija,Hamlet,W038,LGA03,8.318298,11.43657,19.0,Sashasa,Katsuma,105.29408174765022,263.23520436912554,0,0,,,,False,False,Accessible,False,17,19.0,1.0,T06,True,5,True,False,Tally-only (no GPS confirmation),0.8947368421052632,0,-1.2136530921098103,0.001,True,Cold spot (well-covered cluster)
S01999,Irbari,Settlement,W031,LGA03,8.011918,11.330813,16.0,Satide,Katsuma,150.0,815.5383548710165,30,1,T31,2026-03-12 08:17:00,2026-03-12 08:46:00,False,True,Accessible,False,14,16.0,1.0,T31,True,5,True,False,Visited (track-confirmed),0.875,0,-1.2136530921098103,0.001,True,Cold spot (well-covered cluster)
S00478,Okkona,Hamlet,W006,LGA01,7.23982,11.224862,65.0,Okradu,Idi-Oro,150.0,586.8954873510925,0,0,,,,False,False,Accessible,False,65,65.0,1.0,T06,True,5,True,False,Tally-only (no GPS confirmation),1.0,0,-1.2136530921098103,0.001,True,Cold spot (well-covered cluster)
S01046,Losami,Settlement,W014,LGA01,7.425126,11.442354,66.0,Bishama,Idi-Oro,150.0,1038.7191781698737,0,0,,,,False,False,Accessible,False,69,66.0,1.0,T14,True,5,True,False,Tally-only (no GPS confirmation),1.0454545454545454,0,-0.2521623476541578,0.306,False,Not significant
S01374,Bazaru,Hamlet,W019,LGA04,7.791125,10.947389,36.0,Umzaba-Kofar,Ilela,150.0,2677.3834370028767,0,0,,,,False,False,Accessible,False,36,36.0,1.0,T19,True,5,True,False,Tally-only (no GPS confirmation),1.0,0,1.6708191412571471,0.101,False,Not significant
S01979,Irluna,Village,W030,LGA04,7.93322,10.545773,194.0,Yeride,Ilela,150.0,2688.8170600268877,0,0,,,,False,False,Accessible,False,0,,,,False,5,True,False,Plausible miss,0.0,1,0.7093283968014948,0.307,False,Not significant
S00826,Ibyofa,Village,W010,LGA02,7.378752,10.823223,64.0,Fazafa,Gwarin,150.0,828.2777950420883,0,0,,,,False,False,Accessible,False,48,64.0,1.0,T10,True,5,True,False,Tally-only (no GPS confirmation),0.75,0,-0.2521623476541578,0.305,False,Not significant
S00112,Ibshade,Settlement,W001,LGA01,7.12708,11.039206,93.0,Ekngoyi,Idi-Oro,150.0,1735.2099439176943,5,1,T01,2026-03-13 13:17:00,2026-03-13 13:21:00,False,True,Accessible,False,91,93.0,1.0,T01,True,5,True,False,Visited (track-confirmed),0.978494623655914,0,-0.2521623476541578,0.305,False,Not significant
S02277,Kubade,Hamlet,W035,LGA04,8.113246,11.021197,11.0,Dazata,Ilela,150.0,2659.538620260882,0,0,,,,False,False,Accessible,False,7,11.0,1.0,T03,True,5,True,True,Tally-only (no GPS confirmation),0.6363636363636364,0,-0.2521623476541578,0.305,False,Not significant
S00744,Famatu,Village,W008,LGA01,7.426904,10.961768,192.0,Umyosa,Idi-Oro,150.0,560.2778989167484,0,0,,,,False,False,Accessible,False,167,192.0,1.0,T08,True,5,True,False,Tally-only (no GPS confirmation),0.8697916666666666,0,-1.2136530921098103,0.001,True,Cold spot (well-covered cluster)
S01138,Lobeyi-Arewa,Urban block,W015,LGA01,7.520249,11.197625,594.0,Baluru,Idi-Oro,150.0,579.3909060249067,5,1,T15,2026-03-11 08:04:00,2026-03-11 08:08:00,False,True,Accessible,False,490,594.0,1.0,T15,True,5,True,False,Visited (track-confirmed),0.8249158249158249,0,-0.2521623476541578,0.305,False,Not significant
S01050,Rishayi,Settlement,W014,LGA01,7.528965,11.541406,67.0,Bishama,Idi-Oro,150.0,1414.4764139367694,0,0,,,,False,False,Accessible,False,70,67.0,1.0,T14,True,5,True,False,Tally-only (no GPS confirmation),1.044776119402985,0,-0.2521623476541578,0.305,False,Not significant
S00828,Okzade,Village,W010,LGA02,7.434969,10.803039,59.0,Fazafa,Gwarin,150.0,376.7606370334893,22,1,T10,2026-03-10 14:50:00,2026-03-11 08:31:00,False,True,Accessible,False,41,59.0,1.0,T10,True,5,True,False,Visited (track-confirmed),0.6949152542372882,0,-1.2136530921098103,0.001,True,Cold spot (well-covered cluster)
S00392,Jidule,Hamlet,W005,LGA02,7.298727,10.751518,3.0,Jijile,Gwarin,150.0,1015.3420079528382,0,0,,,,False,False,Accessible,False,0,,,,False,5,True,False,Plausible miss,0.0,1,0.7093283968014948,0.309,False,Not significant
S00994,Gushatu,Village,W013,LGA02,7.480336,10.56305,56.0,Sashako,Gwarin,150.0,518.8190140592965,37,1,T13,2026-03-12 09:41:00,2026-03-12 10:17:00,False,True,Accessible,False,58,56.0,1.0,T13,True,5,True,False,Visited (track-confirmed),1.0357142857142858,0,-1.2136530921098103,0.001,True,Cold spot (well-covered cluster)
S01207,Admashi,Hamlet,W015,LGA01,7.673062,11.306388,63.0,Baluru,Idi-Oro,150.0,1130.965771129066,0,0,,,,False,False,Accessible,False,0,,,,False,5,True,False,Plausible miss,0.0,1,0.7093283968014948,0.308,False,Not significant
S00565,Irbata-Sabo,Hamlet,W007,LGA01,7.449944,11.239201,53.0,Bayoyi,Idi-Oro,150.0,1479.1635463414927,0,0,,,,False,False,Accessible,False,43,53.0,1.0,T07,True,5,True,False,Tally-only (no GPS confirmation),0.8113207547169812,0,1.6708191412571471,0.099,False,Not significant
S00591,Ensashi,Urban block,W007,LGA01,7.460757,11.202823,382.0,Bayoyi,Idi-Oro,150.0,481.7869812717755,9,1,T07,2026-03-09 16:10:00,2026-03-12 17:20:00,False,True,Accessible,False,301,382.0,1.0,T07,True,5,True,False,Visited (track-confirmed),0.7879581151832461,0,0.7093283968014948,0.307,False,Not significant
S01930,Eklutu,Hamlet,W030,LGA04,8.034663,10.585543,16.0,Yeride,Ilela,150.0,801.7216803731314,37,1,T30,2026-03-09 16:44:00,2026-03-13 14:13:00,False,True,Accessible,False,12,16.0,1.0,T30,True,5,True,False,Visited (track-confirmed),0.75,0,-0.2521623476541578,0.308,False,Not significant
S01670,Jiluna,Village,W024,LGA04,7.719991,10.627951,40.0,Kuraba-Kofar,Ilela,150.0,2870.1927091802213,29,1,T24,2026-03-13 14:31:00,2026-03-13 14:59:00,False,True,Accessible,False,42,40.0,1.0,T24,True,5,True,False,Visited (track-confirmed),1.05,0,-0.2521623476541578,0.308,False,Not significant
S00288,Ibtsija,Settlement,W003,LGA01,7.381911,11.072577,59.0,Satita,Idi-Oro,150.0,1002.3022745988617,22,1,T03,2026-03-10 07:13:00,2026-03-10 07:34:00,False,True,Accessible,False,56,59.0,1.0,T03,True,5,True,False,Visited (track-confirmed),0.9491525423728814,0,0.7093283968014948,0.307,False,Not significant
S01869,Bijija,Village,W029,LGA04,7.950247,11.083965,70.0,Wangoni,Ilela,126.8246175860039,317.0615439650097,29,1,T29,2026-03-10 13:18:00,2026-03-10 13:46:00,False,True,Accessible,False,48,70.0,1.0,T29,True,5,True,False,Visited (track-confirmed),0.6857142857142857,0,-1.2136530921098103,0.001,True,Cold spot (well-covered cluster)
S01688,Enkowa-Kudu,Settlement,W025,LGA04,7.748121,11.10551,9.0,Okriba,Ilela,150.0,422.64295864009136,33,1,T25,2026-03-09 17:40:00,2026-03-09 18:12:00,False,True,Accessible,False,0,,,,False,5,True,False,Visited (track-confirmed),0.0,0,-0.2521623476541578,0.308,False,Not significant
S01079,Salude,Hamlet,W014,LGA01,7.373852,11.453714,31.0,Bishama,Idi-Oro,110.5978389974665,276.4945974936662,0,0,,,,False,False,Accessible,False,28,31.0,1.0,T14,True,5,True,False,Tally-only (no GPS confirmation),0.9032258064516129,0,-1.2136530921098103,0.001,True,Cold spot (well-covered cluster)
S00405,Enmashi,Hamlet,W005,LGA02,7.366395,10.70447,20.0,Jijile,Gwarin,150.0,888.4986141736771,0,0,,,,False,False,Accessible,False,0,,,,False,5,True,False,Plausible miss,0.0,1,1.6708191412571471,0.307,False,Not significant
S00968,Sayoma,Hamlet,W013,LGA02,7.485012,10.535622,39.0,Sashako,Gwarin,150.0,388.1684868494432,2,1,T13,2026-03-10 18:30:00,2026-03-12 12:31:00,False,True,Accessible,False,36,39.0,1.0,T13,True,5,True,False,Visited (track-confirmed),0.9230769230769231,0,-1.2136530921098103,0.001,True,Cold spot (well-covered cluster)
S00065,Danasa,Hamlet,W001,LGA01,7.165333,11.164793,39.0,Ekngoyi,Idi-Oro,150.0,435.76639976600654,0,0,,,,False,False,Accessible,False,24,39.0,1.0,T01,True,5,True,False,Tally-only (no GPS confirmation),0.6153846153846154,0,0.7093283968014948,0.309,False,Not significant
S01986,Hayoshi,Village,W030,LGA04,7.97205,10.592382,90.0,Yeride,Ilela,150.0,2004.9876166641252,29,1,T30,2026-03-10 14:38:00,2026-03-10 15:06:00,False,True,Accessible,False,82,90.0,1.0,T30,True,5,True,False,Visited (track-confirmed),0.9111111111111111,0,0.7093283968014948,0.309,False,Not significant
S00929,Jikoko,Village,W012,LGA02,7.324705,10.497805,85.0,Darari,Gwarin,150.0,411.8386828361999,116,1,T12,2026-03-09 09:24:00,2026-03-09 11:22:00,False,True,Accessible,False,65,85.0,1.0,T12,True,5,True,False,Visited (track-confirmed),0.7647058823529411,0,-1.2136530921098103,0.001,True,Cold spot (well-covered cluster)
S01160,Eklawa,Village,W015,LGA01,7.514178,11.209277,167.0,Baluru,Idi-Oro,142.9816669178648,357.454167294662,0,0,,,,False,False,Accessible,False,102,167.0,1.0,T15,True,5,True,False,Tally-only (no GPS confirmation),0.6107784431137725,0,-0.2521623476541578,0.31,False,Not significant
S01010,Kangona,Village,W014,LGA01,7.375548,11.435793,68.0,Bishama,Idi-Oro,150.0,1281.194611892397,0,0,,,,False,False,Accessible,False,62,68.0,1.0,T14,True,5,True,False,Tally-only (no GPS confirmation),0.9117647058823529,0,-1.2136530921098103,0.001,True,Cold spot (well-covered cluster)
S01088,Adlata,Settlement,W014,LGA01,7.535537,11.560769,88.0,Bishama,Idi-Oro,150.0,793.0163033096194,0,0,,,,False,False,Accessible,False,93,88.0,1.0,T14,True,5,True,False,Tally-only (no GPS confirmation),1.0568181818181819,0,1.6708191412571471,0.099,False,Not significant
S01466,Olmata,Village,W020,LGA01,7.705961,11.158877,85.0,Famade,Idi-Oro,101.03726461117232,252.5931615279308,0,0,,,,False,False,Accessible,False,79,85.0,1.0,T20,True,5,True,False,Tally-only (no GPS confirmation),0.9294117647058824,0,-1.2136530921098103,0.001,True,Cold spot (well-covered cluster)
S02168,Olnaba,Settlement,W034,LGA03,8.245477,11.213765,41.0,Dodeta,Katsuma,150.0,592.6212852865148,0,0,,,,False,False,Accessible,False,42,41.0,1.0,T02,True,5,True,False,Tally-only (no GPS confirmation),1.024390243902439,0,-0.2521623476541578,0.31,False,Not significant
S01758,Ridudu,Hamlet,W027,LGA03,7.918996,11.475755,11.0,Daberi,Katsuma,150.0,382.73228257037573,32,1,T27,2026-03-09 08:04:00,2026-03-09 08:35:00,False,True,Accessible,False,8,11.0,1.0,T27,True,5,True,False,Visited (track-confirmed),0.7272727272727273,0,-0.2521623476541578,0.31,False,Not significant
S00048,Taduri,Village,W001,LGA01,7.038087,11.046953,126.0,Ekngoyi,Idi-Oro,150.0,1071.3463309972433,0,0,,,,False,False,Accessible,False,90,126.0,1.0,T01,True,5,True,False,Tally-only (no GPS confirmation),0.7142857142857143,0,-0.2521623476541578,0.31,False,Not significant
S00770,Olrari,Village,W008,LGA01,7.412826,10.930553,50.0,Umyosa,Idi-Oro,150.0,745.7405584058099,0,0,,,,False,False,Accessible,False,44,50.0,1.0,T08,True,5,True,False,Tally-only (no GPS confirmation),0.88,0,-0.2521623476541578,0.31,False,Not significant
S01966,Umluri-Sabo,Village,W030,LGA04,7.933529,10.739756,80.0,Yeride,Ilela,150.0,1443.1930758273436,0,0,,,,False,False,Accessible,False,60,80.0,1.0,T30,True,5,True,False,Tally-only (no GPS confirmation),0.75,0,-1.2136530921098103,0.001,True,Cold spot (well-covered cluster)
S02188,Agshama,Hamlet,W034,LGA03,8.277867,11.230221,15.0,Dodeta,Katsuma,150.0,690.5642586338997,0,0,,,,False,False,Accessible,False,15,15.0,1.0,T02,True,5,True,False,Tally-only (no GPS confirmation),1.0,0,-0.2521623476541578,0.31,False,Not significant
S00214,Suduru-Gabas,Hamlet,W002,LGA01,7.22263,10.754536,41.0,Ekduru,Idi-Oro,150.0,1173.0145509584863,0,0,,,,False,False,Accessible,False,41,41.0,1.0,T02,True,5,True,False,Tally-only (no GPS confirmation),1.0,0,-1.2136530921098103,0.001,True,Cold spot (well-covered cluster)
S00234,Karawa,Village,W003,LGA01,7.415467,11.101245,71.0,Satita,Idi-Oro,150.0,1371.9264824861573,0,0,,,,False,False,Accessible,False,44,71.0,1.0,T03,True,5,True,False,Tally-only (no GPS confirmation),0.6197183098591549,0,-0.2521623476541578,0.31,False,Not significant
S02395,Tabata,Village,W038,LGA03,8.383207,11.399925,113.0,Sashasa,Katsuma,150.0,2405.231404603847,0,0,,,,False,False,Accessible,False,110,113.0,1.0,T06,True,5,True,False,Tally-only (no GPS confirmation),0.9734513274336283,0,1.6708191412571471,0.099,False,Not significant
S00287,Donadu-Gabas,Hamlet,W003,LGA01,7.411746,11.07906,35.0,Satita,Idi-Oro,150.0,1572.5028150010971,34,1,T03,2026-03-09 07:25:00,2026-03-09 08:01:00,False,True,Accessible,False,19,35.0,1.0,T03,True,5,True,False,Visited (track-confirmed),0.5428571428571428,0,-0.2521623476541578,0.31,False,Not significant
S00018,Oltiko,Settlement,W001,LGA01,7.197939,11.099233,107.0,Ekngoyi,Idi-Oro,150.0,2279.607037518554,0,0,,,,False,False,Accessible,False,71,107.0,1.0,T01,True,5,True,False,Tally-only (no GPS confirmation),0.6635514018691588,0,1.6708191412571471,0.099,False,Not significant
S00061,Zawatu,Hamlet,W001,LGA01,7.033282,11.09712,12.0,Ekngoyi,Idi-Oro,150.0,1109.6838741416725,0,0,,,,False,False,Accessible,False,9,12.0,1.0,T01,True,5,True,False,Tally-only (no GPS confirmation),0.75,0,-0.2521623476541578,0.31,False,Not significant
S00344,Datsisa-Arewa,Hamlet,W004,LGA02,7.182022,10.68309,9.0,Yesawo,Gwarin,150.0,429.02901559244077,0,0,,,,False,False,Accessible,False,6,9.0,1.0,T04,True,5,True,False,Tally-only (no GPS confirmation),0.6666666666666666,0,-1.2136530921098103,0.001,True,Cold spot (well-covered cluster)
S02209,Losashi,Settlement,W034,LGA03,8.261323,11.180926,52.0,Dodeta,Katsuma,150.0,741.8475290599969,0,0,,,,False,False,Accessible,False,0,,,,False,5,True,False,Plausible miss,0.0,1,0.7093283968014948,0.313,False,Not significant
S01052,Enbatu,Village,W014,LGA01,7.357418,11.446742,56.0,Bishama,Idi-Oro,150.0,848.1342256490638,0,0,,,,False,False,Accessible,False,44,56.0,1.0,T14,True,5,True,False,Tally-only (no GPS confirmation),0.7857142857142857,0,-1.2136530921098103,0.001,True,Cold spot (well-covered cluster)
S01296,Sariwa,Village,W017,LGA03,7.526032,11.398969,75.0,Bazasa,Katsuma,108.06846151800326,270.17115379500814,24,1,T17,2026-03-11 07:39:00,2026-03-13 08:02:00,False,True,Accessible,False,62,75.0,1.0,T17,True,5,True,False,Visited (track-confirmed),0.8266666666666667,0,-1.2136530921098103,0.001,True,Cold spot (well-covered cluster)
S01089,Agzani,Urban block,W014,LGA01,7.389923,11.458221,319.0,Bishama,Idi-Oro,150.0,815.6779248647962,1,1,T14,2026-03-13 18:03:00,2026-03-13 18:03:00,False,True,Accessible,False,328,319.0,1.0,T14,True,5,True,False,Visited (track-confirmed),1.0282131661442007,0,-1.2136530921098103,0.001,True,Cold spot (well-covered cluster)
S00439,Hasawo,Hamlet,W006,LGA01,7.172469,11.31351,35.0,Okradu,Idi-Oro,150.0,462.4963920026281,0,0,,,,False,False,Accessible,False,26,35.0,1.0,T06,True,5,True,False,Tally-only (no GPS confirmation),0.7428571428571429,0,-0.2521623476541578,0.312,False,Not significant
S00145,Agyoyi-Tudun,Village,W002,LGA01,7.027702,10.892079,311.0,Ekduru,Idi-Oro,150.0,1225.5418850395602,0,0,,,,False,False,Accessible,False,277,311.0,1.0,T02,True,5,True,False,Tally-only (no GPS confirmation),0.8906752411575563,0,-0.2521623476541578,0.312,False,Not significant
S00416,Hakowo,Village,W006,LGA01,7.251078,11.144387,30.0,Okradu,Idi-Oro,150.0,608.0224540901474,0,0,,,,False,False,Accessible,False,19,30.0,1.0,T06,True,5,True,False,Tally-only (no GPS confirmation),0.6333333333333333,0,-0.2521623476541578,0.312,False,Not significant
S02486,Dakofa-Yamma,Village,W040,LGA04,8.293309,11.143606,73.0,Gujiri,Ilela,150.0,2525.8397098829746,0,0,,,,False,False,Accessible,False,41,73.0,1.0,T08,True,5,True,False,Tally-only (no GPS confirmation),0.5616438356164384,0,-1.2136530921098103,0.001,True,Cold spot (well-covered cluster)
S00489,Tangoma,Village,W006,LGA01,7.281102,11.319066,121.0,Okradu,Idi-Oro,150.0,846.9966672966112,0,0,,,,False,False,Accessible,False,75,121.0,1.0,T06,True,5,True,False,Tally-only (no GPS confirmation),0.6198347107438017,0,-0.2521623476541578,0.312,False,Not significant
S01290,Fariwo-Gabas,Hamlet,W017,LGA03,7.545013,11.394234,10.0,Bazasa,Katsuma,150.0,651.1074075528222,38,1,T17,2026-03-11 13:00:00,2026-03-12 09:42:00,False,True,Accessible,False,9,10.0,1.0,T17,True,5,True,False,Visited (track-confirmed),0.9,0,-0.2521623476541578,0.312,False,Not significant
S00039,Jideni,Village,W001,LGA01,7.164716,11.026716,45.0,Ekngoyi,Idi-Oro,150.0,1274.5526633725783,0,0,,,,False,False,Accessible,False,0,,,,False,5,True,False,Plausible miss,0.0,1,1.6708191412571471,0.304,False,Not significant
D01632,Numatu,Village,W023,LGA03,7.802595,11.257456,27.0,Suwade,Katsuma,150.0,521.7407117109867,0,0,,,,False,False,Accessible,False,0,,,,False,5,True,False,Plausible miss,0.0,1,4.555291374624105,0.003,True,Hot spot (missed-settlement cluster)
S00449,Zayoru,Village,W006,LGA01,7.281459,11.18571,168.0,Okradu,Idi-Oro,150.0,1194.8007881086726,0,0,,,,False,False,Accessible,False,102,168.0,1.0,T06,True,5,True,False,Tally-only (no GPS confirmation),0.6071428571428571,0,0.7093283968014948,0.307,False,Not significant
S00769,Kushata,Village,W008,LGA01,7.394149,10.962742,93.0,Umyosa,Idi-Oro,150.0,470.3097402284991,0,0,,,,False,False,Accessible,False,57,93.0,1.0,T08,True,5,True,False,Tally-only (no GPS confirmation),0.6129032258064516,0,1.6708191412571471,0.099,False,Not significant
S01434,Sudeja-Tsakiya,Urban block,W020,LGA01,7.728778,11.13206,330.0,Famade,Idi-Oro,50.0,121.21971405466114,25,1,T20,2026-03-12 11:00:00,2026-03-12 11:26:00,True,True,Accessible,False,336,330.0,1.0,T20,True,5,True,False,Visited (track-confirmed),1.018181818181818,0,-0.2521623476541578,0.312,False,Not significant
S02472,Uzmaja,Hamlet,W040,LGA04,8.326549,11.213529,14.0,Gujiri,Ilela,150.0,845.8827626123766,0,0,,,,False,False,Accessible,False,12,14.0,1.0,T08,True,5,True,False,Tally-only (no GPS confirmation),0.8571428571428571,0,-0.2521623476541578,0.312,False,Not significant
S01605,Dabale-Arewa,Hamlet,W023,LGA03,7.924359,11.19881,5.0,Suwade,Katsuma,63.31491788126996,158.2872947031749,0,0,,,,False,False,Accessible,False,3,5.0,1.0,T23,True,5,True,False,Tally-only (no GPS confirmation),0.6,0,-1.2136530921098103,0.001,True,Cold spot (well-covered cluster)
S01337,Iryoru,Village,W018,LGA02,7.628542,10.6127,65.0,Adwana,Gwarin,150.0,702.4561808144788,95,1,T18,2026-03-11 15:27:00,2026-03-11 17:01:00,False,True,Accessible,False,58,65.0,1.0,T18,True,5,True,False,Visited (track-confirmed),0.8923076923076924,0,-1.2136530921098103,0.001,True,Cold spot (well-covered cluster)
S01158,Bariyi,Hamlet,W015,LGA01,7.679236,11.28132,40.0,Baluru,Idi-Oro,117.37566846775749,293.4391711693937,0,0,,,,False,False,Accessible,False,0,,,,False,5,True,False,Plausible miss,0.0,1,2.6323098857128,0.098,False,Not significant
S01006,Donasa,Village,W014,LGA01,7.445152,11.486861,45.0,Bishama,Idi-Oro,150.0,519.8803629772676,0,0,,,,False,False,Accessible,False,38,45.0,1.0,T14,True,5,True,False,Tally-only (no GPS confirmation),0.8444444444444444,0,0.7093283968014948,0.306,False,Not significant
S00616,Bitsitu-Arewa,Hamlet,W007,LGA01,7.440525,11.258889,68.0,Bayoyi,Idi-Oro,150.0,1145.6974317054644,0,0,,,,False,False,Accessible,False,0,,,,False,5,True,False,Plausible miss,0.0,1,1.6708191412571471,0.303,False,Not significant
S00476,Yelaja,Settlement,W006,LGA01,7.228184,11.257199,129.0,Okradu,Idi-Oro,150.0,921.7841063263618,0,0,,,,False,False,Accessible,False,122,129.0,1.0,T06,True,5,True,False,Tally-only (no GPS confirmation),0.9457364341085271,0,2.6323098857128,0.027,False,Not significant
S02095,Umbena-Kofar,Village,W032,LGA04,8.088977,10.867634,9.0,Bisani-Gabas,Ilela,150.0,732.5363671553567,0,0,,,,False,False,Accessible,False,9,9.0,1.0,T32,True,5,True,False,Tally-only (no GPS confirmation),1.0,0,-1.2136530921098103,0.001,True,Cold spot (well-covered cluster)
S00108,Guludu,Village,W001,LGA01,7.124539,11.125157,78.0,Ekngoyi,Idi-Oro,150.0,4295.842317999971,0,0,,,,False,False,Accessible,False,56,78.0,1.0,T01,True,5,True,False,Tally-only (no GPS confirmation),0.717948717948718,0,0.7093283968014948,0.303,False,Not significant
S01561,Uzjide,Settlement,W022,LGA03,8.169835,11.450013,59.0,Sudefa,Katsuma,150.0,928.0811128230116,31,1,T22,2026-03-12 07:16:00,2026-03-12 07:46:00,False,True,Accessible,False,49,59.0,1.0,T22,True,5,True,False,Visited (track-confirmed),0.8305084745762712,0,-0.2521623476541578,0.308,False,Not significant
S02068,Nuraba-Yamma,Settlement,W032,LGA04,8.093215,10.894587,49.0,Bisani-Gabas,Ilela,144.1806967603565,360.45174190089125,130,1,T32,2026-03-09 15:59:00,2026-03-11 08:56:00,False,True,Accessible,False,35,49.0,1.0,T32,True,5,True,False,Visited (track-confirmed),0.7142857142857143,0,-1.2136530921098103,0.001,True,Cold spot (well-covered cluster)
S01521,Majija-Gabas,Hamlet,W021,LGA02,7.864724,10.537481,5.0,Yezata,Gwarin,150.0,794.2374750144112,34,1,T21,2026-03-11 10:28:00,2026-03-11 11:04:00,False,True,Accessible,False,5,5.0,1.0,T21,True,5,True,False,Visited (track-confirmed),1.0,0,0.7093283968014948,0.303,False,Not significant
S01912,Tasami,Settlement,W029,LGA04,7.911336,11.076212,27.0,Wangoni,Ilela,150.0,1609.8952732524672,0,0,,,,False,False,Accessible,False,16,27.0,1.0,T29,True,5,True,False,Tally-only (no GPS confirmation),0.5925925925925926,0,-1.2136530921098103,0.001,True,Cold spot (well-covered cluster)
S00874,Guderu,Village,W011,LGA02,7.744771,10.410851,119.0,Enyoko-Kofar,Gwarin,150.0,567.3992855138268,30,1,T11,2026-03-11 15:40:00,2026-03-11 16:09:00,False,True,Accessible,False,99,119.0,1.0,T11,True,5,True,False,Visited (track-confirmed),0.8319327731092437,0,-1.2136530921098103,0.001,True,Cold spot (well-covered cluster)
S00982,Okmaja,Settlement,W013,LGA02,7.516587,10.568737,38.0,Sashako,Gwarin,147.66956634529942,369.1739158632485,19,1,T13,2026-03-12 11:13:00,2026-03-12 11:31:00,False,True,Accessible,False,24,38.0,1.0,T13,True,5,True,False,Visited (track-confirmed),0.631578947368421,0,-1.2136530921098103,0.001,True,Cold spot (well-covered cluster)
S02262,Zalana,Village,W035,LGA04,8.272034,11.006939,34.0,Dazata,Ilela,150.0,890.1297177790625,0,0,,,,False,False,Accessible,False,19,34.0,1.0,T03,True,5,True,True,Tally-only (no GPS confirmation),0.5588235294117647,0,-1.2136530921098103,0.001,True,Cold spot (well-covered cluster)
S01867,Agwaja,Hamlet,W029,LGA04,7.948835,11.099454,25.0,Wangoni,Ilela,150.0,693.4638980283356,0,0,,,,False,False,Accessible,False,26,25.0,1.0,T29,True,5,True,False,Tally-only (no GPS confirmation),1.04,0,-1.2136530921098103,0.001,True,Cold spot (well-covered cluster)
S00230,Entile-Yamma,Village,W003,LGA01,7.441295,11.038178,52.0,Satita,Idi-Oro,115.14812170722973,287.87030426807434,37,1,T03,2026-03-11 12:38:00,2026-03-11 13:14:00,False,True,Accessible,False,53,52.0,1.0,T03,True,5,True,False,Visited (track-confirmed),1.0192307692307692,0,1.6708191412571471,0.097,False,Not significant
S01151,Zayole,Urban block,W015,LGA01,7.509834,11.191926,346.0,Baluru,Idi-Oro,91.47719536904793,228.6929884226198,0,0,,,,False,False,Accessible,False,210,346.0,1.0,T15,True,5,True,False,Tally-only (no GPS confirmation),0.6069364161849711,0,-1.2136530921098103,0.001,True,Cold spot (well-covered cluster)
S01814,Yezashi,Hamlet,W028,LGA04,7.979072,10.790237,17.0,Wangoja,Ilela,150.0,676.2908551641856,0,0,,,,False,False,Accessible,False,0,,,,False,5,True,False,Plausible miss,0.0,1,-0.2521623476541578,0.001,True,Cold spot (well-covered cluster)
S01873,Okluma-Tudun,Village,W029,LGA04,8.034917,11.043412,81.0,Wangoni,Ilela,150.0,2654.588282387279,0,0,,,,False,False,Accessible,False,81,81.0,1.0,T29,True,5,True,False,Tally-only (no GPS confirmation),1.0,0,-1.2136530921098103,0.001,True,Cold spot (well-covered cluster)
S01463,Hayole,Village,W020,LGA01,7.682647,11.155914,101.0,Famade,Idi-Oro,150.0,1271.1610981920176,2,1,T20,2026-03-09 14:05:00,2026-03-09 14:06:00,False,True,Accessible,False,0,,,,False,5,True,False,Visited (track-confirmed),0.0,0,-1.2136530921098103,0.001,True,Cold spot (well-covered cluster)
S00940,Kabafa-Yamma,Hamlet,W012,LGA02,7.332454,10.492404,45.0,Darari,Gwarin,150.0,626.8908192414074,21,1,T12,2026-03-13 09:26:00,2026-03-13 09:46:00,False,True,Accessible,False,28,45.0,1.0,T12,True,5,True,False,Visited (track-confirmed),0.6222222222222222,0,-1.2136530921098103,0.001,True,Cold spot (well-covered cluster)
S00315,Ibnari,Settlement,W003,LGA01,7.469964,11.021616,59.0,Satita,Idi-Oro,150.0,792.2955949509105,0,0,,,,False,False,Accessible,False,34,59.0,1.0,T03,True,5,True,False,Tally-only (no GPS confirmation),0.576271186440678,0,-0.2521623476541578,0.31,False,Not significant
S01410,Watsina,Hamlet,W019,LGA04,7.690375,10.865525,25.0,Umzaba-Kofar,Ilela,150.0,748.6133035462316,8,1,T19,2026-03-10 12:02:00,2026-03-10 14:07:00,False,True,Accessible,False,15,25.0,1.0,T19,True,5,True,False,Visited (track-confirmed),0.6,0,-1.2136530921098103,0.001,True,Cold spot (well-covered cluster)
S02099,Dozama,Village,W032,LGA04,8.163037,10.940193,40.0,Bisani-Gabas,Ilela,150.0,811.9659035944018,0,0,,,,False,False,Accessible,False,36,40.0,1.0,T32,True,5,True,False,Tally-only (no GPS confirmation),0.9,0,-0.2521623476541578,0.31,False,Not significant
S01380,Dalade,Urban block,W019,LGA04,7.596642,11.012734,180.0,Umzaba-Kofar,Ilela,120.51489729242985,301.2872432310746,1,1,T19,2026-03-10 07:59:00,2026-03-10 07:59:00,False,True,Accessible,False,155,180.0,1.0,T19,True,5,True,False,Visited (track-confirmed),0.8611111111111112,0,-1.2136530921098103,0.001,True,Cold spot (well-covered cluster)
S02284,Malaba,Village,W036,LGA04,8.100381,10.696966,67.0,Mawako,Ilela,150.0,963.7824569753757,0,0,,,,False,False,Accessible,False,65,67.0,1.0,T04,True,5,True,False,Tally-only (no GPS confirmation),0.9701492537313433,0,-1.2136530921098103,0.001,True,Cold spot (well-covered cluster)
S02156,Faluwa-Sabo,Village,W033,LGA03,8.004594,11.200323,27.0,Tasayi,Katsuma,150.0,423.0714406304337,0,0,,,,False,False,Accessible,False,29,27.0,1.0,T01,True,5,True,False,Tally-only (no GPS confirmation),1.0740740740740742,0,-0.2521623476541578,0.31,False,Not significant
S02360,Kademi,Settlement,W037,LGA03,8.196104,11.520691,36.0,Longoma,Katsuma,150.0,836.6058315708077,0,0,,,,False,False,Accessible,False,21,36.0,1.0,T05,True,5,True,False,Tally-only (no GPS confirmation),0.5833333333333334,0,0.7093283968014948,0.301,False,Not significant
S02204,Ekjiba,Settlement,W034,LGA03,8.122999,11.17532,46.0,Dodeta,Katsuma,150.0,1192.2532594649206,20,1,T02,2026-03-12 11:10:00,2026-03-12 11:29:00,False,True,Accessible,False,44,46.0,1.0,T02,True,5,True,False,Visited (track-confirmed),0.9565217391304348,0,1.6708191412571471,0.096,False,Not significant
S01684,Uzsani-Tudun,Hamlet,W025,LGA04,7.780514,11.108717,11.0,Okriba,Ilela,150.0,759.4837941868686,8,1,T25,2026-03-09 16:18:00,2026-03-10 14:49:00,False,True,Accessible,False,0,,,,False,5,True,False,Visited (track-confirmed),0.0,0,-1.2136530921098103,0.001,True,Cold spot (well-covered cluster)
S00687,Batsisa,Hamlet,W008,LGA01,7.367433,10.870089,24.0,Umyosa,Idi-Oro,150.0,1236.3173593859126,0,0,,,,False,False,Accessible,False,19,24.0,1.0,T08,True,5,True,False,Tally-only (no GPS confirmation),0.7916666666666666,0,-0.2521623476541578,0.31,False,Not significant
S00512,Loyode,Village,W006,LGA01,7.233029,11.216236,102.0,Okradu,Idi-Oro,50.0,122.70496111737032,0,0,,,,False,False,Accessible,False,97,102.0,1.0,T06,True,5,True,False,Tally-only (no GPS confirmation),0.9509803921568627,0,-0.2521623476541578,0.31,False,Not significant
S00783,Nuyoko,Hamlet,W008,LGA01,7.381792,10.952522,8.0,Umyosa,Idi-Oro,150.0,924.5389238486385,0,0,,,,False,False,Accessible,False,5,8.0,1.0,T08,True,5,True,False,Tally-only (no GPS confirmation),0.625,0,1.6708191412571471,0.096,False,Not significant
S00772,Irrako,Settlement,W008,LGA01,7.413838,10.940992,75.0,Umyosa,Idi-Oro,134.69048409785086,336.7262102446271,0,0,,,,False,False,Accessible,False,47,75.0,1.0,T08,True,5,True,False,Tally-only (no GPS confirmation),0.6266666666666667,0,-0.2521623476541578,0.31,False,Not significant
S01823,Ekkoshi,Settlement,W028,LGA04,7.964271,10.772803,56.0,Wangoja,Ilela,150.0,1711.003049185183,20,1,T28,2026-03-10 14:47:00,2026-03-10 15:06:00,False,True,Accessible,False,48,56.0,1.0,T28,True,5,True,False,Visited (track-confirmed),0.8571428571428571,0,-0.2521623476541578,0.31,False,Not significant
S01282,Hanatu,Hamlet,W017,LGA03,7.552656,11.373503,21.0,Bazasa,Katsuma,150.0,699.2918883608237,21,1,T17,2026-03-12 13:53:00,2026-03-12 14:13:00,False,True,Accessible,False,20,21.0,1.0,T17,True,5,True,False,Visited (track-confirmed),0.9523809523809523,0,1.6708191412571471,0.096,False,Not significant
S01214,Tasaja,Hamlet,W015,LGA01,7.536631,11.271653,83.0,Baluru,Idi-Oro,150.0,1161.3011317791606,0,0,,,,False,False,Accessible,False,0,,,,False,5,True,False,Plausible miss,0.0,1,1.6708191412571471,0.3,False,Not significant
S00494,Kasashi,Village,W006,LGA01,7.245969,11.164813,143.0,Okradu,Idi-Oro,150.0,602.1276329316996,27,1,T06,2026-03-09 08:27:00,2026-03-09 08:53:00,False,True,Accessible,False,87,143.0,1.0,T06,True,5,True,False,Visited (track-confirmed),0.6083916083916084,0,-0.2521623476541578,0.31,False,Not significant
S00147,Watsiyi,Hamlet,W002,LGA01,7.148616,10.744296,49.0,Ekduru,Idi-Oro,150.0,1060.6908484268401,0,0,,,,False,False,Accessible,False,34,49.0,1.0,T02,True,5,True,False,Tally-only (no GPS confirmation),0.6938775510204082,0,-1.2136530921098103,0.001,True,Cold spot (well-covered cluster)
S00690,Nulade-Sabo,Village,W008,LGA01,7.348624,10.865647,45.0,Umyosa,Idi-Oro,150.0,1349.2518814844632,0,0,,,,False,False,Accessible,False,41,45.0,1.0,T08,True,5,True,False,Tally-only (no GPS confirmation),0.9111111111111111,0,-0.2521623476541578,0.31,False,Not significant
S00409,Famako,Village,W006,LGA01,7.28389,11.332785,143.0,Okradu,Idi-Oro,150.0,1547.8289997016,0,0,,,,False,False,Accessible,False,101,143.0,1.0,T06,True,5,True,False,Tally-only (no GPS confirmation),0.7062937062937062,0,-1.2136530921098103,0.001,True,Cold spot (well-covered cluster)
S01805,Satsina,Village,W028,LGA04,7.975632,10.818057,16.0,Wangoja,Ilela,150.0,698.3865302534662,34,1,T28,2026-03-10 07:58:00,2026-03-10 16:49:00,False,True,Accessible,False,15,16.0,1.0,T28,True,5,True,False,Visited (track-confirmed),0.9375,0,-0.2521623476541578,0.31,False,Not significant
S01375,Lotifa-Sabo,Hamlet,W019,LGA04,7.691357,10.970583,29.0,Umzaba-Kofar,Ilela,150.0,5040.450371960203,22,1,T19,2026-03-13 07:27:00,2026-03-13 07:48:00,False,True,Accessible,False,17,29.0,1.0,T19,True,5,True,False,Visited (track-confirmed),0.5862068965517241,0,-1.2136530921098103,0.001,True,Cold spot (well-covered cluster)
S01789,Sunari-Tsakiya,Hamlet,W027,LGA03,7.919215,11.466865,21.0,Daberi,Katsuma,150.0,397.7961997327328,36,1,T27,2026-03-13 07:35:00,2026-03-13 10:56:00,False,True,Accessible,False,18,21.0,1.0,T27,True,5,True,False,Visited (track-confirmed),0.8571428571428571,0,-0.2521623476541578,0.31,False,Not significant
S00848,Lodewa,Hamlet,W010,LGA02,7.419587,10.816779,,Fazafa,Gwarin,150.0,1024.3074733726332,29,1,T10,2026-03-09 12:53:00,2026-03-10 09:31:00,False,True,Accessible,False,13,17.0,1.0,T10,True,5,True,False,Visited (track-confirmed),0.7647058823529411,0,-1.2136530921098103,0.001,True,Cold spot (well-covered cluster)
S02012,Adyodu,Hamlet,W031,LGA03,7.897130150087383,11.319106,24.0,Satide,Katsuma,150.0,2423.725718589795,0,0,,,,False,False,Accessible,False,16,24.0,1.0,T31,True,5,True,False,Tally-only (no GPS confirmation),0.6666666666666666,0,1.6708191412571471,0.097,False,Not significant
S01476,Tayoni,Hamlet,W020,LGA01,7.59717,11.137583,55.0,Famade,Idi-Oro,150.0,825.0885616350313,0,0,,,,False,False,Accessible,False,41,55.0,1.0,T20,True,5,True,False,Tally-only (no GPS confirmation),0.7454545454545455,0,0.7093283968014948,0.303,False,Not significant
S00680,Gurata,Village,W008,LGA01,7.330844,10.856631,124.0,Umyosa,Idi-Oro,97.27644307907087,243.19110769767718,0,0,,,,False,False,Accessible,False,98,124.0,1.0,T08,True,5,True,False,Tally-only (no GPS confirmation),0.7903225806451613,0,-0.2521623476541578,0.31,False,Not significant
S01054,Jidude,Village,W014,LGA01,7.523784,11.529683,273.0,Bishama,Idi-Oro,150.0,1096.5075864013559,3,1,T14,2026-03-10 09:02:00,2026-03-10 09:04:00,False,True,Accessible,False,246,273.0,1.0,T14,True,5,True,False,Visited (track-confirmed),0.9010989010989011,0,-1.2136530921098103,0.001,True,Cold spot (well-covered cluster)
S00611,Bakode,Village,W007,LGA01,7.358395,11.249217,74.0,Bayoyi,Idi-Oro,150.0,674.991294439376,23,1,T07,2026-03-12 13:55:00,2026-03-12 14:17:00,False,True,Accessible,False,68,74.0,1.0,T07,True,5,True,False,Visited (track-confirmed),0.918918918918919,0,0.7093283968014948,0.303,False,Not significant
S02334,Oktsiba,Village,W037,LGA03,8.193938,11.48862,33.0,Longoma,Katsuma,150.0,1492.6460892431603,0,0,,,,False,False,Accessible,False,32,33.0,1.0,T05,True,5,True,False,Tally-only (no GPS confirmation),0.9696969696969697,0,-1.2136530921098103,0.001,True,Cold spot (well-covered cluster)
S00749,Subadu,Hamlet,W008,LGA01,7.171044,10.915329,51.0,Umyosa,Idi-Oro,150.0,1115.7439576635722,0,0,,,,False,False,Accessible,False,38,51.0,1.0,T08,True,5,True,False,Tally-only (no GPS confirmation),0.7450980392156863,0,-0.2521623476541578,0.31,False,Not significant
S02133,Kazashi,Village,W033,LGA03,7.993051,11.18168,20.0,Tasayi,Katsuma,96.87485199122793,242.1871299780698,0,0,,,,False,False,Accessible,False,12,20.0,1.0,T01,True,5,True,False,Tally-only (no GPS confirmation),0.6,0,1.6708191412571471,0.097,False,Not significant
S01502,Nusade,Urban block,W020,LGA01,7.697545,11.147116,405.0,Famade,Idi-Oro,141.42595153814918,353.5648788453729,4,1,T20,2026-03-11 12:57:00,2026-03-11 13:00:00,False,True,Accessible,False,0,,,,False,5,True,False,Visited (track-confirmed),0.0,0,-1.2136530921098103,0.001,True,Cold spot (well-covered cluster)
S01984,Umrade,Hamlet,W030,LGA04,7.883379,10.673027,3.0,Yeride,Ilela,150.0,1151.4944289906132,0,0,,,,False,False,Accessible,False,0,,,,False,5,True,False,Plausible miss,0.0,1,0.7093283968014948,0.311,False,Not significant
S01842,Ibdemi,Hamlet,W028,LGA04,7.930521,10.812075,4.0,Wangoja,Ilela,150.0,2644.4823259238105,27,1,T28,2026-03-09 07:43:00,2026-03-09 08:09:00,False,True,Accessible,False,2,4.0,1.0,T28,True,5,True,False,Visited (track-confirmed),0.5,0,-1.2136530921098103,0.001,True,Cold spot (well-covered cluster)
S02216,Enshade,Village,W034,LGA03,8.269082,11.205658,45.0,Dodeta,Katsuma,150.0,435.99627956451474,0,0,,,,False,False,Accessible,False,46,45.0,1.0,T02,True,5,True,False,Tally-only (no GPS confirmation),1.0222222222222221,0,-1.2136530921098103,0.001,True,Cold spot (well-covered cluster)
S01147,Kanale,Village,W015,LGA01,7.538129,11.287442,139.0,Baluru,Idi-Oro,150.0,620.2131257061394,0,0,,,,False,False,Accessible,False,91,139.0,1.0,T15,True,5,True,False,Tally-only (no GPS confirmation),0.6546762589928058,0,0.7093283968014948,0.303,False,Not significant
S01771,Yengodu,Village,W027,LGA03,7.924031,11.462033,66.0,Daberi,Katsuma,50.30787843281339,125.76969608203346,34,1,T27,2026-03-12 09:05:00,2026-03-12 09:38:00,False,True,Accessible,False,55,66.0,1.0,T27,True,5,True,False,Visited (track-confirmed),0.8333333333333334,0,0.7093283968014948,0.303,False,Not significant
S01499,Yerifa-Arewa,Urban block,W020,LGA01,7.712736,11.201004,436.0,Famade,Idi-Oro,150.0,2333.547991453848,33,1,T20,2026-03-09 15:45:00,2026-03-09 16:20:00,False,True,Accessible,False,443,436.0,1.0,T20,True,5,True,False,Visited (track-confirmed),1.0160550458715596,0,1.6708191412571471,0.096,False,Not significant
S00714,Bajita,Hamlet,W008,LGA01,7.434619,10.944433,50.0,Umyosa,Idi-Oro,150.0,608.3156509281386,0,0,,,,False,False,Accessible,False,39,50.0,1.0,T08,True,5,True,False,Tally-only (no GPS confirmation),0.78,0,-0.2521623476541578,0.311,False,Not significant
S01862,Kayoma-Gabas,Village,W029,LGA04,7.920839,11.017895,63.0,Wangoni,Ilela,150.0,1695.1285104546107,0,0,,,,False,False,Accessible,False,47,63.0,1.0,T29,True,5,True,False,Tally-only (no GPS confirmation),0.746031746031746,0,-1.2136530921098103,0.001,True,Cold spot (well-covered cluster)
S00433,Zajiyi,Urban block,W006,LGA01,7.195377,11.206729,244.0,Okradu,Idi-Oro,150.0,2193.7958270298604,0,0,,,,False,False,Accessible,False,158,244.0,1.0,T06,True,5,True,False,Tally-only (no GPS confirmation),0.6475409836065574,0,-0.2521623476541578,0.311,False,Not significant
S01537,Yengona,Village,W021,LGA02,7.87467,10.476966,44.0,Yezata,Gwarin,150.0,571.4790318722027,5,1,T21,2026-03-09 15:25:00,2026-03-09 15:29:00,False,True,Accessible,False,33,44.0,1.0,T21,True,5,True,False,Visited (track-confirmed),0.75,0,-1.2136530921098103,0.001,True,Cold spot (well-covered cluster)
S01690,Ekjidu,Village,W025,LGA04,7.749829,11.102081,103.0,Okriba,Ilela,150.0,422.64295864009136,30,1,T25,2026-03-12 13:47:00,2026-03-12 14:16:00,False,True,Accessible,False,0,,,,False,5,True,False,Visited (track-confirmed),0.0,0,-0.2521623476541578,0.311,False,Not significant
S00768,Rilami,Hamlet,W008,LGA01,7.191164,10.916615,29.0,Umyosa,Idi-Oro,150.0,457.79093726059926,0,0,,,,False,False,Accessible,False,30,29.0,1.0,T08,True,5,True,False,Tally-only (no GPS confirmation),1.0344827586206897,0,-0.2521623476541578,0.311,False,Not significant
S01244,Wajifa,Hamlet,W016,LGA02,7.642995,10.494372,20.0,Uzritu,Gwarin,150.0,574.7926970022421,9,1,T16,2026-03-11 13:45:00,2026-03-13 17:11:00,False,True,Accessible,False,0,,,,False,5,True,False,Visited (track-confirmed),0.0,0,-1.2136530921098103,0.001,True,Cold spot (well-covered cluster)
S01706,Zamale,Village,W025,LGA04,7.8118,11.132845,58.0,Okriba,Ilela,150.0,776.6856228914988,18,1,T25,2026-03-12 08:17:00,2026-03-12 08:34:00,False,True,Accessible,False,0,,,,False,5,True,False,Visited (track-confirmed),0.0,0,0.7093283968014948,0.303,False,Not significant
S01152,Olbale-Tsakiya,Hamlet,W015,LGA01,7.69814,11.259936,27.0,Baluru,Idi-Oro,150.0,546.5911695502501,0,0,,,,False,False,Accessible,False,0,,,,False,5,True,False,Plausible miss,0.0,1,0.7093283968014948,0.311,False,Not significant
S02001,Batsitu-Kudu,Village,W031,LGA03,7.940819,11.360569,45.0,Satide,Katsuma,150.0,616.3873876324127,115,1,T31,2026-03-10 15:45:00,2026-03-10 17:42:00,False,True,Accessible,False,36,45.0,1.0,T31,True,5,True,False,Visited (track-confirmed),0.8,0,-0.2521623476541578,0.309,False,Not significant
S01459,Wabawa,Settlement,W020,LGA01,7.758027,11.126297,123.0,Famade,Idi-Oro,150.0,680.2228855345185,0,0,,,,False,False,Accessible,False,104,123.0,1.0,T20,True,5,True,False,Tally-only (no GPS confirmation),0.8455284552845529,0,0.7093283968014948,0.3,False,Not significant
S02255,Uzbasa,Village,W035,LGA04,8.289439,10.944334,42.0,Dazata,Ilela,150.0,531.7391965461848,0,0,,,,False,False,Accessible,False,27,42.0,1.0,T03,True,5,True,True,Tally-only (no GPS confirmation),0.6428571428571429,0,-1.2136530921098103,0.001,True,Cold spot (well-covered cluster)
S00366,Losadu-Tudun,Village,W004,LGA02,7.184485,10.70379,30.0,Yesawo,Gwarin,150.0,417.640888890996,0,0,,,,False,False,Accessible,False,27,30.0,1.0,T04,True,5,True,False,Tally-only (no GPS confirmation),0.9,0,-1.2136530921098103,0.001,True,Cold spot (well-covered cluster)
S01348,Ibbeja,Hamlet,W018,LGA02,7.606423,10.645061,33.0,Adwana,Gwarin,150.0,1653.2554062627835,0,0,,,,False,False,Accessible,False,30,33.0,1.0,T18,True,5,True,False,Tally-only (no GPS confirmation),0.9090909090909091,0,-1.2136530921098103,0.001,True,Cold spot (well-covered cluster)
S00456,Talaru,Urban block,W006,LGA01,7.220864,11.149342,490.0,Okradu,Idi-Oro,150.0,1636.3609050067105,0,0,,,,False,False,Accessible,False,422,490.0,1.0,T06,True,5,True,False,Tally-only (no GPS confirmation),0.8612244897959184,0,-0.2521623476541578,0.309,False,Not significant
S00902,Talawo,Village,W011,LGA02,7.727136,10.416396,41.0,Enyoko-Kofar,Gwarin,150.0,765.1617703531472,33,1,T11,2026-03-12 16:28:00,2026-03-13 09:11:00,False,True,Accessible,False,37,41.0,1.0,T11,True,5,True,False,Visited (track-confirmed),0.9024390243902439,0,-0.2521623476541578,0.309,False,Not significant
S01882,Jikowa,Settlement,W029,LGA04,8.090899,11.030737,6.0,Wangoni,Ilela,150.0,2659.538620260882,22,1,T29,2026-03-12 16:18:00,2026-03-12 16:42:00,False,True,Accessible,False,6,6.0,1.0,T29,True,5,True,False,Visited (track-confirmed),1.0,0,-1.2136530921098103,0.001,True,Cold spot (well-covered cluster)
S02342,Oktsimi-Gabas,Hamlet,W037,LGA03,8.207621,11.538552,32.0,Longoma,Katsuma,150.0,506.28258440343063,0,0,,,,False,False,Accessible,False,0,,,,False,5,True,False,Plausible miss,0.0,1,1.6708191412571471,0.299,False,Not significant
S01192,Doritu,Village,W015,LGA01,7.695615,11.27502,164.0,Baluru,Idi-Oro,68.2830948046519,170.70773701162975,5,1,T15,2026-03-11 14:11:00,2026-03-11 14:44:00,False,True,Accessible,False,171,164.0,1.0,T15,True,5,True,False,Visited (track-confirmed),1.0426829268292683,0,0.7093283968014948,0.302,False,Not significant
S01347,Ennadu,Settlement,W018,LGA02,7.577133,10.648855,65.0,Adwana,Gwarin,150.0,558.004933005526,30,1,T18,2026-03-09 13:58:00,2026-03-09 14:27:00,False,True,Accessible,False,36,65.0,1.0,T18,True,5,True,False,Visited (track-confirmed),0.5538461538461539,0,-1.2136530921098103,0.001,True,Cold spot (well-covered cluster)
S01221,Nutide,Urban block,W015,LGA01,7.653485,11.358181,871.0,Baluru,Idi-Oro,150.0,3821.1246160657593,0,0,,,,False,False,Accessible,False,887,871.0,1.0,T15,True,5,True,False,Tally-only (no GPS confirmation),1.0183696900114811,0,-0.2521623476541578,0.31,False,Not significant
S00254,Adkomi,Village,W003,LGA01,7.371775,11.105123,62.0,Satita,Idi-Oro,150.0,624.3271687514967,5,1,T03,2026-03-11 17:28:00,2026-03-11 17:32:00,False,True,Accessible,False,57,62.0,1.0,T03,True,5,True,False,Visited (track-confirmed),0.9193548387096774,0,0.7093283968014948,0.302,False,Not significant
S01269,Umtiyi,Village,W016,LGA02,7.584251,10.446026,32.0,Uzritu,Gwarin,150.0,809.6952384331244,101,1,T16,2026-03-10 16:50:00,2026-03-12 11:15:00,False,True,Accessible,False,32,32.0,1.0,T16,True,5,True,False,Visited (track-confirmed),1.0,0,-1.2136530921098103,0.001,True,Cold spot (well-covered cluster)
S01338,Bangofa-Kudu,Village,W018,LGA02,7.576082,10.672121,60.0,Adwana,Gwarin,150.0,977.1426199208896,33,1,T18,2026-03-12 07:20:00,2026-03-12 07:52:00,False,True,Accessible,False,47,60.0,1.0,T18,True,5,True,False,Visited (track-confirmed),0.7833333333333333,0,-1.2136530921098103,0.001,True,Cold spot (well-covered cluster)
S01784,Dongoyi,Hamlet,W027,LGA03,7.928292,11.456452,44.0,Daberi,Katsuma,110.14197505828616,275.3549376457154,79,1,T27,2026-03-11 16:37:00,2026-03-11 17:55:00,False,True,Accessible,False,42,44.0,1.0,T27,True,5,True,False,Visited (track-confirmed),0.9545454545454546,0,1.6708191412571471,0.096,False,Not significant
S02205,Ekluwo,Village,W034,LGA03,8.249723,11.223087,61.0,Dodeta,Katsuma,150.0,537.7552516097402,25,1,T02,2026-03-09 07:42:00,2026-03-09 08:06:00,False,True,Accessible,False,53,61.0,1.0,T02,True,5,True,False,Visited (track-confirmed),0.8688524590163934,0,-0.2521623476541578,0.31,False,Not significant
S01961,Hajita,Village,W030,LGA04,7.983867,10.687739,50.0,Yeride,Ilela,150.0,1965.5676766085203,0,0,,,,False,False,Accessible,False,38,50.0,1.0,T30,True,5,True,False,Tally-only (no GPS confirmation),0.76,0,-1.2136530921098103,0.001,True,Cold spot (well-covered cluster)
D00347,Fabemi-Kofar,Village,W004,LGA02,7.263082,10.608458,29.0,Yesawo,Gwarin,59.89150261859737,149.72875654649343,0,0,,,,False,False,Accessible,False,0,,,,False,5,True,False,Plausible miss,0.0,1,1.6708191412571471,0.3,False,Not significant
S01371,Umriko-Kofar,Village,W019,LGA04,7.645241,10.984856,44.0,Umzaba-Kofar,Ilela,150.0,2019.5907975046123,25,1,T19,2026-03-13 08:58:00,2026-03-13 09:22:00,False,True,Accessible,False,29,44.0,1.0,T19,True,5,True,False,Visited (track-confirmed),0.6590909090909091,0,-1.2136530921098103,0.001,True,Cold spot (well-covered cluster)
S00333,Uzyowa,Hamlet,W004,LGA02,7.175272,10.698037,13.0,Yesawo,Gwarin,150.0,493.6038868412032,0,0,,,,False,False,Accessible,False,9,13.0,1.0,T04,True,5,True,False,Tally-only (no GPS confirmation),0.6923076923076923,0,-1.2136530921098103,0.001,True,Cold spot (well-covered cluster)
S02173,Yekosa,Village,W034,LGA03,8.244261,11.236558,22.0,Dodeta,Katsuma,150.0,1147.2509090239312,20,1,T02,2026-03-12 07:09:00,2026-03-12 07:28:00,False,True,Accessible,False,17,22.0,1.0,T02,True,5,True,False,Visited (track-confirmed),0.7727272727272727,0,-0.2521623476541578,0.309,False,Not significant
S00496,Kalushi,Village,W006,LGA01,7.278228,11.311954,287.0,Okradu,Idi-Oro,150.0,846.9966672966112,0,0,,,,False,False,Accessible,False,301,287.0,1.0,T06,True,5,True,False,Tally-only (no GPS confirmation),1.048780487804878,0,-0.2521623476541578,0.309,False,Not significant
S00334,Gubatu-Kudu,Hamlet,W004,LGA02,7.27585,10.594675,,Yesawo,Gwarin,150.0,2000.6060934862699,0,0,,,,False,False,Accessible,False,4,5.0,1.0,T04,True,5,True,False,Tally-only (no GPS confirmation),0.8,0,2.6323098857128,0.03,False,Not significant
S01940,Ummatu,Village,W030,LGA04,7.910669,10.606843,126.0,Yeride,Ilela,150.0,806.7056430366445,23,1,T30,2026-03-10 12:25:00,2026-03-10 12:50:00,False,True,Accessible,False,77,126.0,1.0,T30,True,5,True,False,Visited (track-confirmed),0.6111111111111112,0,1.6708191412571471,0.097,False,Not significant
S01601,Dotima-Kofar,Village,W023,LGA03,7.823697,11.246378,41.0,Suwade,Katsuma,84.78183258683788,211.9545814670947,0,0,,,,False,False,Accessible,False,0,,,,False,5,True,False,Plausible miss,0.0,1,2.6323098857128,0.097,False,Not significant
S00387,Nusadu,Settlement,W005,LGA02,7.309335,10.648819,57.0,Jijile,Gwarin,150.0,5158.971903559964,0,0,,,,False,False,Accessible,False,45,57.0,1.0,T05,True,5,True,False,Tally-only (no GPS confirmation),0.7894736842105263,0,2.6323098857128,0.029,False,Not significant
S00605,Uzdetu-Arewa,Hamlet,W007,LGA01,7.384138,11.237636,7.0,Bayoyi,Idi-Oro,150.0,418.0753531314853,5,1,T07,2026-03-12 15:00:00,2026-03-12 15:04:00,False,True,Accessible,False,7,7.0,1.0,T07,True,5,True,False,Visited (track-confirmed),1.0,0,-0.2521623476541578,0.308,False,Not significant
S00639,Waratu,Hamlet,W007,LGA01,7.30682,11.303947,18.0,Bayoyi,Idi-Oro,149.7915822526871,374.4789556317177,0,0,,,,False,False,Accessible,False,0,,,,False,5,True,False,Plausible miss,0.0,1,1.6708191412571471,0.297,False,Not significant
S02411,Riyoja,Village,W038,LGA03,8.350738,11.401157,153.0,Sashasa,Katsuma,150.0,572.3678392475445,0,0,,,,False,False,Accessible,False,0,,,,False,5,True,False,Plausible miss,0.0,1,1.6708191412571471,0.297,False,Not significant
S01418,Wazaja,Settlement,W019,LGA04,7.605772,11.002496,70.0,Umzaba-Kofar,Ilela,110.7212354651276,276.803088662819,34,1,T19,2026-03-11 13:07:00,2026-03-13 11:20:00,False,True,Accessible,False,73,70.0,1.0,T19,True,5,True,False,Visited (track-confirmed),1.042857142857143,0,-1.2136530921098103,0.001,True,Cold spot (well-covered cluster)
S01299,Doshasa,Village,W017,LGA03,7.522539,11.388401,114.0,Bazasa,Katsuma,150.0,782.6484107830007,25,1,T17,2026-03-11 08:31:00,2026-03-11 08:55:00,False,True,Accessible,False,66,114.0,1.0,T17,True,5,True,False,Visited (track-confirmed),0.5789473684210527,0,-0.2521623476541578,0.31,False,Not significant
S01522,Fangota,Village,W021,LGA02,7.858724,10.541522,13.0,Yezata,Gwarin,150.0,794.2374750144112,0,0,,,,False,False,Accessible,False,0,,,,False,5,True,False,Plausible miss,0.0,1,-0.2521623476541578,0.001,True,Cold spot (well-covered cluster)
S02420,Oldetu,Village,W038,LGA03,8.409953,11.31061,34.0,Sashasa,Katsuma,150.0,589.5812246121051,0,0,,,,False,False,Accessible,False,20,34.0,1.0,T06,True,5,True,False,Tally-only (no GPS confirmation),0.5882352941176471,0,-0.2521623476541578,0.306,False,Not significant
S00803,Fanashi,Settlement,W009,LGA02,7.571068,10.965947,89.0,Washatu,Gwarin,150.0,1255.355392292651,0,0,,,,False,False,Accessible,False,0,,,,False,5,True,False,Plausible miss,0.0,1,2.6323098857128,0.099,False,Not significant
S00539,Baduri,Hamlet,W007,LGA01,7.31009,11.304969,26.0,Bayoyi,Idi-Oro,149.7915822526871,374.4789556317177,0,0,,,,False,False,Accessible,False,23,26.0,1.0,T07,True,5,True,False,Tally-only (no GPS confirmation),0.8846153846153846,0,1.6708191412571471,0.099,False,Not significant
S00947,Mazana,Settlement,W012,LGA02,7.391207,10.491406,60.0,Darari,Gwarin,150.0,3576.1140803807452,110,1,T12,2026-03-12 12:14:00,2026-03-12 14:06:00,False,True,Accessible,False,61,60.0,1.0,T12,True,5,True,False,Visited (track-confirmed),1.0166666666666666,0,-0.2521623476541578,0.306,False,Not significant
S00130,Dariru,Urban block,W002,LGA01,7.042672,10.839185,265.0,Ekduru,Idi-Oro,150.0,2576.8186683638323,0,0,,,,False,False,Accessible,False,192,265.0,1.0,T02,True,5,True,False,Tally-only (no GPS confirmation),0.7245283018867924,0,-0.2521623476541578,0.306,False,Not significant
S00276,Jinata,Village,W003,LGA01,7.299211,11.062987,93.0,Satita,Idi-Oro,150.0,4125.105551267068,0,0,,,,False,False,Accessible,False,88,93.0,1.0,T03,True,5,True,False,Tally-only (no GPS confirmation),0.946236559139785,0,-0.2521623476541578,0.306,False,Not significant
S01759,Uzluru,Hamlet,W027,LGA03,7.910705,11.455235,66.0,Daberi,Katsuma,150.0,1026.633650825729,31,1,T27,2026-03-10 09:09:00,2026-03-10 09:42:00,False,True,Accessible,False,52,66.0,1.0,T27,True,5,True,False,Visited (track-confirmed),0.7878787878787878,0,-1.2136530921098103,0.001,True,Cold spot (well-covered cluster)
S00670,Lotsina,Hamlet,W008,LGA01,7.20311,10.916034,31.0,Umyosa,Idi-Oro,128.65806910613327,321.64517276533314,0,0,,,,False,False,Accessible,False,23,31.0,1.0,T08,True,5,True,False,Tally-only (no GPS confirmation),0.7419354838709677,0,-0.2521623476541578,0.306,False,Not significant
S01620,Ibnami,Village,W023,LGA03,7.898891,11.195542,32.0,Suwade,Katsuma,150.0,1904.226500952066,9,1,T23,2026-03-09 09:59:00,2026-03-10 17:01:00,False,True,Accessible,False,0,,,,False,5,True,False,Visited (track-confirmed),0.0,0,-0.2521623476541578,0.306,False,Not significant
S00628,Tanade,Hamlet,W007,LGA01,7.455636,11.313321,16.0,Bayoyi,Idi-Oro,150.0,2431.566611897096,0,0,,,,False,False,Accessible,False,10,16.0,1.0,T07,True,5,True,False,Tally-only (no GPS confirmation),0.625,0,1.6708191412571471,0.099,False,Not significant
S01952,Fangowo,Hamlet,W030,LGA04,7.970665,10.71235,24.0,Yeride,Ilela,150.0,2998.064029136428,0,0,,,,False,False,Accessible,False,19,24.0,1.0,T30,True,5,True,False,Tally-only (no GPS confirmation),0.7916666666666666,0,-0.2521623476541578,0.306,False,Not significant
S00676,Entsina-Kofar,Village,W008,LGA01,7.404341,10.90401,56.0,Umyosa,Idi-Oro,150.0,546.1413136698196,0,0,,,,False,False,Accessible,False,38,56.0,1.0,T08,True,5,True,False,Tally-only (no GPS confirmation),0.6785714285714286,0,-1.2136530921098103,0.001,True,Cold spot (well-covered cluster)
S01215,Kudumi-Kudu,Urban block,W015,LGA01,7.540443,11.250391,581.0,Baluru,Idi-Oro,145.17537451396723,362.93843628491805,0,0,,,,False,False,Accessible,False,0,,,,False,5,True,False,Plausible miss,0.0,1,0.7093283968014948,0.307,False,Not significant
S01035,Okberi,Village,W014,LGA01,7.374161,11.475138,71.0,Bishama,Idi-Oro,130.3424986215949,325.8562465539872,0,0,,,,False,False,Accessible,False,58,71.0,1.0,T14,True,5,True,False,Tally-only (no GPS confirmation),0.8169014084507042,0,-0.2521623476541578,0.307,False,Not significant
S01525,Yengode,Hamlet,W021,LGA02,7.875715,10.501626,36.0,Yezata,Gwarin,50.0,21.532265570551704,95,1,T21,2026-03-09 16:13:00,2026-03-09 18:02:00,True,True,Accessible,True,25,36.0,1.0,T21,True,5,True,False,Visited (track-confirmed),0.6944444444444444,0,-1.2136530921098103,0.001,True,Cold spot (well-covered cluster)
S01028,Jidetu,Hamlet,W014,LGA01,7.518282,11.493316,71.0,Bishama,Idi-Oro,150.0,473.41174413714725,0,0,,,,False,False,Accessible,False,0,,,,False,5,True,False,Plausible miss,0.0,1,0.7093283968014948,0.309,False,Not significant
S00509,Damashi,Urban block,W006,LGA01,7.201055,11.261411,417.0,Okradu,Idi-Oro,150.0,836.6885558593194,0,0,,,,False,False,Accessible,False,238,417.0,1.0,T06,True,5,True,False,Tally-only (no GPS confirmation),0.5707434052757794,0,0.7093283968014948,0.303,False,Not significant
S00702,Bilaba,Village,W008,LGA01,7.257556,10.886695,134.0,Umyosa,Idi-Oro,150.0,466.30624144530776,0,0,,,,False,False,Accessible,False,102,134.0,1.0,T08,True,5,True,False,Tally-only (no GPS confirmation),0.7611940298507462,0,0.7093283968014948,0.303,False,Not significant
S00564,Umngole,Urban block,W007,LGA01,7.382501,11.245584,360.0,Bayoyi,Idi-Oro,63.898708415901694,159.74677103975424,0,0,,,,False,False,Accessible,False,221,360.0,1.0,T07,True,5,True,False,Tally-only (no GPS confirmation),0.6138888888888889,0,-0.2521623476541578,0.308,False,Not significant
S01435,Kudena,Village,W020,LGA01,7.640704,11.079525,76.0,Famade,Idi-Oro,150.0,729.0905475340193,4,1,T03,2026-03-13 17:18:00,2026-03-13 17:21:00,False,True,Accessible,False,56,76.0,1.0,T20,True,5,True,False,Visited (track-confirmed),0.7368421052631579,0,-1.2136530921098103,0.001,True,Cold spot (well-covered cluster)
S01928,Addude,Settlement,W030,LGA04,7.90864,10.616789,61.0,Yeride,Ilela,136.68558967943915,341.71397419859784,2,1,T30,2026-03-12 12:06:00,2026-03-12 12:07:00,False,True,Accessible,False,45,61.0,1.0,T30,True,5,True,False,Visited (track-confirmed),0.7377049180327869,0,-0.2521623476541578,0.308,False,Not significant
S01654,Olmaba,Village,W024,LGA04,7.829925,10.69118,102.0,Kuraba-Kofar,Ilela,150.0,1408.705717669788,35,1,T24,2026-03-11 07:59:00,2026-03-11 08:33:00,False,True,Accessible,False,66,102.0,1.0,T24,True,5,True,False,Visited (track-confirmed),0.6470588235294118,0,-0.2521623476541578,0.308,False,Not significant
S01263,Nuriri,Village,W016,LGA02,7.537081,10.467637,76.0,Uzritu,Gwarin,150.0,2294.198295091699,96,1,T16,2026-03-09 16:00:00,2026-03-09 17:38:00,False,True,Accessible,False,53,76.0,1.0,T16,True,5,True,False,Visited (track-confirmed),0.6973684210526315,0,-0.2521623476541578,0.308,False,Not significant
S01978,Nuzari,Settlement,W030,LGA04,7.893333,10.625727,71.0,Yeride,Ilela,150.0,388.08564471517394,28,1,T30,2026-03-13 09:47:00,2026-03-13 10:14:00,False,True,Accessible,False,57,71.0,1.0,T30,True,5,True,False,Visited (track-confirmed),0.8028169014084507,0,-0.2521623476541578,0.308,False,Not significant
S00873,Ibsharu,Village,W011,LGA02,7.715605,10.479963,28.0,Enyoko-Kofar,Gwarin,150.0,839.1078093086683,0,0,,,,False,False,Accessible,False,21,28.0,1.0,T11,True,5,True,False,Tally-only (no GPS confirmation),0.75,0,-0.2521623476541578,0.308,False,Not significant
S00514,Irlufa-Gabas,Hamlet,W006,LGA01,7.264442,11.158635,29.0,Okradu,Idi-Oro,150.0,604.2398119503838,22,1,T06,2026-03-09 07:36:00,2026-03-09 07:57:00,False,True,Accessible,False,25,29.0,1.0,T06,True,5,True,False,Visited (track-confirmed),0.8620689655172413,0,-0.2521623476541578,0.308,False,Not significant
S01302,Lojiwa,Village,W017,LGA03,7.514916,11.417762,60.0,Bazasa,Katsuma,150.0,1015.5226540620206,34,1,T17,2026-03-12 07:37:00,2026-03-12 08:11:00,False,True,Accessible,False,36,60.0,1.0,T17,True,5,True,False,Visited (track-confirmed),0.6,0,-0.2521623476541578,0.308,False,Not significant
S01140,Irbetu,Hamlet,W015,LGA01,7.500407,11.231372,18.0,Baluru,Idi-Oro,96.58740172494788,241.4685043123697,0,0,,,,False,False,Accessible,False,10,18.0,1.0,T15,True,5,True,False,Tally-only (no GPS confirmation),0.5555555555555556,0,-1.2136530921098103,0.001,True,Cold spot (well-covered cluster)
S00163,Ibwari,Settlement,W002,LGA01,7.121303,10.722934,140.0,Ekduru,Idi-Oro,145.59403733681017,363.98509334202544,0,0,,,,False,False,Accessible,False,146,140.0,1.0,T02,True,5,True,False,Tally-only (no GPS confirmation),1.042857142857143,0,0.7093283968014948,0.303,False,Not significant
S02519,Kazami-Tsakiya,Settlement,W040,LGA04,8.37978,11.205338,16.0,Gujiri,Ilela,150.0,613.8642067101767,0,0,,,,False,False,Accessible,False,12,16.0,1.0,T08,True,5,True,False,Tally-only (no GPS confirmation),0.75,0,0.7093283968014948,0.303,False,Not significant
S00536,Oktsiko,Settlement,W007,LGA01,7.399069,11.214757,186.0,Bayoyi,Idi-Oro,150.0,1807.430659696684,6,1,T07,2026-03-11 08:03:00,2026-03-11 11:48:00,False,True,Accessible,False,161,186.0,1.0,T07,True,5,True,False,Visited (track-confirmed),0.8655913978494624,0,-0.2521623476541578,0.308,False,Not significant
S00237,Dashami-Kofar,Village,W003,LGA01,7.427573,10.985128,127.0,Satita,Idi-Oro,150.0,562.802429368728,0,0,,,,False,False,Accessible,False,0,,,,False,5,True,False,Plausible miss,0.0,1,1.6708191412571471,0.302,False,Not significant
S01409,Olshaba,Village,W019,LGA04,7.70714,10.885409,31.0,Umzaba-Kofar,Ilela,150.0,2378.768217206087,0,0,,,,False,False,Accessible,False,25,31.0,1.0,T19,True,5,True,False,Tally-only (no GPS confirmation),0.8064516129032258,0,-1.2136530921098103,0.001,True,Cold spot (well-covered cluster)
S01043,Fayoba,Village,W014,LGA01,7.466858,11.481488,45.0,Bishama,Idi-Oro,150.0,877.2382755486565,8,1,T14,2026-03-10 16:30:00,2026-03-13 09:53:00,False,True,Accessible,False,0,,,,False,5,True,False,Visited (track-confirmed),0.0,0,1.6708191412571471,0.099,False,Not significant
S00775,Fabawo,Hamlet,W008,LGA01,7.33066,10.858822,50.0,Umyosa,Idi-Oro,97.27644307907087,243.19110769767718,0,0,,,,False,False,Accessible,False,52,50.0,1.0,T08,True,5,True,False,Tally-only (no GPS confirmation),1.04,0,-0.2521623476541578,0.307,False,Not significant
S01739,Olzawa,Settlement,W026,LGA03,7.757164,11.437726,39.0,Kungomi,Katsuma,150.0,917.1897505980756,0,0,,,,False,False,Accessible,False,0,,,,False,5,True,False,Plausible miss,0.0,1,1.6708191412571471,0.303,False,Not significant
S01490,Biyoba,Urban block,W020,LGA01,7.579126,11.095708,318.0,Famade,Idi-Oro,150.0,1352.0316764039492,0,0,,,,False,False,Accessible,False,286,318.0,1.0,T20,True,5,True,False,Tally-only (no GPS confirmation),0.89937106918239,0,-1.2136530921098103,0.001,True,Cold spot (well-covered cluster)
S00346,Yedude,Hamlet,W004,LGA02,7.27305,10.61904,17.0,Yesawo,Gwarin,150.0,1600.02195566903,0,0,,,,False,False,Accessible,False,10,17.0,1.0,T04,True,5,True,False,Tally-only (no GPS confirmation),0.5882352941176471,0,1.6708191412571471,0.1,False,Not significant
S01671,Zakode,Hamlet,W025,LGA04,7.788556,11.137155,30.0,Okriba,Ilela,150.0,877.4381887243418,0,0,,,,False,False,Accessible,False,0,,,,False,5,True,False,Plausible miss,0.0,1,1.6708191412571471,0.303,False,Not significant
S01876,Malaru,Hamlet,W029,LGA04,7.961339,11.097738,28.0,Wangoni,Ilela,50.0,85.40273791319605,28,1,T29,2026-03-10 14:18:00,2026-03-10 14:45:00,False,True,Accessible,True,28,28.0,1.0,T29,True,5,True,False,Visited (track-confirmed),1.0,0,-1.2136530921098103,0.001,True,Cold spot (well-covered cluster)
S00019,Fasatu,Hamlet,W001,LGA01,7.027014,11.040046,8.0,Ekngoyi,Idi-Oro,150.0,405.4481649613613,0,0,,,,False,False,Accessible,False,6,8.0,1.0,T01,True,5,True,False,Tally-only (no GPS confirmation),0.75,0,-0.2521623476541578,0.307,False,Not significant
S01799,Bajile,Urban block,W028,LGA04,7.886872,10.856334,158.0,Wangoja,Ilela,150.0,725.0003147572736,0,0,,,,False,False,Accessible,False,166,158.0,1.0,T28,True,5,True,False,Tally-only (no GPS confirmation),1.0506329113924051,0,-0.2521623476541578,0.307,False,Not significant
S00049,Kadudu,Village,W001,LGA01,7.051484,11.104887,184.0,Ekngoyi,Idi-Oro,150.0,1009.7895928614103,0,0,,,,False,False,Accessible,False,0,,,,False,5,True,False,Plausible miss,0.0,1,0.7093283968014948,0.307,False,Not significant
S02266,Agdewa,Hamlet,W035,LGA04,8.28085,11.084057,29.0,Dazata,Ilela,150.0,3401.964595138017,0,0,,,,False,False,Accessible,False,21,29.0,1.0,T03,True,5,True,True,Tally-only (no GPS confirmation),0.7241379310344828,0,-1.2136530921098103,0.001,True,Cold spot (well-covered cluster)
S00157,Jimashi,Settlement,W002,LGA01,7.090921,10.778799,145.0,Ekduru,Idi-Oro,92.65628602934174,231.64071507335436,0,0,,,,False,False,Accessible,False,84,145.0,1.0,T02,True,5,True,False,Tally-only (no GPS confirmation),0.5793103448275863,0,-0.2521623476541578,0.306,False,Not significant
S01063,Banafa,Hamlet,W014,LGA01,7.372554,11.472655,14.0,Bishama,Idi-Oro,130.3424986215949,325.8562465539872,20,1,T14,2026-03-10 12:52:00,2026-03-10 13:11:00,False,True,Accessible,False,12,14.0,1.0,T14,True,5,True,False,Visited (track-confirmed),0.8571428571428571,0,-0.2521623476541578,0.306,False,Not significant
S00262,Kudewa-Kofar,Hamlet,W003,LGA01,7.250187,11.117289,48.0,Satita,Idi-Oro,150.0,1106.2729265567748,5,1,T03,2026-03-13 08:05:00,2026-03-13 08:09:00,False,True,Accessible,False,0,,,,False,5,True,False,Visited (track-confirmed),0.0,0,-0.2521623476541578,0.306,False,Not significant
S01807,Talayi,Settlement,W028,LGA04,7.999655,10.761653,72.0,Wangoja,Ilela,150.0,893.3349806124293,0,0,,,,False,False,Accessible,False,66,72.0,1.0,T28,True,5,True,False,Tally-only (no GPS confirmation),0.9166666666666666,0,1.6708191412571471,0.099,False,Not significant
S01534,Irngode,Hamlet,W021,LGA02,7.916135,10.5138,40.0,Yezata,Gwarin,150.0,2396.1729153766105,0,0,,,,False,False,Accessible,False,31,40.0,1.0,T21,True,5,True,False,Tally-only (no GPS confirmation),0.775,0,1.6708191412571471,0.099,False,Not significant
S01649,Faduta,Village,W024,LGA04,7.839741,10.70031,146.0,Kuraba-Kofar,Ilela,150.0,781.6419129536729,18,1,T24,2026-03-12 11:17:00,2026-03-12 11:34:00,False,True,Accessible,False,133,146.0,1.0,T24,True,5,True,False,Visited (track-confirmed),0.910958904109589,0,-0.2521623476541578,0.306,False,Not significant
S01746,Suriwo,Hamlet,W026,LGA03,7.738605,11.42904,53.0,Kungomi,Katsuma,150.0,1286.0977690923742,2,1,T26,2026-03-12 12:50:00,2026-03-12 12:51:00,False,True,Accessible,False,37,53.0,1.0,T26,True,5,True,False,Visited (track-confirmed),0.6981132075471698,0,0.7093283968014948,0.305,False,Not significant
S02332,Kuyowo-Yamma,Village,W037,LGA03,8.240808,11.46599,20.0,Longoma,Katsuma,149.70143999740745,374.2535999935186,0,0,,,,False,False,Accessible,False,0,,,,False,5,True,False,Plausible miss,0.0,1,1.6708191412571471,0.305,False,Not significant
S00794,Mayoru,Settlement,W009,LGA02,7.491873,11.005198,63.0,Washatu,Gwarin,150.0,484.86951604313236,35,2,"T03,T09",2026-03-12 14:19:00,2026-03-12 18:30:00,False,True,Accessible,False,63,63.0,1.0,T09,True,5,True,False,Visited (track-confirmed),1.0,0,-1.2136530921098103,0.001,True,Cold spot (well-covered cluster)
S01763,Tangodu,Village,W027,LGA03,7.898295,11.450616,72.0,Daberi,Katsuma,150.0,1447.0108063897715,113,1,T27,2026-03-11 11:36:00,2026-03-11 13:28:00,False,True,Accessible,False,70,72.0,1.0,T27,True,5,True,False,Visited (track-confirmed),0.9722222222222222,0,-0.2521623476541578,0.306,False,Not significant
S00077,Dajisa,Village,W001,LGA01,7.043993,11.093838,117.0,Ekngoyi,Idi-Oro,142.23080022272015,355.57700055680033,0,0,,,,False,False,Accessible,False,114,117.0,1.0,T01,True,5,True,False,Tally-only (no GPS confirmation),0.9743589743589743,0,0.7093283968014948,0.306,False,Not significant
S00399,Matiyi,Settlement,W005,LGA02,7.301942,10.773115,18.0,Jijile,Gwarin,150.0,977.76794497963,0,0,,,,False,False,Accessible,False,0,,,,False,5,True,False,Plausible miss,0.0,1,0.7093283968014948,0.309,False,Not significant
S01506,Enjisa,Village,W020,LGA01,7.733383,11.174759,66.0,Famade,Idi-Oro,150.0,1200.7637215963762,8,1,T20,2026-03-09 17:22:00,2026-03-10 08:57:00,False,True,Accessible,False,69,66.0,1.0,T20,True,5,True,False,Visited (track-confirmed),1.0454545454545454,0,-1.2136530921098103,0.001,True,Cold spot (well-covered cluster)
S02082,Enbana,Village,W032,LGA04,8.080087,10.906488,29.0,Bisani-Gabas,Ilela,150.0,681.353544132933,8,1,T32,2026-03-11 15:42:00,2026-03-12 10:52:00,False,True,Accessible,False,22,29.0,1.0,T32,True,5,True,False,Visited (track-confirmed),0.7586206896551724,0,-1.2136530921098103,0.001,True,Cold spot (well-covered cluster)
S01359,Nuyotu-Gabas,Hamlet,W018,LGA02,7.687864,10.614873,21.0,Adwana,Gwarin,150.0,3800.90411335764,0,0,,,,False,False,Accessible,False,16,21.0,1.0,T18,True,5,True,False,Tally-only (no GPS confirmation),0.7619047619047619,0,-1.2136530921098103,0.001,True,Cold spot (well-covered cluster)
S00801,Tadetu-Gabas,Settlement,W009,LGA02,7.490845,11.010228,52.0,Washatu,Gwarin,50.0,82.88434314093729,22,1,T09,2026-03-10 17:00:00,2026-03-10 18:30:00,False,True,Accessible,True,54,52.0,1.0,T09,True,5,True,False,Visited (track-confirmed),1.0384615384615385,0,-1.2136530921098103,0.001,True,Cold spot (well-covered cluster)
S01262,Tangoshi,Village,W016,LGA02,7.632634,10.500824,96.0,Uzritu,Gwarin,50.0,90.54233373033958,32,1,T16,2026-03-09 10:52:00,2026-03-11 13:29:00,False,True,Accessible,True,71,96.0,1.0,T16,True,5,True,False,Visited (track-confirmed),0.7395833333333334,0,-1.2136530921098103,0.001,True,Cold spot (well-covered cluster)
S02129,Nuluwo,Hamlet,W033,LGA03,7.993598,11.148135,3.0,Tasayi,Katsuma,150.0,439.99056573025473,0,0,,,,False,False,Accessible,False,2,3.0,1.0,T01,True,5,True,False,Tally-only (no GPS confirmation),0.6666666666666666,0,-0.2521623476541578,0.309,False,Not significant
S01430,Taberu,Hamlet,W020,LGA01,7.582323,11.06927,9.0,Famade,Idi-Oro,150.0,620.8216318852718,21,1,T20,2026-03-12 14:45:00,2026-03-12 15:05:00,False,True,Accessible,False,9,9.0,1.0,T20,True,5,True,False,Visited (track-confirmed),1.0,0,-1.2136530921098103,0.001,True,Cold spot (well-covered cluster)
S02259,Batiko-Kofar,Village,W035,LGA04,8.217483,11.080943,60.0,Dazata,Ilela,150.0,1288.8528972276645,0,0,,,,False,False,Accessible,False,34,60.0,1.0,T03,True,5,True,True,Tally-only (no GPS confirmation),0.5666666666666667,0,-1.2136530921098103,0.001,True,Cold spot (well-covered cluster)
S01306,Hatsima-Tudun,Hamlet,W017,LGA03,7.636696,11.525499,31.0,Bazasa,Katsuma,150.0,3844.4756457056415,0,0,,,,False,False,Accessible,False,0,,,,False,5,True,False,Plausible miss,0.0,1,1.6708191412571471,0.306,False,Not significant
S01532,Watiyi,Village,W021,LGA02,7.858155,10.494237,158.0,Yezata,Gwarin,70.58862398238314,176.47155995595784,32,1,T21,2026-03-11 15:30:00,2026-03-11 16:01:00,False,True,Accessible,False,167,158.0,1.0,T21,True,5,True,False,Visited (track-confirmed),1.0569620253164558,0,-1.2136530921098103,0.001,True,Cold spot (well-covered cluster)
S02214,Uzyotu,Village,W034,LGA03,8.132966,11.179723,46.0,Dodeta,Katsuma,150.0,648.9269388777806,5,1,T02,2026-03-12 10:52:00,2026-03-12 10:56:00,False,True,Accessible,False,25,46.0,1.0,T02,True,5,True,False,Visited (track-confirmed),0.5434782608695652,0,1.6708191412571471,0.103,False,Not significant
S01504,Nurima-Yamma,Hamlet,W020,LGA01,7.706949,11.156812,48.0,Famade,Idi-Oro,101.03726461117232,252.5931615279308,35,1,T20,2026-03-11 10:36:00,2026-03-11 11:10:00,False,True,Accessible,False,44,48.0,1.0,T20,True,5,True,False,Visited (track-confirmed),0.9166666666666666,0,-1.2136530921098103,0.001,True,Cold spot (well-covered cluster)
S00691,Kuwashi,Hamlet,W008,LGA01,7.296419,10.952955,31.0,Umyosa,Idi-Oro,150.0,894.6910342811509,0,0,,,,False,False,Accessible,False,25,31.0,1.0,T08,True,5,True,False,Tally-only (no GPS confirmation),0.8064516129032258,0,-0.2521623476541578,0.307,False,Not significant
S02521,Tamama,Settlement,W040,LGA04,8.385744,11.21229,47.0,Gujiri,Ilela,150.0,532.9200653505817,0,0,,,,False,False,Accessible,False,29,47.0,1.0,T08,True,5,True,False,Tally-only (no GPS confirmation),0.6170212765957447,0,-0.2521623476541578,0.307,False,Not significant
S01754,Jikoshi,Settlement,W026,LGA03,7.736291,11.535166,30.0,Kungomi,Katsuma,150.0,381.1419224743714,0,0,,,,False,False,Accessible,False,0,,,,False,5,True,False,Plausible miss,0.0,1,-0.2521623476541578,0.001,True,Cold spot (well-covered cluster)
S02115,Haberi-Yamma,Urban block,W033,LGA03,8.036784,11.172728,261.0,Tasayi,Katsuma,150.0,1560.95566426246,0,0,,,,False,False,Accessible,False,242,261.0,1.0,T01,True,5,True,False,Tally-only (no GPS confirmation),0.9272030651340997,0,2.6323098857128,0.028,False,Not significant
S01266,Ribata,Hamlet,W016,LGA02,7.670063,10.489446,46.0,Uzritu,Gwarin,150.0,680.2695654561894,18,1,T16,2026-03-11 08:41:00,2026-03-11 08:58:00,False,True,Accessible,False,30,46.0,1.0,T16,True,5,True,False,Visited (track-confirmed),0.6521739130434783,0,-1.2136530921098103,0.001,True,Cold spot (well-covered cluster)
S02270,Nushade,Village,W035,LGA04,8.262213,10.999055,66.0,Dazata,Ilela,150.0,550.498539948138,0,0,,,,False,False,Accessible,False,66,66.0,1.0,T03,True,5,True,True,Tally-only (no GPS confirmation),1.0,0,-1.2136530921098103,0.001,True,Cold spot (well-covered cluster)
S00569,Doludu,Village,W007,LGA01,7.428061,11.265971,111.0,Bayoyi,Idi-Oro,150.0,1497.1023956462825,0,0,,,,False,False,Accessible,False,77,111.0,1.0,T07,True,5,True,False,Tally-only (no GPS confirmation),0.6936936936936937,0,1.6708191412571471,0.101,False,Not significant
S02180,Sadeko-Gabas,Hamlet,W034,LGA03,8.259411,11.211803,21.0,Dodeta,Katsuma,150.0,804.3578574539472,0,0,,,,False,False,Accessible,False,14,21.0,1.0,T02,True,5,True,False,Tally-only (no GPS confirmation),0.6666666666666666,0,-1.2136530921098103,0.001,True,Cold spot (well-covered cluster)
S00435,Okrasa,Village,W006,LGA01,7.211817,11.366119,166.0,Okradu,Idi-Oro,150.0,972.1402703117757,0,0,,,,False,False,Accessible,False,117,166.0,1.0,T06,True,5,True,False,Tally-only (no GPS confirmation),0.7048192771084337,0,0.7093283968014948,0.31,False,Not significant
S01042,Nungoko-Tudun,Village,W014,LGA01,7.450077,11.462323,78.0,Bishama,Idi-Oro,117.24023220544487,293.10058051361216,3,1,T14,2026-03-10 15:19:00,2026-03-10 15:21:00,False,True,Accessible,False,73,78.0,1.0,T14,True,5,True,False,Visited (track-confirmed),0.9358974358974359,0,0.7093283968014948,0.31,False,Not significant
S00846,Okshata,Hamlet,W010,LGA02,7.413858,10.805366,15.0,Fazafa,Gwarin,150.0,1409.2979279941198,0,0,,,,False,False,Accessible,False,15,15.0,1.0,T10,True,5,True,False,Tally-only (no GPS confirmation),1.0,0,-1.2136530921098103,0.001,True,Cold spot (well-covered cluster)
S02383,Agduyi,Village,W038,LGA03,8.32117,11.430327,98.0,Sashasa,Katsuma,150.0,758.1248006974305,0,0,,,,False,False,Accessible,False,95,98.0,1.0,T06,True,5,True,False,Tally-only (no GPS confirmation),0.9693877551020408,0,-1.2136530921098103,0.001,True,Cold spot (well-covered cluster)
S00183,Wayoru-Sabo,Village,W002,LGA01,7.222078,10.774631,221.0,Ekduru,Idi-Oro,150.0,409.28503254758647,5,1,T02,2026-03-11 15:47:00,2026-03-11 15:51:00,False,True,Accessible,False,126,221.0,1.0,T02,True,5,True,False,Visited (track-confirmed),0.5701357466063348,0,-1.2136530921098103,0.001,True,Cold spot (well-covered cluster)
S01062,Dabemi,Village,W014,LGA01,7.502594,11.518911,97.0,Bishama,Idi-Oro,149.87334518862372,374.6833629715593,4,1,T14,2026-03-10 09:35:00,2026-03-10 09:38:00,False,True,Accessible,False,73,97.0,1.0,T14,True,5,True,False,Visited (track-confirmed),0.7525773195876289,0,-1.2136530921098103,0.001,True,Cold spot (well-covered cluster)
S00546,Enzako,Settlement,W007,LGA01,7.374452,11.22254,60.0,Bayoyi,Idi-Oro,89.861208592136,224.65302148033996,33,1,T07,2026-03-11 12:19:00,2026-03-11 12:51:00,False,True,Accessible,False,36,60.0,1.0,T07,True,5,True,False,Visited (track-confirmed),0.6,0,-0.2521623476541578,0.306,False,Not significant
S01636,Tazasa,Village,W024,LGA04,7.777467,10.774299,71.0,Kuraba-Kofar,Ilela,150.0,387.5904165917087,31,1,T24,2026-03-11 11:51:00,2026-03-12 17:34:00,False,True,Accessible,False,51,71.0,1.0,T24,True,5,True,False,Visited (track-confirmed),0.7183098591549296,0,-1.2136530921098103,0.001,True,Cold spot (well-covered cluster)
S01730,Adzaba,Village,W026,LGA03,7.741279,11.527543,75.0,Kungomi,Katsuma,150.0,623.4609518949719,25,1,T26,2026-03-13 14:18:00,2026-03-13 14:42:00,False,True,Accessible,False,79,75.0,1.0,T26,True,5,True,False,Visited (track-confirmed),1.0533333333333332,0,-0.2521623476541578,0.306,False,Not significant
S01598,Mazani-Gabas,Urban block,W023,LGA03,7.919383,11.213561,175.0,Suwade,Katsuma,150.0,1052.7599492519528,0,0,,,,False,False,Accessible,False,0,,,,False,5,True,False,Plausible miss,0.0,1,-0.2521623476541578,0.001,True,Cold spot (well-covered cluster)
S00713,Dojimi,Hamlet,W008,LGA01,7.220007,10.935882,20.0,Umyosa,Idi-Oro,150.0,616.385524961029,0,0,,,,False,False,Accessible,False,12,20.0,1.0,T08,True,5,True,False,Tally-only (no GPS confirmation),0.6,0,-0.2521623476541578,0.305,False,Not significant
S01364,Bitija,Hamlet,W018,LGA02,7.597233,10.633195,24.0,Adwana,Gwarin,150.0,930.9707518780843,7,1,T18,2026-03-10 08:52:00,2026-03-10 10:57:00,False,True,Accessible,False,16,24.0,1.0,T18,True,5,True,False,Visited (track-confirmed),0.6666666666666666,0,-1.2136530921098103,0.001,True,Cold spot (well-covered cluster)
S01460,Adngoba,Village,W020,LGA01,7.75221,11.166326,47.0,Famade,Idi-Oro,150.0,393.61625610832994,0,0,,,,False,False,Accessible,False,32,47.0,1.0,T20,True,5,True,False,Tally-only (no GPS confirmation),0.6808510638297872,0,-0.2521623476541578,0.305,False,Not significant
S00138,Lorade-Sabo,Urban block,W002,LGA01,7.105552,10.716086,410.0,Ekduru,Idi-Oro,150.0,605.9747283127886,0,0,,,,False,False,Accessible,False,265,410.0,1.0,T02,True,5,True,False,Tally-only (no GPS confirmation),0.6463414634146342,0,0.7093283968014948,0.309,False,Not significant
S00946,Ibmawa,Village,W012,LGA02,7.33522,10.533201,167.0,Darari,Gwarin,150.0,626.4297013120419,124,1,T12,2026-03-10 15:14:00,2026-03-10 17:23:00,False,True,Accessible,False,119,167.0,1.0,T12,True,5,True,False,Visited (track-confirmed),0.7125748502994012,0,-0.2521623476541578,0.305,False,Not significant
S01870,Uzduta,Village,W029,LGA04,7.982679,11.084549,60.0,Wangoni,Ilela,150.0,452.95705841014166,1,1,T29,2026-03-12 13:07:00,2026-03-12 13:07:00,False,True,Accessible,False,60,60.0,1.0,T29,True,5,True,False,Visited (track-confirmed),1.0,0,-1.2136530921098103,0.001,True,Cold spot (well-covered cluster)
S01453,Bingoyi,Urban block,W020,LGA01,7.645337,11.059431,248.0,Famade,Idi-Oro,150.0,2040.1739664033735,0,0,,,,False,False,Accessible,False,165,248.0,1.0,T20,True,5,True,False,Tally-only (no GPS confirmation),0.6653225806451613,0,-1.2136530921098103,0.001,True,Cold spot (well-covered cluster)
S00451,Subafa-Sabo,Village,W006,LGA01,7.231822,11.233288,65.0,Okradu,Idi-Oro,150.0,809.7958556607565,0,0,,,,False,False,Accessible,False,56,65.0,1.0,T06,True,5,True,False,Tally-only (no GPS confirmation),0.8615384615384616,0,-0.2521623476541578,0.305,False,Not significant
S00076,Tarani,Urban block,W001,LGA01,7.040814,10.965418,423.0,Ekngoyi,Idi-Oro,150.0,1061.2065999082965,0,0,,,,False,False,Accessible,False,270,423.0,1.0,T01,True,5,True,False,Tally-only (no GPS confirmation),0.6382978723404256,0,0.7093283968014948,0.309,False,Not significant
S02240,Kalani,Village,W035,LGA04,8.231297,11.066301,30.0,Dazata,Ilela,150.0,1345.5765221639776,0,0,,,,False,False,Accessible,False,32,30.0,1.0,T03,True,5,True,True,Tally-only (no GPS confirmation),1.0666666666666667,0,-1.2136530921098103,0.001,True,Cold spot (well-covered cluster)
S01362,Irkowo,Village,W018,LGA02,7.625597,10.627547,54.0,Adwana,Gwarin,62.216739547786496,155.54184886946624,19,1,T18,2026-03-09 07:21:00,2026-03-09 07:39:00,False,True,Accessible,False,31,54.0,1.0,T18,True,5,True,False,Visited (track-confirmed),0.5740740740740741,0,-1.2136530921098103,0.001,True,Cold spot (well-covered cluster)
S00537,Bikofa-Arewa,Hamlet,W007,LGA01,7.331118,11.162352,17.0,Bayoyi,Idi-Oro,150.0,1140.3505234733493,0,0,,,,False,False,Accessible,False,0,,,,False,5,True,False,Plausible miss,0.0,1,0.7093283968014948,0.307,False,Not significant
S02194,Yekoma,Village,W034,LGA03,8.103112,11.281907,98.0,Dodeta,Katsuma,150.0,1083.4823783434688,0,0,,,,False,False,Accessible,False,100,98.0,1.0,T02,True,5,True,False,Tally-only (no GPS confirmation),1.0204081632653061,0,0.7093283968014948,0.31,False,Not significant
S00502,Uzwata-Yamma,Urban block,W006,LGA01,7.260874,11.254645,147.0,Okradu,Idi-Oro,150.0,615.4315890216407,0,0,,,,False,False,Accessible,False,115,147.0,1.0,T06,True,5,True,False,Tally-only (no GPS confirmation),0.782312925170068,0,1.6708191412571471,0.103,False,Not significant
S01024,Enlana,Urban block,W014,LGA01,7.374387,11.488808,560.0,Bishama,Idi-Oro,150.0,1321.5555240113606,0,0,,,,False,False,Accessible,False,310,560.0,1.0,T14,True,5,True,False,Tally-only (no GPS confirmation),0.5535714285714286,0,-0.2521623476541578,0.306,False,Not significant
D01757,Ibsaru,Village,W027,LGA03,7.926575,11.458277,57.0,Daberi,Katsuma,110.14197505828616,275.3549376457154,0,0,,,,False,False,Accessible,False,0,,,,False,5,True,False,Plausible miss,0.0,1,1.6708191412571471,0.31,False,Not significant
S00998,Damade,Settlement,W014,LGA01,7.393801,11.474904,62.0,Bishama,Idi-Oro,150.0,689.5284741841831,0,0,,,,False,False,Accessible,False,35,62.0,1.0,T14,True,5,True,False,Tally-only (no GPS confirmation),0.5645161290322581,0,-0.2521623476541578,0.308,False,Not significant
S01071,Enrami,Village,W014,LGA01,7.505317,11.488059,42.0,Bishama,Idi-Oro,150.0,749.7382674631755,0,0,,,,False,False,Accessible,False,41,42.0,1.0,T14,True,5,True,False,Tally-only (no GPS confirmation),0.9761904761904762,0,0.7093283968014948,0.312,False,Not significant
S02389,Watide,Settlement,W038,LGA03,8.238541,11.363782,41.0,Sashasa,Katsuma,150.0,3013.8613076104143,0,0,,,,False,False,Accessible,False,0,,,,False,5,True,False,Plausible miss,0.0,1,1.6708191412571471,0.312,False,Not significant
S01220,Fatsiwo-Yamma,Urban block,W015,LGA01,7.540551,11.296309,988.0,Baluru,Idi-Oro,150.0,875.3219602312704,3,1,T15,2026-03-09 10:30:00,2026-03-09 10:32:00,False,True,Accessible,False,0,,,,False,5,True,False,Visited (track-confirmed),0.0,0,0.7093283968014948,0.314,False,Not significant
S02047,Nurashi,Village,W031,LGA03,7.963053,11.303488,36.0,Satide,Katsuma,150.0,3173.17453332996,35,1,T31,2026-03-11 16:26:00,2026-03-11 17:00:00,False,True,Accessible,False,120,36.0,1.0,T31,True,5,True,False,Visited (track-confirmed),3.3333333333333335,0,-0.2521623476541578,0.307,False,Not significant
S00436,Ibduko,Urban block,W006,LGA01,7.217134,11.23879,385.0,Okradu,Idi-Oro,150.0,1715.623950904989,0,0,,,,False,False,Accessible,False,271,385.0,1.0,T06,True,5,True,False,Tally-only (no GPS confirmation),0.7038961038961039,0,-1.2136530921098103,0.001,True,Cold spot (well-covered cluster)
S00487,Jirita,Hamlet,W006,LGA01,7.232311,11.160556,62.0,Okradu,Idi-Oro,150.0,1564.468702256686,0,0,,,,False,False,Accessible,False,0,,,,False,5,True,False,Plausible miss,0.0,1,-0.2521623476541578,0.001,True,Cold spot (well-covered cluster)
S00824,Loduma-Tudun,Village,W009,LGA02,7.507549,11.009563,104.0,Washatu,Gwarin,150.0,672.3480660807124,138,1,T09,2026-03-10 16:02:00,2026-03-13 13:27:00,False,True,Accessible,False,72,104.0,1.0,T09,True,5,True,False,Visited (track-confirmed),0.6923076923076923,0,-1.2136530921098103,0.001,True,Cold spot (well-covered cluster)
S00898,Saduri-Gabas,Settlement,W011,LGA02,7.585269,10.405774,74.0,Enyoko-Kofar,Gwarin,150.0,1041.3233591034732,131,1,T11,2026-03-13 15:16:00,2026-03-13 17:26:00,False,True,Accessible,False,48,74.0,1.0,T11,True,5,True,False,Visited (track-confirmed),0.6486486486486487,0,-1.2136530921098103,0.001,True,Cold spot (well-covered cluster)
S01361,Agludu,Settlement,W018,LGA02,7.563093,10.640153,36.0,Adwana,Gwarin,103.42746648512014,258.56866621280034,23,1,T18,2026-03-10 11:40:00,2026-03-10 12:02:00,False,True,Accessible,False,29,36.0,1.0,T18,True,5,True,False,Visited (track-confirmed),0.8055555555555556,0,-0.2521623476541578,0.305,False,Not significant
S01238,Agrishi,Village,W016,LGA02,7.558672,10.472885,33.0,Uzritu,Gwarin,150.0,1896.4932188386779,34,1,T16,2026-03-09 15:25:00,2026-03-12 08:46:00,False,True,Accessible,False,31,33.0,1.0,T16,True,5,True,False,Visited (track-confirmed),0.9393939393939394,0,-0.2521623476541578,0.305,False,Not significant
S01415,Nuluwa,Settlement,W019,LGA04,7.578425,11.009966,49.0,Umzaba-Kofar,Ilela,147.04362982879252,367.6090745719813,0,0,,,,False,False,Accessible,False,0,,,,False,5,True,False,Plausible miss,0.0,1,-0.2521623476541578,0.001,True,Cold spot (well-covered cluster)
S00954,Bibedu,Hamlet,W013,LGA02,7.5276,10.671773,36.0,Sashako,Gwarin,150.0,635.1776143502094,0,0,,,,False,False,Accessible,False,21,36.0,1.0,T13,True,5,True,False,Tally-only (no GPS confirmation),0.5833333333333334,0,-0.2521623476541578,0.305,False,Not significant
S01433,Jiwatu,Village,W020,LGA01,7.587064,11.149833,96.0,Famade,Idi-Oro,150.0,1743.0905614171393,37,1,T20,2026-03-09 07:43:00,2026-03-09 08:19:00,False,True,Accessible,False,101,96.0,1.0,T20,True,5,True,False,Visited (track-confirmed),1.0520833333333333,0,0.7093283968014948,0.317,False,Not significant
S01611,Aglushi,Hamlet,W023,LGA03,7.833086,11.224408,19.0,Suwade,Katsuma,150.0,737.1935022165483,5,1,T23,2026-03-10 10:42:00,2026-03-10 10:46:00,False,True,Accessible,False,0,,,,False,5,True,False,Visited (track-confirmed),0.0,0,0.7093283968014948,0.317,False,Not significant
S00650,Kuwale,Village,W007,LGA01,7.450194,11.209052,138.0,Bayoyi,Idi-Oro,150.0,516.2993323983475,5,1,T07,2026-03-12 16:57:00,2026-03-12 17:01:00,False,True,Accessible,False,137,138.0,1.0,T07,True,5,True,False,Visited (track-confirmed),0.9927536231884058,0,0.7093283968014948,0.317,False,Not significant
S01692,Irngona,Village,W025,LGA04,7.80167,11.133904,75.0,Okriba,Ilela,150.0,871.7223784105297,19,1,T25,2026-03-10 08:41:00,2026-03-10 09:00:00,False,True,Accessible,False,0,,,,False,5,True,False,Visited (track-confirmed),0.0,0,1.6708191412571471,0.103,False,Not significant
S01713,Adtsima,Village,W026,LGA03,7.649127,11.402383,85.0,Kungomi,Katsuma,150.0,2132.183554016884,0,0,,,,False,False,Accessible,False,83,85.0,1.0,T26,True,5,True,False,Tally-only (no GPS confirmation),0.9764705882352941,0,1.6708191412571471,0.103,False,Not significant
S00164,Balani,Village,W002,LGA01,7.230121,10.762124,60.0,Ekduru,Idi-Oro,150.0,1029.5147891609965,0,0,,,,False,False,Accessible,False,46,60.0,1.0,T02,True,5,True,False,Tally-only (no GPS confirmation),0.7666666666666667,0,-1.2136530921098103,0.001,True,Cold spot (well-covered cluster)
S01370,Marawo,Village,W018,LGA02,7.651142,10.732271,19.0,Adwana,Gwarin,150.0,2742.4480858099114,19,1,T18,2026-03-10 14:55:00,2026-03-10 15:13:00,False,True,Accessible,False,18,19.0,1.0,T18,True,5,True,False,Visited (track-confirmed),0.9473684210526315,0,-1.2136530921098103,0.001,True,Cold spot (well-covered cluster)
S00885,Riduko,Village,W011,LGA02,7.702719,10.435202,45.0,Enyoko-Kofar,Gwarin,150.0,1664.9218828049184,33,1,T11,2026-03-09 10:49:00,2026-03-09 11:21:00,False,True,Accessible,False,26,45.0,1.0,T11,True,5,True,False,Visited (track-confirmed),0.5777777777777777,0,-0.2521623476541578,0.305,False,Not significant
S01615,Tazawa,Village,W023,LGA03,7.915751,11.145117,68.0,Suwade,Katsuma,150.0,2171.153520230398,0,0,,,,False,False,Accessible,False,38,68.0,1.0,T23,True,5,True,False,Tally-only (no GPS confirmation),0.5588235294117647,0,-1.2136530921098103,0.001,True,Cold spot (well-covered cluster)
S01412,Rinasa,Settlement,W019,LGA04,7.612382,10.99315,24.0,Umzaba-Kofar,Ilela,150.0,777.5496762038858,30,1,T19,2026-03-10 17:44:00,2026-03-13 11:37:00,False,True,Accessible,False,19,24.0,1.0,T19,True,5,True,False,Visited (track-confirmed),0.7916666666666666,0,-1.2136530921098103,0.001,True,Cold spot (well-covered cluster)
S01110,Oltsija,Settlement,W015,LGA01,7.516375,11.194046,62.0,Baluru,Idi-Oro,115.0598474446035,287.64961861150874,22,1,T15,2026-03-12 07:45:00,2026-03-12 08:06:00,False,True,Accessible,False,41,62.0,1.0,T15,True,5,True,False,Visited (track-confirmed),0.6612903225806451,0,-0.2521623476541578,0.305,False,Not significant
S00469,Oksawa,Urban block,W006,LGA01,7.18906,11.300539,412.0,Okradu,Idi-Oro,103.09535495787723,257.73838739469306,0,0,,,,False,False,Accessible,False,405,412.0,1.0,T06,True,5,True,False,Tally-only (no GPS confirmation),0.9830097087378641,0,-0.2521623476541578,0.305,False,Not significant
S00327,Bawawa-Kofar,Hamlet,W003,LGA01,7.435931,11.041793,15.0,Satita,Idi-Oro,143.871043612999,359.67760903249746,0,0,,,,False,False,Accessible,False,0,,,,False,5,True,False,Plausible miss,0.0,1,1.6708191412571471,0.315,False,Not significant
S01837,Agngoko,Hamlet,W028,LGA04,7.886311,10.865501,10.0,Wangoja,Ilela,122.49525943497852,306.2381485874463,35,1,T28,2026-03-13 13:57:00,2026-03-13 14:31:00,False,True,Accessible,False,8,10.0,1.0,T28,True,5,True,False,Visited (track-confirmed),0.8,0,-0.2521623476541578,0.303,False,Not significant
S01391,Kuyoja-Tudun,Settlement,W019,LGA04,7.602497,10.994992,14.0,Umzaba-Kofar,Ilela,120.75653444329437,301.8913361082359,5,1,T08,2026-03-09 11:55:00,2026-03-13 12:33:00,False,True,Accessible,False,10,14.0,1.0,T19,True,5,True,False,Visited (track-confirmed),0.7142857142857143,0,-1.2136530921098103,0.001,True,Cold spot (well-covered cluster)
S02192,Gunari,Settlement,W034,LGA03,8.109845,11.189338,12.0,Dodeta,Katsuma,110.78246250204023,276.95615625510055,0,0,,,,False,False,Accessible,False,12,12.0,1.0,T02,True,5,True,False,Tally-only (no GPS confirmation),1.0,0,1.6708191412571471,0.102,False,Not significant
S01017,Sumari,Village,W014,LGA01,7.393153,11.434541,27.0,Bishama,Idi-Oro,150.0,912.4376370799698,36,1,T14,2026-03-09 14:45:00,2026-03-09 15:20:00,False,True,Accessible,False,19,27.0,1.0,T14,True,5,True,False,Visited (track-confirmed),0.7037037037037037,0,-0.2521623476541578,0.303,False,Not significant
S00779,Katsimi,Village,W008,LGA01,7.429117,10.970925,103.0,Umyosa,Idi-Oro,149.10598454205973,372.7649613551493,0,0,,,,False,False,Accessible,False,73,103.0,1.0,T08,True,5,True,False,Tally-only (no GPS confirmation),0.7087378640776699,0,-0.2521623476541578,0.303,False,Not significant
S02073,Losaru,Hamlet,W032,LGA04,8.085616,10.861903,27.0,Bisani-Gabas,Ilela,150.0,732.5363671553567,104,1,T32,2026-03-11 16:47:00,2026-03-11 18:30:00,False,True,Accessible,False,19,27.0,1.0,T32,True,5,True,False,Visited (track-confirmed),0.7037037037037037,0,-1.2136530921098103,0.001,True,Cold spot (well-covered cluster)
S00753,Agwama,Village,W008,LGA01,7.313721,10.954666,88.0,Umyosa,Idi-Oro,150.0,1698.3254727102803,0,0,,,,False,False,Accessible,False,78,88.0,1.0,T08,True,5,True,False,Tally-only (no GPS confirmation),0.8863636363636364,0,-1.2136530921098103,0.001,True,Cold spot (well-covered cluster)
S02387,Wamani-Yamma,Hamlet,W038,LGA03,8.386105,11.293568,19.0,Sashasa,Katsuma,150.0,805.5660826152204,0,0,,,,False,False,Accessible,False,12,19.0,1.0,T06,True,5,True,False,Tally-only (no GPS confirmation),0.631578947368421,0,-0.2521623476541578,0.303,False,Not significant
S01249,Olbena,Settlement,W016,LGA02,7.579672,10.460694,59.0,Uzritu,Gwarin,150.0,841.402580068217,34,1,T16,2026-03-09 08:18:00,2026-03-09 08:51:00,False,True,Accessible,False,57,59.0,1.0,T16,True,5,True,False,Visited (track-confirmed),0.9661016949152542,0,-1.2136530921098103,0.001,True,Cold spot (well-covered cluster)
S01780,Sakowo,Village,W027,LGA03,7.912788,11.483848,111.0,Daberi,Katsuma,150.0,732.8119451708627,41,1,T27,2026-03-10 10:24:00,2026-03-13 09:49:00,False,True,Accessible,False,63,111.0,1.0,T27,True,5,True,False,Visited (track-confirmed),0.5675675675675675,0,-1.2136530921098103,0.001,True,Cold spot (well-covered cluster)
S02507,Uzjita,Village,W040,LGA04,8.285031,11.212825,60.0,Gujiri,Ilela,118.7687452972539,296.92186324313474,0,0,,,,False,False,Accessible,False,62,60.0,1.0,T08,True,5,True,False,Tally-only (no GPS confirmation),1.0333333333333334,0,-0.2521623476541578,0.303,False,Not significant
S01341,Gungode,Settlement,W018,LGA02,7.575116,10.663338,14.0,Adwana,Gwarin,150.0,480.1557281285395,0,0,,,,False,False,Accessible,False,9,14.0,1.0,T18,True,5,True,False,Tally-only (no GPS confirmation),0.6428571428571429,0,-1.2136530921098103,0.001,True,Cold spot (well-covered cluster)
S02190,Uztiko,Hamlet,W034,LGA03,8.12997,11.184791,7.0,Dodeta,Katsuma,150.0,397.0030560279503,0,0,,,,False,False,Accessible,False,6,7.0,1.0,T02,True,5,True,False,Tally-only (no GPS confirmation),0.8571428571428571,0,1.6708191412571471,0.102,False,Not significant
S02467,Agriwo,Village,W039,LGA04,8.276743,10.783282,113.0,Nungoni-Arewa,Ilela,150.0,5275.305957678944,0,0,,,,False,False,Accessible,False,78,113.0,1.0,T07,True,5,True,True,Tally-only (no GPS confirmation),0.6902654867256637,0,-1.2136530921098103,0.001,True,Cold spot (well-covered cluster)
S01803,Zasani-Yamma,Village,W028,LGA04,7.894288,10.862059,199.0,Wangoja,Ilela,150.0,524.9702400708824,0,0,,,,False,False,Accessible,False,185,199.0,1.0,T28,True,5,True,False,Tally-only (no GPS confirmation),0.9296482412060302,0,-0.2521623476541578,0.303,False,Not significant
D02009,Yeladu,Hamlet,W031,LGA03,7.935511,11.313785,16.0,Satide,Katsuma,150.0,637.909439324289,2,1,T06,2026-03-12 18:16:00,2026-03-12 18:17:00,False,True,Accessible,False,0,,,,False,5,True,False,Visited (track-confirmed),0.0,0,0.7093283968014948,0.316,False,Not significant
S01970,Yengoru,Village,W030,LGA04,8.067327,10.581241,93.0,Yeride,Ilela,150.0,1485.9078727278152,23,1,T30,2026-03-09 07:33:00,2026-03-09 07:55:00,False,True,Accessible,False,98,93.0,1.0,T30,True,5,True,False,Visited (track-confirmed),1.053763440860215,0,-0.2521623476541578,0.303,False,Not significant
S00308,Umjiwa-Kudu,Hamlet,W003,LGA01,7.455776,11.03287,23.0,Satita,Idi-Oro,81.07355539062294,202.68388847655734,0,0,,,,False,False,Accessible,False,19,23.0,1.0,T03,True,5,True,False,Tally-only (no GPS confirmation),0.8260869565217391,0,-0.2521623476541578,0.303,False,Not significant
S00802,Wayole-Kofar,Hamlet,W009,LGA02,7.551641,10.96727,23.0,Washatu,Gwarin,150.0,797.4543445841774,26,1,T09,2026-03-12 09:02:00,2026-03-13 08:51:00,False,True,Accessible,False,24,23.0,1.0,T09,True,5,True,False,Visited (track-confirmed),1.0434782608695652,0,1.6708191412571471,0.102,False,Not significant
D01917,Haraja-Kudu,Village,W029,LGA04,7.995142,10.988106,49.0,Wangoni,Ilela,150.0,539.4525025143435,0,0,,,,False,False,Accessible,False,0,,,,False,5,True,False,Plausible miss,0.0,1,-0.2521623476541578,0.001,True,Cold spot (well-covered cluster)
S01109,Dosashi,Village,W015,LGA01,7.508958,11.193804,136.0,Baluru,Idi-Oro,91.47719536904793,228.6929884226198,0,0,,,,False,False,Accessible,False,109,136.0,1.0,T15,True,5,True,False,Tally-only (no GPS confirmation),0.8014705882352942,0,-1.2136530921098103,0.001,True,Cold spot (well-covered cluster)
S00597,Ibkoba,Village,W007,LGA01,7.457471,11.19183,94.0,Bayoyi,Idi-Oro,150.0,818.945110127639,19,1,T07,2026-03-12 07:43:00,2026-03-12 08:01:00,False,True,Accessible,False,96,94.0,1.0,T07,True,5,True,False,Visited (track-confirmed),1.0212765957446808,0,-0.2521623476541578,0.305,False,Not significant
S02362,Nushadu,Village,W037,LGA03,8.177523,11.528195,16.0,Longoma,Katsuma,150.0,758.6487905295969,0,0,,,,False,False,Accessible,False,14,16.0,1.0,T05,True,5,True,False,Tally-only (no GPS confirmation),0.875,0,0.7093283968014948,0.313,False,Not significant
S01145,Dangode,Village,W015,LGA01,7.493857,11.356204,139.0,Baluru,Idi-Oro,150.0,1523.6516317621397,0,0,,,,False,False,Accessible,False,84,139.0,1.0,T15,True,5,True,False,Tally-only (no GPS confirmation),0.60431654676259,0,-0.2521623476541578,0.305,False,Not significant
S00748,Enngoko,Village,W008,LGA01,7.250883,10.943067,37.0,Umyosa,Idi-Oro,150.0,1014.6428120698251,0,0,,,,False,False,Accessible,False,29,37.0,1.0,T08,True,5,True,False,Tally-only (no GPS confirmation),0.7837837837837838,0,0.7093283968014948,0.313,False,Not significant
S02223,Uzshami,Village,W035,LGA04,8.301976,10.983567,99.0,Dazata,Ilela,150.0,1351.909038629731,0,0,,,,False,False,Accessible,False,60,99.0,1.0,T03,True,5,True,True,Tally-only (no GPS confirmation),0.6060606060606061,0,-1.2136530921098103,0.001,True,Cold spot (well-covered cluster)
S01632,Numatu,Village,W023,LGA03,7.80699,11.255603,27.0,Suwade,Katsuma,150.0,521.7407117109867,0,0,,,,False,False,Accessible,False,0,,,,False,5,True,False,Plausible miss,0.0,1,4.555291374624105,0.003,True,Hot spot (missed-settlement cluster)
S02320,Kutina,Village,W037,LGA03,8.205577,11.511003,40.0,Longoma,Katsuma,150.0,655.2961754014235,0,0,,,,False,False,Accessible,False,36,40.0,1.0,T05,True,5,True,False,Tally-only (no GPS confirmation),0.9,0,-1.2136530921098103,0.001,True,Cold spot (well-covered cluster)
S00351,Eklufa,Settlement,W004,LGA02,7.185531,10.695851,12.0,Yesawo,Gwarin,150.0,885.6547131632017,0,0,,,,False,False,Accessible,False,9,12.0,1.0,T04,True,5,True,False,Tally-only (no GPS confirmation),0.75,0,-1.2136530921098103,0.001,True,Cold spot (well-covered cluster)
S00941,Doyoru,Village,W012,LGA02,7.327903,10.495844,61.0,Darari,Gwarin,150.0,411.8386828361999,106,1,T12,2026-03-13 09:50:00,2026-03-13 11:38:00,False,True,Accessible,False,48,61.0,1.0,T12,True,5,True,False,Visited (track-confirmed),0.7868852459016393,0,-1.2136530921098103,0.001,True,Cold spot (well-covered cluster)
S02140,Olsami,Village,W033,LGA03,7.957984,11.137345,52.0,Tasayi,Katsuma,130.78632523918017,326.96581309795044,0,0,,,,False,False,Accessible,False,39,52.0,1.0,T01,True,5,True,False,Tally-only (no GPS confirmation),0.75,0,0.7093283968014948,0.313,False,Not significant
S01653,Warile,Village,W024,LGA04,7.795295,10.690472,68.0,Kuraba-Kofar,Ilela,150.0,996.9812182751601,32,1,T24,2026-03-10 13:37:00,2026-03-13 11:43:00,False,True,Accessible,False,45,68.0,1.0,T24,True,5,True,False,Visited (track-confirmed),0.6617647058823529,0,0.7093283968014948,0.313,False,Not significant
S01344,Ibnani-Kudu,Hamlet,W018,LGA02,7.566799,10.640382,18.0,Adwana,Gwarin,150.0,406.2545796166829,33,1,T18,2026-03-10 07:30:00,2026-03-10 11:37:00,False,True,Accessible,False,16,18.0,1.0,T18,True,5,True,False,Visited (track-confirmed),0.8888888888888888,0,-0.2521623476541578,0.305,False,Not significant
S02382,Adrisa,Hamlet,W038,LGA03,8.407473,11.296295,5.0,Sashasa,Katsuma,150.0,491.87876824931783,0,0,,,,False,False,Accessible,False,4,5.0,1.0,T06,True,5,True,False,Tally-only (no GPS confirmation),0.8,0,-0.2521623476541578,0.305,False,Not significant
S01382,Kazayi-Kudu,Village,W019,LGA04,7.733434,10.998425,70.0,Umzaba-Kofar,Ilela,150.0,5533.858211980206,31,1,T19,2026-03-09 12:19:00,2026-03-09 12:52:00,False,True,Accessible,False,52,70.0,1.0,T19,True,5,True,False,Visited (track-confirmed),0.7428571428571429,0,-1.2136530921098103,0.001,True,Cold spot (well-covered cluster)
S00939,Okngori,Settlement,W012,LGA02,7.344232,10.502982,58.0,Darari,Gwarin,117.41583214961412,293.53958037403527,34,1,T12,2026-03-10 07:13:00,2026-03-10 07:46:00,False,True,Accessible,False,52,58.0,1.0,T12,True,5,True,False,Visited (track-confirmed),0.896551724137931,0,-1.2136530921098103,0.001,True,Cold spot (well-covered cluster)
S01247,Fazaru,Hamlet,W016,LGA02,7.585481,10.598728,11.0,Uzritu,Gwarin,150.0,2730.602605301328,0,0,,,,False,False,Accessible,False,9,11.0,1.0,T16,True,5,True,False,Tally-only (no GPS confirmation),0.8181818181818182,0,-1.2136530921098103,0.001,True,Cold spot (well-covered cluster)
S00198,Fangoni,Urban block,W002,LGA01,7.135205,10.759231,474.0,Ekduru,Idi-Oro,75.6137606062857,189.03440151571422,0,0,,,,False,False,Accessible,False,493,474.0,1.0,T02,True,5,True,False,Tally-only (no GPS confirmation),1.040084388185654,0,-1.2136530921098103,0.001,True,Cold spot (well-covered cluster)
S01421,Lolari-Sabo,Village,W019,LGA04,7.692035,10.851546,94.0,Umzaba-Kofar,Ilela,50.0,69.42601955845038,30,1,T19,2026-03-11 18:01:00,2026-03-11 18:30:00,True,True,Accessible,True,81,94.0,1.0,T19,True,5,True,False,Visited (track-confirmed),0.8617021276595744,0,-1.2136530921098103,0.001,True,Cold spot (well-covered cluster)
S01126,Manana,Village,W015,LGA01,7.61575,11.276424,128.0,Baluru,Idi-Oro,93.30147109267794,233.25367773169484,0,0,,,,False,False,Accessible,False,82,128.0,1.0,T15,True,5,True,False,Tally-only (no GPS confirmation),0.640625,0,1.6708191412571471,0.104,False,Not significant
S00457,Gurita,Hamlet,W006,LGA01,7.184574,11.329979,18.0,Okradu,Idi-Oro,150.0,995.5301387795763,0,0,,,,False,False,Accessible,False,11,18.0,1.0,T06,True,5,True,False,Tally-only (no GPS confirmation),0.6111111111111112,0,0.7093283968014948,0.313,False,Not significant
S00165,Dariko,Hamlet,W002,LGA01,7.139129,10.746277,18.0,Ekduru,Idi-Oro,150.0,1060.6908484268401,0,0,,,,False,False,Accessible,False,15,18.0,1.0,T02,True,5,True,False,Tally-only (no GPS confirmation),0.8333333333333334,0,-1.2136530921098103,0.001,True,Cold spot (well-covered cluster)
D01108,Iryoko,Hamlet,W015,LGA01,7.539606,11.17483,34.0,Baluru,Idi-Oro,150.0,757.7994430763864,0,0,,,,False,False,Accessible,False,0,,,,False,5,True,False,Plausible miss,0.0,1,0.7093283968014948,0.306,False,Not significant
S02247,Enmayi,Urban block,W035,LGA04,8.266386,11.014897,27.0,Dazata,Ilela,150.0,1074.7625340714958,0,0,,,,False,False,Accessible,False,28,27.0,1.0,T03,True,5,True,True,Tally-only (no GPS confirmation),1.037037037037037,0,-1.2136530921098103,0.001,True,Cold spot (well-covered cluster)
S02343,Olbako,Hamlet,W037,LGA03,8.201982,11.49954,32.0,Longoma,Katsuma,150.0,1114.404491263967,0,0,,,,False,False,Accessible,False,27,32.0,1.0,T05,True,5,True,False,Tally-only (no GPS confirmation),0.84375,0,-1.2136530921098103,0.001,True,Cold spot (well-covered cluster)
S01176,Uzraja,Hamlet,W015,LGA01,7.519891,11.225156,22.0,Baluru,Idi-Oro,150.0,478.5689005410458,36,1,T15,2026-03-10 12:50:00,2026-03-13 10:00:00,False,True,Accessible,False,21,22.0,1.0,T15,True,5,True,False,Visited (track-confirmed),0.9545454545454546,0,-1.2136530921098103,0.001,True,Cold spot (well-covered cluster)
S00518,Hajiri,Hamlet,W006,LGA01,7.256303,11.233556,92.0,Okradu,Idi-Oro,150.0,910.6640852575405,0,0,,,,False,False,Accessible,False,60,92.0,1.0,T06,True,5,True,False,Tally-only (no GPS confirmation),0.6521739130434783,0,-1.2136530921098103,0.001,True,Cold spot (well-covered cluster)
S01880,Batsidu,Village,W029,LGA04,7.948511,11.071882,40.0,Wangoni,Ilela,150.0,377.7425366307508,4,1,T08,2026-03-12 17:33:00,2026-03-12 17:36:00,False,True,Accessible,False,39,40.0,1.0,T29,True,5,True,False,Visited (track-confirmed),0.975,0,-1.2136530921098103,0.001,True,Cold spot (well-covered cluster)
S00488,Biluba,Village,W006,LGA01,7.26357,11.203078,155.0,Okradu,Idi-Oro,150.0,790.0211231384114,0,0,,,,False,False,Accessible,False,110,155.0,1.0,T06,True,5,True,False,Tally-only (no GPS confirmation),0.7096774193548387,0,0.7093283968014948,0.313,False,Not significant
S02153,Umnade,Hamlet,W033,LGA03,8.00555,11.191882,29.0,Tasayi,Katsuma,150.0,631.2308937800389,0,0,,,,False,False,Accessible,False,0,,,,False,5,True,False,Plausible miss,0.0,1,-0.2521623476541578,0.001,True,Cold spot (well-covered cluster)
D00363,Dolaja,Village,W004,LGA02,7.153615,10.667788,17.0,Yesawo,Gwarin,150.0,376.37675808357625,0,0,,,,False,False,Accessible,False,0,,,,False,5,True,False,Plausible miss,0.0,1,-0.2521623476541578,0.001,True,Cold spot (well-covered cluster)
S01275,Damawa,Settlement,W016,LGA02,7.585572,10.489757,38.0,Uzritu,Gwarin,150.0,2245.884591181254,20,1,T16,2026-03-11 11:36:00,2026-03-11 11:55:00,False,True,Accessible,False,31,38.0,1.0,T16,True,5,True,False,Visited (track-confirmed),0.8157894736842105,0,-0.2521623476541578,0.307,False,Not significant
S01509,Agmasa,Village,W020,LGA01,7.716298,11.142481,163.0,Famade,Idi-Oro,150.0,586.5275454973456,2,1,T20,2026-03-13 08:26:00,2026-03-13 08:27:00,False,True,Accessible,False,0,,,,False,5,True,False,Visited (track-confirmed),0.0,0,-1.2136530921098103,0.001,True,Cold spot (well-covered cluster)
S00168,Fashadu,Urban block,W002,LGA01,7.096299,10.78344,325.0,Ekduru,Idi-Oro,133.15667602922682,332.891690073067,0,0,,,,False,False,Accessible,False,255,325.0,1.0,T02,True,5,True,False,Tally-only (no GPS confirmation),0.7846153846153846,0,-0.2521623476541578,0.307,False,Not significant
S00649,Ribemi-Tsakiya,Settlement,W007,LGA01,7.370907,11.218394,61.0,Bayoyi,Idi-Oro,150.0,600.161347158526,3,1,T07,2026-03-12 11:02:00,2026-03-12 11:07:00,False,True,Accessible,False,37,61.0,1.0,T07,True,5,True,False,Visited (track-confirmed),0.6065573770491803,0,-0.2521623476541578,0.307,False,Not significant
S01881,Sulale,Village,W029,LGA04,7.933857,11.042655,117.0,Wangoni,Ilela,150.0,1096.0001479665211,5,1,T29,2026-03-11 18:17:00,2026-03-11 18:21:00,False,True,Accessible,False,92,117.0,1.0,T29,True,5,True,False,Visited (track-confirmed),0.7863247863247863,0,-1.2136530921098103,0.001,True,Cold spot (well-covered cluster)
S02040,Bawawo-Kofar,Village,W031,LGA03,7.997942,11.319873,48.0,Satide,Katsuma,150.0,585.474055740664,3,1,T06,2026-03-12 16:36:00,2026-03-12 16:38:00,False,True,Accessible,False,36,48.0,1.0,T31,True,5,True,False,Visited (track-confirmed),0.75,0,-1.2136530921098103,0.001,True,Cold spot (well-covered cluster)
S01983,Kudeko,Village,W030,LGA04,8.049116,10.582867,54.0,Yeride,Ilela,150.0,1156.149633601131,25,1,T30,2026-03-13 14:34:00,2026-03-13 14:58:00,False,True,Accessible,False,45,54.0,1.0,T30,True,5,True,False,Visited (track-confirmed),0.8333333333333334,0,-0.2521623476541578,0.307,False,Not significant
S00664,Enlaru,Urban block,W008,LGA01,7.207956,10.908941,180.0,Umyosa,Idi-Oro,150.0,442.5727044832208,0,0,,,,False,False,Accessible,False,132,180.0,1.0,T08,True,5,True,False,Tally-only (no GPS confirmation),0.7333333333333333,0,-0.2521623476541578,0.307,False,Not significant
S02203,Adzawa,Village,W034,LGA03,8.116825,11.197133,61.0,Dodeta,Katsuma,150.0,493.8991797700468,0,0,,,,False,False,Accessible,False,35,61.0,1.0,T02,True,5,True,False,Tally-only (no GPS confirmation),0.5737704918032787,0,2.6323098857128,0.025,False,Not significant
S01606,Ekrimi,Urban block,W023,LGA03,7.927534,11.192459,367.0,Suwade,Katsuma,150.0,414.2426770959662,18,1,T23,2026-03-09 18:13:00,2026-03-09 18:30:00,False,True,Accessible,False,224,367.0,1.0,T23,True,5,True,False,Visited (track-confirmed),0.6103542234332425,0,-1.2136530921098103,0.001,True,Cold spot (well-covered cluster)
S00202,Kudema-Gabas,Settlement,W002,LGA01,7.219863,10.80426,30.0,Ekduru,Idi-Oro,150.0,521.9122147126908,4,1,T02,2026-03-10 10:13:00,2026-03-10 10:16:00,False,True,Accessible,False,26,30.0,1.0,T02,True,5,True,False,Visited (track-confirmed),0.8666666666666667,0,-0.2521623476541578,0.307,False,Not significant
S01070,Irdeni-Arewa,Village,W014,LGA01,7.525695,11.50656,130.0,Bishama,Idi-Oro,150.0,1243.207372184427,0,0,,,,False,False,Accessible,False,74,130.0,1.0,T14,True,5,True,False,Tally-only (no GPS confirmation),0.5692307692307692,0,1.6708191412571471,0.104,False,Not significant
S01285,Adduna,Settlement,W017,LGA03,7.565983,11.392797,7.0,Bazasa,Katsuma,150.0,668.4528942470373,0,0,,,,False,False,Accessible,False,0,,,,False,5,True,False,Plausible miss,0.0,1,1.6708191412571471,0.311,False,Not significant
S01830,Nutifa-Tudun,Hamlet,W028,LGA04,7.953136,10.795742,27.0,Wangoja,Ilela,150.0,1937.9603906876337,22,1,T28,2026-03-11 12:46:00,2026-03-11 13:07:00,False,True,Accessible,False,24,27.0,1.0,T28,True,5,True,False,Visited (track-confirmed),0.8888888888888888,0,-0.2521623476541578,0.306,False,Not significant
S01619,Guriwa,Village,W023,LGA03,7.839697,11.225763,54.0,Suwade,Katsuma,50.0,118.29307438821087,0,0,,,,False,False,Accessible,False,41,54.0,1.0,T23,True,5,True,False,Tally-only (no GPS confirmation),0.7592592592592593,0,0.7093283968014948,0.311,False,Not significant
S00979,Talata-Tsakiya,Settlement,W013,LGA02,7.468543,10.666239,75.0,Sashako,Gwarin,150.0,2124.9304002671706,24,1,T13,2026-03-10 10:50:00,2026-03-10 11:13:00,False,True,Accessible,False,64,75.0,1.0,T13,True,5,True,False,Visited (track-confirmed),0.8533333333333334,0,0.7093283968014948,0.311,False,Not significant
S00177,Ibritu,Village,W002,LGA01,6.954388115003849,10.889388,118.0,Ekduru,Idi-Oro,150.0,6371.347616444116,0,0,,,,False,False,Accessible,False,124,118.0,1.0,T02,True,5,True,False,Tally-only (no GPS confirmation),1.0508474576271187,0,0.7093283968014948,0.311,False,Not significant
S00864,Agngoja,Village,W010,LGA02,7.39779,10.846164,40.0,Fazafa,Gwarin,150.0,674.948531116417,88,1,T10,2026-03-12 11:35:00,2026-03-12 13:05:00,False,True,Accessible,False,38,40.0,1.0,T10,True,5,True,False,Visited (track-confirmed),0.95,0,-0.2521623476541578,0.306,False,Not significant
S01240,Haraja,Village,W016,LGA02,7.589636,10.453646,94.0,Uzritu,Gwarin,150.0,471.2958554068229,18,1,T16,2026-03-13 07:24:00,2026-03-13 07:41:00,False,True,Accessible,False,82,94.0,1.0,T16,True,5,True,False,Visited (track-confirmed),0.8723404255319149,0,-1.2136530921098103,0.001,True,Cold spot (well-covered cluster)
S02052,Oktsiru,Village,W032,LGA04,8.090124,10.848661,6.0,Bisani-Gabas,Ilela,150.0,775.9462035340432,3,1,T32,2026-03-09 09:49:00,2026-03-09 09:51:00,False,True,Accessible,False,6,6.0,1.0,T32,True,5,True,False,Visited (track-confirmed),1.0,0,-0.2521623476541578,0.306,False,Not significant
S02488,Agzayi-Gabas,Village,W040,LGA04,8.419023,11.231337,82.0,Gujiri,Ilela,150.0,2120.0727507556758,0,0,,,,False,False,Accessible,False,55,82.0,1.0,T08,True,5,True,False,Tally-only (no GPS confirmation),0.6707317073170732,0,0.7093283968014948,0.311,False,Not significant
S01225,Suritu-Gabas,Urban block,W015,LGA01,7.627337,11.261324,612.0,Baluru,Idi-Oro,150.0,2014.1627235268063,5,1,T15,2026-03-13 13:33:00,2026-03-13 13:37:00,False,True,Accessible,False,0,,,,False,5,True,False,Visited (track-confirmed),0.0,0,1.6708191412571471,0.104,False,Not significant
S00431,Katsidu,Settlement,W006,LGA01,7.181914,11.311323,114.0,Okradu,Idi-Oro,150.0,479.02160961905395,0,0,,,,False,False,Accessible,False,78,114.0,1.0,T06,True,5,True,False,Tally-only (no GPS confirmation),0.6842105263157895,0,-1.2136530921098103,0.001,True,Cold spot (well-covered cluster)
S02235,Ekzako,Hamlet,W035,LGA04,8.236984,10.959514,14.0,Dazata,Ilela,150.0,745.6296532639808,0,0,,,,False,False,Accessible,False,11,14.0,1.0,T03,True,5,True,True,Tally-only (no GPS confirmation),0.7857142857142857,0,-1.2136530921098103,0.001,True,Cold spot (well-covered cluster)
S02520,Addutu,Urban block,W040,LGA04,8.390023,11.190318,973.0,Gujiri,Ilela,109.00616423491434,272.5154105872858,0,0,,,,False,False,Accessible,False,591,973.0,1.0,T08,True,5,True,False,Tally-only (no GPS confirmation),0.6073997944501541,0,-0.2521623476541578,0.306,False,Not significant
S00575,Lodutu,Village,W007,LGA01,7.374745,11.229872,79.0,Bayoyi,Idi-Oro,150.0,506.57774142957345,2,1,T07,2026-03-09 13:26:00,2026-03-09 13:27:00,False,True,Accessible,False,0,,,,False,5,True,False,Visited (track-confirmed),0.0,0,-0.2521623476541578,0.306,False,Not significant
S02117,Nulusa,Village,W033,LGA03,7.96899,11.18568,73.0,Tasayi,Katsuma,150.0,427.841963285254,0,0,,,,False,False,Accessible,False,42,73.0,1.0,T01,True,5,True,False,Tally-only (no GPS confirmation),0.5753424657534246,0,1.6708191412571471,0.104,False,Not significant
S02299,Fadesa,Hamlet,W036,LGA04,8.092804,10.755626,21.0,Mawako,Ilela,150.0,1899.1867073024168,0,0,,,,False,False,Accessible,False,22,21.0,1.0,T04,True,5,True,False,Tally-only (no GPS confirmation),1.0476190476190477,0,1.6708191412571471,0.104,False,Not significant
S01322,Umluri,Hamlet,W018,LGA02,7.555808,10.633317,14.0,Adwana,Gwarin,61.28324955733277,153.20812389333193,12,1,T18,2026-03-13 10:20:00,2026-03-13 10:31:00,False,True,Accessible,False,9,14.0,1.0,T18,True,5,True,False,Visited (track-confirmed),0.6428571428571429,0,-0.2521623476541578,0.306,False,Not significant
S02522,Marami,Village,W040,LGA04,8.287345,11.172919,59.0,Gujiri,Ilela,150.0,544.935346385638,0,0,,,,False,False,Accessible,False,62,59.0,1.0,T08,True,5,True,False,Tally-only (no GPS confirmation),1.0508474576271187,0,-0.2521623476541578,0.306,False,Not significant
S00557,Kutsifa,Village,W007,LGA01,7.360968,11.223473,119.0,Bayoyi,Idi-Oro,111.28889765423338,278.2222441355834,0,0,,,,False,False,Accessible,False,0,,,,False,5,True,False,Plausible miss,0.0,1,-0.2521623476541578,0.001,True,Cold spot (well-covered cluster)
S00106,Adbaru,Settlement,W001,LGA01,7.062711,11.042577,68.0,Ekngoyi,Idi-Oro,150.0,1441.6561993544574,0,0,,,,False,False,Accessible,False,41,68.0,1.0,T01,True,5,True,False,Tally-only (no GPS confirmation),0.6029411764705882,0,-1.2136530921098103,0.001,True,Cold spot (well-covered cluster)
S00096,Okkotu,Urban block,W001,LGA01,7.04953,11.052846,868.0,Ekngoyi,Idi-Oro,150.0,407.5645159521091,0,0,,,,False,False,Accessible,False,831,868.0,1.0,T01,True,5,True,False,Tally-only (no GPS confirmation),0.9573732718894009,0,-1.2136530921098103,0.001,True,Cold spot (well-covered cluster)
S00806,Ribeta,Village,W009,LGA02,7.497759,11.025491,35.0,Washatu,Gwarin,101.5832508621943,253.95812715548576,26,1,T09,2026-03-10 17:27:00,2026-03-13 12:50:00,False,True,Accessible,False,22,35.0,1.0,T09,True,5,True,False,Visited (track-confirmed),0.6285714285714286,0,-1.2136530921098103,0.001,True,Cold spot (well-covered cluster)
S01976,Nubedu,Hamlet,W030,LGA04,7.922314,10.638335,28.0,Yeride,Ilela,150.0,790.4409238600284,3,1,T30,2026-03-09 11:59:00,2026-03-09 12:01:00,False,True,Accessible,False,0,,,,False,5,True,False,Visited (track-confirmed),0.0,0,-1.2136530921098103,0.001,True,Cold spot (well-covered cluster)
S00668,Gunatu-Gabas,Village,W008,LGA01,7.432312,10.966143,93.0,Umyosa,Idi-Oro,100.15553980986908,250.3888495246727,0,0,,,,False,False,Accessible,False,78,93.0,1.0,T08,True,5,True,False,Tally-only (no GPS confirmation),0.8387096774193549,0,-0.2521623476541578,0.305,False,Not significant
S00272,Dalama,Hamlet,W003,LGA01,7.341194,11.036764,73.0,Satita,Idi-Oro,150.0,5427.65787119537,0,0,,,,False,False,Accessible,False,42,73.0,1.0,T03,True,5,True,False,Tally-only (no GPS confirmation),0.5753424657534246,0,0.7093283968014948,0.309,False,Not significant
S00641,Tanafa-Yamma,Village,W007,LGA01,7.333496,11.152314,151.0,Bayoyi,Idi-Oro,150.0,1140.3505234733493,3,1,T01,2026-03-10 11:55:00,2026-03-10 11:57:00,False,True,Accessible,False,157,151.0,1.0,T07,True,5,True,False,Visited (track-confirmed),1.0397350993377483,0,1.6708191412571471,0.104,False,Not significant
S00459,Lorisa,Village,W006,LGA01,7.211086,11.320482,62.0,Okradu,Idi-Oro,150.0,1200.671415951638,0,0,,,,False,False,Accessible,False,64,62.0,1.0,T06,True,5,True,False,Tally-only (no GPS confirmation),1.032258064516129,0,-1.2136530921098103,0.001,True,Cold spot (well-covered cluster)
S00758,Oktsiyi,Hamlet,W008,LGA01,7.188718,10.910275,95.0,Umyosa,Idi-Oro,84.63017752210982,211.57544380527455,0,0,,,,False,False,Accessible,False,93,95.0,1.0,T08,True,5,True,False,Tally-only (no GPS confirmation),0.9789473684210527,0,-0.2521623476541578,0.305,False,Not significant
S01346,Lowama-Gabas,Village,W018,LGA02,7.546868,10.651861,42.0,Adwana,Gwarin,150.0,392.11368995229316,0,0,,,,False,False,Accessible,False,35,42.0,1.0,T18,True,5,True,False,Tally-only (no GPS confirmation),0.8333333333333334,0,-1.2136530921098103,0.001,True,Cold spot (well-covered cluster)
S00022,Jimawa,Village,W001,LGA01,7.036134,11.007819,58.0,Ekngoyi,Idi-Oro,104.31657893875376,260.7914473468844,2,1,T01,2026-03-13 09:31:00,2026-03-13 09:32:00,False,True,Accessible,False,58,58.0,1.0,T01,True,5,True,False,Visited (track-confirmed),1.0,0,0.7093283968014948,0.309,False,Not significant
S01960,Taladu,Village,W030,LGA04,8.014421,10.544948,104.0,Yeride,Ilela,150.0,1903.9096522770687,0,0,,,,False,False,Accessible,False,74,104.0,1.0,T30,True,5,True,False,Tally-only (no GPS confirmation),0.7115384615384616,0,0.7093283968014948,0.309,False,Not significant
S01061,Hanami,Village,W014,LGA01,7.399779,11.50172,215.0,Bishama,Idi-Oro,150.0,645.4475555611378,7,1,T14,2026-03-13 14:03:00,2026-03-13 14:09:00,False,True,Accessible,False,149,215.0,1.0,T14,True,5,True,False,Visited (track-confirmed),0.6930232558139535,0,-0.2521623476541578,0.305,False,Not significant
S01287,Dotsile,Hamlet,W017,LGA03,7.553456,11.394998,14.0,Bazasa,Katsuma,150.0,530.9706107272707,29,1,T17,2026-03-09 16:13:00,2026-03-12 09:54:00,False,True,Accessible,False,8,14.0,1.0,T17,True,5,True,False,Visited (track-confirmed),0.5714285714285714,0,0.7093283968014948,0.309,False,Not significant
S00364,Sangoru-Sabo,Village,W004,LGA02,7.201645,10.704503,56.0,Yesawo,Gwarin,50.0,118.67051616452068,0,0,,,,False,False,Accessible,False,58,56.0,1.0,T04,True,5,True,False,Tally-only (no GPS confirmation),1.0357142857142858,0,0.7093283968014948,0.309,False,Not significant
S02300,Kurile-Gabas,Settlement,W036,LGA04,8.083398,10.696942,93.0,Mawako,Ilela,150.0,1508.9736920471967,0,0,,,,False,False,Accessible,False,60,93.0,1.0,T04,True,5,True,False,Tally-only (no GPS confirmation),0.6451612903225806,0,-1.2136530921098103,0.001,True,Cold spot (well-covered cluster)
S00091,Saluru,Village,W001,LGA01,7.117245,11.019985,36.0,Ekngoyi,Idi-Oro,150.0,1006.5746170560082,0,0,,,,False,False,Accessible,False,20,36.0,1.0,T01,True,5,True,False,Tally-only (no GPS confirmation),0.5555555555555556,0,-0.2521623476541578,0.305,False,Not significant
S01914,Admaja,Hamlet,W029,LGA04,7.973795,10.995634,12.0,Wangoni,Ilela,150.0,1298.9146234778195,0,0,,,,False,False,Accessible,False,12,12.0,1.0,T29,True,5,True,False,Tally-only (no GPS confirmation),1.0,0,-0.2521623476541578,0.305,False,Not significant
S00463,Risaja,Hamlet,W006,LGA01,7.185768,11.30668,51.0,Okradu,Idi-Oro,150.0,536.8979132161486,0,0,,,,False,False,Accessible,False,52,51.0,1.0,T06,True,5,True,False,Tally-only (no GPS confirmation),1.0196078431372548,0,-1.2136530921098103,0.001,True,Cold spot (well-covered cluster)
S01679,Hawaru,Village,W025,LGA04,7.821252,11.044258,151.0,Okriba,Ilela,150.0,1022.9265015829369,34,1,T25,2026-03-13 09:52:00,2026-03-13 10:26:00,False,True,Accessible,False,0,,,,False,5,True,False,Visited (track-confirmed),0.0,0,1.6708191412571471,0.104,False,Not significant
S00877,Umlawo,Hamlet,W011,LGA02,7.717825,10.461099,37.0,Enyoko-Kofar,Gwarin,150.0,1857.258593986257,0,0,,,,False,False,Accessible,False,26,37.0,1.0,T11,True,5,True,False,Tally-only (no GPS confirmation),0.7027027027027027,0,-0.2521623476541578,0.305,False,Not significant
S00844,Umnani,Village,W010,LGA02,7.426301,10.789741,45.0,Fazafa,Gwarin,50.0,110.03024325225616,129,1,T10,2026-03-09 13:55:00,2026-03-11 16:58:00,True,True,Accessible,False,36,45.0,1.0,T10,True,5,True,False,Visited (track-confirmed),0.8,0,-1.2136530921098103,0.001,True,Cold spot (well-covered cluster)
S01108,Iryoko,Hamlet,W015,LGA01,7.546526,11.175333,34.0,Baluru,Idi-Oro,150.0,757.7994430763864,5,1,T07,2026-03-09 18:22:00,2026-03-09 18:26:00,False,True,Accessible,False,34,34.0,1.0,T15,True,5,True,False,Visited (track-confirmed),1.0,0,0.7093283968014948,0.309,False,Not significant
S00600,Yenayi,Urban block,W007,LGA01,7.384292,11.137323,142.0,Bayoyi,Idi-Oro,150.0,894.0432593145832,6,1,T01,2026-03-11 18:07:00,2026-03-11 18:12:00,False,True,Accessible,False,89,142.0,1.0,T07,True,5,True,False,Visited (track-confirmed),0.6267605633802817,0,-0.2521623476541578,0.305,False,Not significant
S02207,Kuberi,Hamlet,W034,LGA03,8.253245,11.189484,41.0,Dodeta,Katsuma,150.0,589.0141734045329,0,0,,,,False,False,Accessible,False,34,41.0,1.0,T02,True,5,True,False,Tally-only (no GPS confirmation),0.8292682926829268,0,0.7093283968014948,0.309,False,Not significant
S02208,Enwafa-Gabas,Hamlet,W034,LGA03,8.246889,11.184954,15.0,Dodeta,Katsuma,150.0,855.8776956074688,0,0,,,,False,False,Accessible,False,0,,,,False,5,True,False,Plausible miss,0.0,1,0.7093283968014948,0.306,False,Not significant
S01675,Dangowo-Gabas,Hamlet,W025,LGA04,7.846773,10.937955,16.0,Okriba,Ilela,150.0,4241.530504911369,0,0,,,,False,False,Accessible,False,0,,,,False,5,True,False,Plausible miss,0.0,1,-0.2521623476541578,0.001,True,Cold spot (well-covered cluster)
S00601,Saraba,Settlement,W007,LGA01,7.299066,11.312552,24.0,Bayoyi,Idi-Oro,150.0,1234.446273202628,0,0,,,,False,False,Accessible,False,13,24.0,1.0,T07,True,5,True,False,Tally-only (no GPS confirmation),0.5416666666666666,0,-0.2521623476541578,0.306,False,Not significant
S01888,Ollule-Gabas,Hamlet,W029,LGA04,7.956423,11.080685,23.0,Wangoni,Ilela,143.8403906043368,359.600976510842,0,0,,,,False,False,Accessible,False,15,23.0,1.0,T29,True,5,True,False,Tally-only (no GPS confirmation),0.6521739130434783,0,-1.2136530921098103,0.001,True,Cold spot (well-covered cluster)
S00079,Warana,Hamlet,W001,LGA01,7.060873,10.997459,11.0,Ekngoyi,Idi-Oro,150.0,666.5887715044609,0,0,,,,False,False,Accessible,False,8,11.0,1.0,T01,True,5,True,False,Tally-only (no GPS confirmation),0.7272727272727273,0,1.6708191412571471,0.104,False,Not significant
S00162,Jitsifa,Hamlet,W002,LGA01,7.225508,10.77611,49.0,Ekduru,Idi-Oro,150.0,409.28503254758647,3,1,T02,2026-03-11 15:54:00,2026-03-11 15:56:00,False,True,Accessible,False,39,49.0,1.0,T02,True,5,True,False,Visited (track-confirmed),0.7959183673469388,0,-1.2136530921098103,0.001,True,Cold spot (well-covered cluster)
S00913,Nuradu,Hamlet,W011,LGA02,7.67595,10.434364,43.0,Enyoko-Kofar,Gwarin,150.0,2790.4656220134984,0,0,,,,False,False,Accessible,False,0,,,,False,5,True,False,Plausible miss,0.0,1,-0.2521623476541578,0.001,True,Cold spot (well-covered cluster)
S00635,Yenani,Village,W007,LGA01,7.359685,11.2213,95.0,Bayoyi,Idi-Oro,111.28889765423338,278.2222441355834,0,0,,,,False,False,Accessible,False,58,95.0,1.0,T07,True,5,True,False,Tally-only (no GPS confirmation),0.6105263157894737,0,-0.2521623476541578,0.305,False,Not significant
S02325,Kadule,Village,W037,LGA03,8.215632,11.572282,73.0,Longoma,Katsuma,150.0,835.0607227758204,0,0,,,,False,False,Accessible,False,0,,,,False,5,True,False,Plausible miss,0.0,1,1.6708191412571471,0.309,False,Not significant
S01895,Entsifa,Village,W029,LGA04,7.977751,11.063497,71.0,Wangoni,Ilela,150.0,646.7591467164356,7,1,T29,2026-03-10 16:55:00,2026-03-10 18:30:00,False,True,Accessible,False,47,71.0,1.0,T29,True,5,True,False,Visited (track-confirmed),0.6619718309859155,0,-0.2521623476541578,0.305,False,Not significant
S01538,Ibshami,Hamlet,W021,LGA02,7.891864,10.518849,4.0,Yezata,Gwarin,150.0,402.40552045453256,0,0,,,,False,False,Accessible,False,0,,,,False,5,True,False,Plausible miss,0.0,1,-0.2521623476541578,0.001,True,Cold spot (well-covered cluster)
S02100,Katsini,Village,W033,LGA03,8.008027,11.140697,87.0,Tasayi,Katsuma,150.0,671.8906380176657,0,0,,,,False,False,Accessible,False,68,87.0,1.0,T01,True,5,True,False,Tally-only (no GPS confirmation),0.7816091954022989,0,-0.2521623476541578,0.304,False,Not significant
S01505,Matsiko,Village,W020,LGA01,7.711668,11.163806,141.0,Famade,Idi-Oro,150.0,823.9949281102437,32,1,T20,2026-03-10 09:30:00,2026-03-10 11:55:00,False,True,Accessible,False,119,141.0,1.0,T20,True,5,True,False,Visited (track-confirmed),0.8439716312056738,0,-1.2136530921098103,0.001,True,Cold spot (well-covered cluster)
S00467,Hazadu,Settlement,W006,LGA01,7.156889,11.314989,39.0,Okradu,Idi-Oro,150.0,1252.0575205249463,0,0,,,,False,False,Accessible,False,0,,,,False,5,True,False,Plausible miss,0.0,1,0.7093283968014948,0.306,False,Not significant
S01658,Rinashi,Village,W024,LGA04,7.769053,10.765009,76.0,Kuraba-Kofar,Ilela,150.0,991.6397776449994,5,1,T24,2026-03-09 08:33:00,2026-03-09 08:37:00,False,True,Accessible,False,67,76.0,1.0,T24,True,5,True,False,Visited (track-confirmed),0.881578947368421,0,-1.2136530921098103,0.001,True,Cold spot (well-covered cluster)
S01514,Daradu-Kudu,Village,W021,LGA02,7.879893,10.467355,48.0,Yezata,Gwarin,150.0,1036.0423780881106,27,1,T21,2026-03-11 08:18:00,2026-03-11 08:44:00,False,True,Accessible,False,38,48.0,1.0,T21,True,5,True,False,Visited (track-confirmed),0.7916666666666666,0,-1.2136530921098103,0.001,True,Cold spot (well-covered cluster)
S00957,Adsako,Village,W013,LGA02,7.501046,10.667574,62.0,Sashako,Gwarin,150.0,956.0854972874434,27,1,T13,2026-03-13 07:22:00,2026-03-13 07:48:00,False,True,Accessible,False,45,62.0,1.0,T13,True,5,True,False,Visited (track-confirmed),0.7258064516129032,0,0.7093283968014948,0.318,False,Not significant
S00109,Numawa,Village,W001,LGA01,7.157376,11.057408,29.0,Ekngoyi,Idi-Oro,150.0,1107.9243064998084,0,0,,,,False,False,Accessible,False,18,29.0,1.0,T01,True,5,True,False,Tally-only (no GPS confirmation),0.6206896551724138,0,0.7093283968014948,0.318,False,Not significant
S02452,Kushawa,Hamlet,W039,LGA04,8.265685,10.833964,4.0,Nungoni-Arewa,Ilela,127.54677602056972,318.8669400514243,0,0,,,,False,False,Accessible,False,4,4.0,1.0,T07,True,5,True,True,Tally-only (no GPS confirmation),1.0,0,-1.2136530921098103,0.001,True,Cold spot (well-covered cluster)
S01312,Sakoja-Arewa,Village,W017,LGA03,7.559991,11.394051,74.0,Bazasa,Katsuma,101.41299411608904,253.53248529022258,33,1,T17,2026-03-12 10:02:00,2026-03-12 10:34:00,False,True,Accessible,False,76,74.0,1.0,T17,True,5,True,False,Visited (track-confirmed),1.027027027027027,0,0.7093283968014948,0.318,False,Not significant
S01447,Halata,Village,W020,LGA01,7.710018,11.120487,54.0,Famade,Idi-Oro,150.0,823.2108140961145,0,0,,,,False,False,Accessible,False,31,54.0,1.0,T20,True,5,True,False,Tally-only (no GPS confirmation),0.5740740740740741,0,-1.2136530921098103,0.001,True,Cold spot (well-covered cluster)
S01951,Yewatu,Settlement,W030,LGA04,7.917615,10.609291,21.0,Yeride,Ilela,150.0,806.7056430366445,8,1,T30,2026-03-10 12:15:00,2026-03-12 13:38:00,False,True,Accessible,False,13,21.0,1.0,T30,True,5,True,False,Visited (track-confirmed),0.6190476190476191,0,1.6708191412571471,0.102,False,Not significant
S00718,Yedufa,Settlement,W008,LGA01,7.364313,10.846278,47.0,Umyosa,Idi-Oro,150.0,1110.2675203380204,0,0,,,,False,False,Accessible,False,37,47.0,1.0,T08,True,5,True,False,Tally-only (no GPS confirmation),0.7872340425531915,0,-0.2521623476541578,0.303,False,Not significant
S00792,Rikoma,Village,W009,LGA02,7.569553,10.951088,56.0,Washatu,Gwarin,150.0,1138.2964120825047,0,0,,,,False,False,Accessible,False,0,,,,False,5,True,False,Plausible miss,0.0,1,1.6708191412571471,0.318,False,Not significant
S00521,Fazana,Hamlet,W006,LGA01,7.214853,11.330679,28.0,Okradu,Idi-Oro,150.0,1200.671415951638,0,0,,,,False,False,Accessible,False,16,28.0,1.0,T06,True,5,True,False,Tally-only (no GPS confirmation),0.5714285714285714,0,-0.2521623476541578,0.301,False,Not significant
S02506,Ekrishi-Tudun,Settlement,W040,LGA04,8.301695,11.175034,45.0,Gujiri,Ilela,101.3128702275417,253.28217556885423,0,0,,,,False,False,Accessible,False,33,45.0,1.0,T08,True,5,True,False,Tally-only (no GPS confirmation),0.7333333333333333,0,-0.2521623476541578,0.301,False,Not significant
S01123,Wadeko,Urban block,W015,LGA01,7.532022,11.128154,160.0,Baluru,Idi-Oro,150.0,2117.8091886761263,22,1,T15,2026-03-10 17:48:00,2026-03-10 18:09:00,False,True,Accessible,False,166,160.0,1.0,T15,True,5,True,False,Visited (track-confirmed),1.0375,0,0.7093283968014948,0.32,False,Not significant
S02373,Zabashi,Urban block,W038,LGA03,8.311609,11.439817,88.0,Sashasa,Katsuma,150.0,813.2392908779856,3,1,T06,2026-03-10 09:03:00,2026-03-10 09:05:00,False,True,Accessible,False,82,88.0,1.0,T06,True,5,True,False,Visited (track-confirmed),0.9318181818181818,0,-1.2136530921098103,0.001,True,Cold spot (well-covered cluster)
S00086,Ollale,Urban block,W001,LGA01,7.05126,11.062528,427.0,Ekngoyi,Idi-Oro,150.0,508.5971855366681,0,0,,,,False,False,Accessible,False,315,427.0,1.0,T01,True,5,True,False,Tally-only (no GPS confirmation),0.7377049180327869,0,-0.2521623476541578,0.301,False,Not significant
S00778,Umtija,Urban block,W008,LGA01,7.440979,10.953429,364.0,Umyosa,Idi-Oro,135.27265628044356,338.18164070110885,0,0,,,,False,False,Accessible,False,0,,,,False,5,True,False,Plausible miss,0.0,1,1.6708191412571471,0.319,False,Not significant
S01236,Oljitu,Settlement,W016,LGA02,7.633087,10.500139,39.0,Uzritu,Gwarin,50.0,90.54233373033958,67,1,T16,2026-03-11 13:30:00,2026-03-13 18:30:00,False,True,Accessible,True,34,39.0,1.0,T16,True,5,True,False,Visited (track-confirmed),0.8717948717948718,0,-1.2136530921098103,0.001,True,Cold spot (well-covered cluster)
S00526,Sujiri,Village,W006,LGA01,7.205806,11.359635,121.0,Okradu,Idi-Oro,150.0,519.8287278133431,0,0,,,,False,False,Accessible,False,99,121.0,1.0,T06,True,5,True,False,Tally-only (no GPS confirmation),0.8181818181818182,0,0.7093283968014948,0.322,False,Not significant
S01148,Irmako,Settlement,W015,LGA01,7.505446,11.202518,122.0,Baluru,Idi-Oro,150.0,823.0453081220838,0,0,,,,False,False,Accessible,False,78,122.0,1.0,T15,True,5,True,False,Tally-only (no GPS confirmation),0.639344262295082,0,-0.2521623476541578,0.298,False,Not significant
S02319,Gutiri,Village,W037,LGA03,8.226762,11.537639,61.0,Longoma,Katsuma,150.0,1244.815152930631,0,0,,,,False,False,Accessible,False,47,61.0,1.0,T05,True,5,True,False,Tally-only (no GPS confirmation),0.7704918032786885,0,0.7093283968014948,0.322,False,Not significant
S00692,Kurana,Village,W008,LGA01,7.183049,10.929155,71.0,Umyosa,Idi-Oro,117.39713101604741,293.4928275401185,0,0,,,,False,False,Accessible,False,0,,,,False,5,True,False,Plausible miss,0.0,1,-0.2521623476541578,0.001,True,Cold spot (well-covered cluster)
S02185,Watsima,Hamlet,W034,LGA03,8.16866,11.284987,20.0,Dodeta,Katsuma,150.0,2526.2001723522344,0,0,,,,False,False,Accessible,False,15,20.0,1.0,T02,True,5,True,False,Tally-only (no GPS confirmation),0.75,0,-1.2136530921098103,0.001,True,Cold spot (well-covered cluster)
S01608,Matita,Hamlet,W023,LGA03,7.933741,11.205362,5.0,Suwade,Katsuma,150.0,613.2812844436164,34,1,T23,2026-03-10 07:34:00,2026-03-10 08:07:00,False,True,Accessible,False,5,5.0,1.0,T23,True,5,True,False,Visited (track-confirmed),1.0,0,-0.2521623476541578,0.3,False,Not significant
S00441,Kangotu,Village,W006,LGA01,7.269543,11.245814,117.0,Okradu,Idi-Oro,125.85427721851859,314.63569304629647,0,0,,,,False,False,Accessible,False,101,117.0,1.0,T06,True,5,True,False,Tally-only (no GPS confirmation),0.8632478632478633,0,0.7093283968014948,0.321,False,Not significant
S00716,Tasayi-Tudun,Settlement,W008,LGA01,7.398066,10.935836,163.0,Umyosa,Idi-Oro,150.0,1057.832179768766,0,0,,,,False,False,Accessible,False,153,163.0,1.0,T08,True,5,True,False,Tally-only (no GPS confirmation),0.9386503067484663,0,1.6708191412571471,0.1,False,Not significant
S01852,Hawani,Village,W029,LGA04,7.945633,11.08869,143.0,Wangoni,Ilela,150.0,623.2686961674391,19,1,T29,2026-03-11 07:45:00,2026-03-11 08:03:00,False,True,Accessible,False,141,143.0,1.0,T29,True,5,True,False,Visited (track-confirmed),0.986013986013986,0,-1.2136530921098103,0.001,True,Cold spot (well-covered cluster)
S01894,Jikode,Village,W029,LGA04,7.95346,10.967273,97.0,Wangoni,Ilela,150.0,651.706345677166,0,0,,,,False,False,Accessible,False,68,97.0,1.0,T29,True,5,True,False,Tally-only (no GPS confirmation),0.7010309278350515,0,-1.2136530921098103,0.001,True,Cold spot (well-covered cluster)
S01243,Okyoja,Village,W016,LGA02,7.627743,10.507764,62.0,Uzritu,Gwarin,150.0,809.664174981172,0,0,,,,False,False,Accessible,False,44,62.0,1.0,T16,True,5,True,False,Tally-only (no GPS confirmation),0.7096774193548387,0,-1.2136530921098103,0.001,True,Cold spot (well-covered cluster)
S00486,Zanaru,Urban block,W006,LGA01,7.15484,11.206267,325.0,Okradu,Idi-Oro,150.0,820.9059851130265,0,0,,,,False,False,Accessible,False,0,,,,False,5,True,False,Plausible miss,0.0,1,1.6708191412571471,0.318,False,Not significant
S00026,Dabedu,Hamlet,W001,LGA01,7.168708,11.162693,21.0,Ekngoyi,Idi-Oro,150.0,435.76639976600654,29,1,T01,2026-03-10 07:40:00,2026-03-10 08:11:00,False,True,Accessible,False,22,21.0,1.0,T01,True,5,True,False,Visited (track-confirmed),1.0476190476190477,0,0.7093283968014948,0.32,False,Not significant
S01868,Dadeshi,Urban block,W029,LGA04,7.978015,11.048466,218.0,Wangoni,Ilela,150.0,577.7443774848703,0,0,,,,False,False,Accessible,False,135,218.0,1.0,T29,True,5,True,False,Tally-only (no GPS confirmation),0.6192660550458715,0,-0.2521623476541578,0.3,False,Not significant
S01769,Irshaja-Sabo,Urban block,W027,LGA03,7.909526,11.469198,228.0,Daberi,Katsuma,150.0,567.7209827557251,7,1,T27,2026-03-09 09:42:00,2026-03-10 10:03:00,False,True,Accessible,False,0,,,,False,5,True,False,Visited (track-confirmed),0.0,0,-1.2136530921098103,0.001,True,Cold spot (well-covered cluster)
S00377,Olduyi-Kudu,Village,W005,LGA02,7.327723,10.781233,10.0,Jijile,Gwarin,150.0,717.946317976928,0,0,,,,False,False,Accessible,False,0,,,,False,5,True,False,Plausible miss,0.0,1,-0.2521623476541578,0.001,True,Cold spot (well-covered cluster)
S00990,Salude-Sabo,Village,W013,LGA02,7.533537,10.64716,129.0,Sashako,Gwarin,150.0,1229.8677308969689,28,1,T13,2026-03-10 13:12:00,2026-03-10 13:48:00,False,True,Accessible,False,133,129.0,1.0,T13,True,5,True,False,Visited (track-confirmed),1.0310077519379846,0,-1.2136530921098103,0.001,True,Cold spot (well-covered cluster)
S00590,Okshadu,Village,W007,LGA01,7.342877,11.243553,121.0,Bayoyi,Idi-Oro,150.0,1071.4560433852153,20,1,T07,2026-03-09 07:12:00,2026-03-09 07:31:00,False,True,Accessible,False,119,121.0,1.0,T07,True,5,True,False,Visited (track-confirmed),0.9834710743801653,0,0.7093283968014948,0.322,False,Not significant
S01810,Okjishi,Hamlet,W028,LGA04,7.89591,10.900223,14.0,Wangoja,Ilela,150.0,1331.77961200568,0,0,,,,False,False,Accessible,False,9,14.0,1.0,T28,True,5,True,False,Tally-only (no GPS confirmation),0.6428571428571429,0,-1.2136530921098103,0.001,True,Cold spot (well-covered cluster)
S00728,Badesa,Urban block,W008,LGA01,7.434042,10.949903,729.0,Umyosa,Idi-Oro,50.0,86.52762042607392,23,1,T08,2026-03-09 07:20:00,2026-03-09 07:49:00,True,True,Accessible,True,664,729.0,1.0,T08,True,5,True,False,Visited (track-confirmed),0.9108367626886146,0,0.7093283968014948,0.322,False,Not significant
S00072,Irzatu,Urban block,W001,LGA01,7.033982,11.086848,725.0,Ekngoyi,Idi-Oro,150.0,439.48715037404145,0,0,,,,False,False,Accessible,False,400,725.0,1.0,T01,True,5,True,False,Tally-only (no GPS confirmation),0.5517241379310345,0,-0.2521623476541578,0.3,False,Not significant
S00901,Dayoni-Kudu,Settlement,W011,LGA02,7.70901,10.476095,11.0,Enyoko-Kofar,Gwarin,150.0,839.1078093086683,0,0,,,,False,False,Accessible,False,10,11.0,1.0,T11,True,5,True,False,Tally-only (no GPS confirmation),0.9090909090909091,0,-0.2521623476541578,0.3,False,Not significant
S00586,Lobeko,Urban block,W007,LGA01,7.403895,11.133671,29.0,Bayoyi,Idi-Oro,150.0,1242.0272841533738,0,0,,,,False,False,Accessible,False,30,29.0,1.0,T07,True,5,True,False,Tally-only (no GPS confirmation),1.0344827586206897,0,-0.2521623476541578,0.3,False,Not significant
S00370,Ibluko-Tudun,Village,W005,LGA02,7.295342,10.767153,46.0,Jijile,Gwarin,147.53289396022842,368.83223490057105,0,0,,,,False,False,Accessible,False,38,46.0,1.0,T05,True,5,True,False,Tally-only (no GPS confirmation),0.8260869565217391,0,0.7093283968014948,0.322,False,Not significant
S00858,Jiyole-Yamma,Village,W010,LGA02,7.478745,10.808104,60.0,Fazafa,Gwarin,150.0,1317.6961803125803,4,1,T05,2026-03-10 10:55:00,2026-03-10 10:58:00,False,True,Accessible,False,0,,,,False,5,True,False,Visited (track-confirmed),0.0,0,0.7093283968014948,0.322,False,Not significant
S01981,Dolako,Village,W030,LGA04,7.91776,10.62823,15.0,Yeride,Ilela,150.0,433.8355007498213,17,1,T30,2026-03-13 08:46:00,2026-03-13 09:02:00,False,True,Accessible,False,13,15.0,1.0,T30,True,5,True,False,Visited (track-confirmed),0.8666666666666667,0,0.7093283968014948,0.322,False,Not significant
S00812,Rilayi,Village,W009,LGA02,7.50377,11.004766,62.0,Washatu,Gwarin,150.0,672.3480660807124,22,1,T09,2026-03-10 12:27:00,2026-03-11 14:20:00,False,True,Accessible,False,58,62.0,1.0,T09,True,5,True,False,Visited (track-confirmed),0.9354838709677419,0,-1.2136530921098103,0.001,True,Cold spot (well-covered cluster)
S01644,Irwaja,Hamlet,W024,LGA04,7.775067,10.77172,11.0,Kuraba-Kofar,Ilela,150.0,387.5904165917087,34,1,T24,2026-03-09 07:51:00,2026-03-11 17:18:00,False,True,Accessible,False,9,11.0,1.0,T24,True,5,True,False,Visited (track-confirmed),0.8181818181818182,0,-1.2136530921098103,0.001,True,Cold spot (well-covered cluster)
S01288,Lotiru-Tsakiya,Village,W017,LGA03,7.635423,11.560235,123.0,Bazasa,Katsuma,150.0,3844.4756457056415,30,1,T17,2026-03-10 12:11:00,2026-03-10 12:40:00,False,True,Accessible,False,122,123.0,1.0,T17,True,5,True,False,Visited (track-confirmed),0.991869918699187,0,1.6708191412571471,0.099,False,Not significant
S01029,Kuyowa,Urban block,W014,LGA01,7.506946,11.569407,225.0,Bishama,Idi-Oro,150.0,1544.6486927859148,0,0,,,,False,False,Accessible,False,225,225.0,1.0,T14,True,5,True,False,Tally-only (no GPS confirmation),1.0,0,1.6708191412571471,0.099,False,Not significant
S00239,Jimaja,Village,W003,LGA01,7.229021,11.0078,206.0,Satita,Idi-Oro,150.0,1290.4807473069004,0,0,,,,False,False,Accessible,False,217,206.0,1.0,T03,True,5,True,False,Tally-only (no GPS confirmation),1.0533980582524272,0,-0.2521623476541578,0.3,False,Not significant
S01816,Mariba,Hamlet,W028,LGA04,7.882978,10.888182,7.0,Wangoja,Ilela,150.0,826.656240888729,23,1,T28,2026-03-09 10:10:00,2026-03-09 10:32:00,False,True,Accessible,False,4,7.0,1.0,T28,True,5,True,False,Visited (track-confirmed),0.5714285714285714,0,-1.2136530921098103,0.001,True,Cold spot (well-covered cluster)
S00260,Tadedu,Village,W003,LGA01,7.435299,10.996173,25.0,Satita,Idi-Oro,150.0,630.2181479458363,0,0,,,,False,False,Accessible,False,22,25.0,1.0,T03,True,5,True,False,Tally-only (no GPS confirmation),0.88,0,0.7093283968014948,0.322,False,Not significant
S00740,Bayomi,Village,W008,LGA01,7.210121,10.922048,206.0,Umyosa,Idi-Oro,150.0,777.0979050482841,0,0,,,,False,False,Accessible,False,151,206.0,1.0,T08,True,5,True,False,Tally-only (no GPS confirmation),0.7330097087378641,0,-0.2521623476541578,0.3,False,Not significant
S01381,Endeta,Hamlet,W019,LGA04,7.678038,10.897675,9.0,Umzaba-Kofar,Ilela,150.0,3458.353697170674,0,0,,,,False,False,Accessible,False,7,9.0,1.0,T19,True,5,True,False,Tally-only (no GPS confirmation),0.7777777777777778,0,-1.2136530921098103,0.001,True,Cold spot (well-covered cluster)
S02443,Guzade,Village,W039,LGA04,8.327625,10.937379,79.0,Nungoni-Arewa,Ilela,150.0,957.1034628166136,0,0,,,,False,False,Accessible,False,72,79.0,1.0,T07,True,5,True,True,Tally-only (no GPS confirmation),0.9113924050632911,0,-1.2136530921098103,0.001,True,Cold spot (well-covered cluster)
S00972,Sushafa,Settlement,W013,LGA02,7.471303,10.558672,85.0,Sashako,Gwarin,150.0,1100.796575019622,22,1,T13,2026-03-12 17:04:00,2026-03-13 16:47:00,False,True,Accessible,False,63,85.0,1.0,T13,True,5,True,False,Visited (track-confirmed),0.7411764705882353,0,-1.2136530921098103,0.001,True,Cold spot (well-covered cluster)
S00804,Madena,Village,W009,LGA02,7.539983,10.962829,23.0,Washatu,Gwarin,150.0,847.237645651864,37,1,T09,2026-03-12 09:35:00,2026-03-12 10:11:00,False,True,Accessible,False,23,23.0,1.0,T09,True,5,True,False,Visited (track-confirmed),1.0,0,-0.2521623476541578,0.3,False,Not significant
S01955,Ibyode,Village,W030,LGA04,8.014304,10.698508,99.0,Yeride,Ilela,150.0,2975.225898153297,31,1,T30,2026-03-12 07:14:00,2026-03-12 07:44:00,False,True,Accessible,False,69,99.0,1.0,T30,True,5,True,False,Visited (track-confirmed),0.696969696969697,0,0.7093283968014948,0.322,False,Not significant
S02297,Domako,Village,W036,LGA04,8.098016,10.683474,29.0,Mawako,Ilela,150.0,583.3569242199927,0,0,,,,False,False,Accessible,False,23,29.0,1.0,T04,True,5,True,False,Tally-only (no GPS confirmation),0.7931034482758621,0,-1.2136530921098103,0.001,True,Cold spot (well-covered cluster)
S00210,Adraba-Tudun,Village,W002,LGA01,7.131578,10.729968,156.0,Ekduru,Idi-Oro,150.0,960.0978073499547,0,0,,,,False,False,Accessible,False,95,156.0,1.0,T02,True,5,True,False,Tally-only (no GPS confirmation),0.6089743589743589,0,-1.2136530921098103,0.001,True,Cold spot (well-covered cluster)
S02061,Yebami,Village,W032,LGA04,8.066636,10.857531,62.0,Bisani-Gabas,Ilela,96.10256159488587,240.25640398721467,119,1,T32,2026-03-10 15:26:00,2026-03-10 17:27:00,False,True,Accessible,False,65,62.0,1.0,T32,True,5,True,False,Visited (track-confirmed),1.0483870967741935,0,-0.2521623476541578,0.3,False,Not significant
S00115,Okngowa,Village,W001,LGA01,7.146778,11.043354,54.0,Ekngoyi,Idi-Oro,98.67608709021283,246.69021772553205,0,0,,,,False,False,Accessible,False,49,54.0,1.0,T01,True,5,True,False,Tally-only (no GPS confirmation),0.9074074074074074,0,0.7093283968014948,0.322,False,Not significant
S02107,Ibkoru,Settlement,W033,LGA03,7.990269,11.144393,66.0,Tasayi,Katsuma,150.0,550.8301723907953,0,0,,,,False,False,Accessible,False,52,66.0,1.0,T01,True,5,True,False,Tally-only (no GPS confirmation),0.7878787878787878,0,-1.2136530921098103,0.001,True,Cold spot (well-covered cluster)
S00259,Lobani-Tudun,Settlement,W003,LGA01,7.448475,10.998757,26.0,Satita,Idi-Oro,150.0,972.4580415451435,0,0,,,,False,False,Accessible,False,0,,,,False,5,True,False,Plausible miss,0.0,1,-0.2521623476541578,0.001,True,Cold spot (well-covered cluster)
S01121,Zaduna,Hamlet,W015,LGA01,7.557651,11.167696,45.0,Baluru,Idi-Oro,150.0,1479.78116027367,0,0,,,,False,False,Accessible,False,0,,,,False,5,True,False,Plausible miss,0.0,1,0.7093283968014948,0.302,False,Not significant
S01581,Irlani-Gabas,Village,W022,LGA03,8.070282,11.523141,58.0,Sudefa,Katsuma,84.36161178957266,210.90402947393164,35,1,T22,2026-03-09 10:29:00,2026-03-09 11:03:00,False,True,Accessible,False,35,58.0,1.0,T22,True,5,True,False,Visited (track-confirmed),0.603448275862069,0,1.6708191412571471,0.098,False,Not significant
S02317,Sasade-Tsakiya,Village,W037,LGA03,8.214112,11.509621,42.0,Longoma,Katsuma,150.0,716.8484961474569,0,0,,,,False,False,Accessible,False,42,42.0,1.0,T05,True,5,True,False,Tally-only (no GPS confirmation),1.0,0,-1.2136530921098103,0.001,True,Cold spot (well-covered cluster)
S01958,Doberi,Hamlet,W030,LGA04,7.902023,10.642819,23.0,Yeride,Ilela,150.0,420.49914785225013,80,1,T30,2026-03-12 17:11:00,2026-03-12 18:30:00,False,True,Accessible,False,15,23.0,1.0,T30,True,5,True,False,Visited (track-confirmed),0.6521739130434783,0,-1.2136530921098103,0.001,True,Cold spot (well-covered cluster)
S00704,Walatu,Urban block,W008,LGA01,7.377345,10.86471,820.0,Umyosa,Idi-Oro,150.0,1236.3173593859126,0,0,,,,False,False,Accessible,False,553,820.0,1.0,T08,True,5,True,False,Tally-only (no GPS confirmation),0.6743902439024391,0,-1.2136530921098103,0.001,True,Cold spot (well-covered cluster)
S01284,Yeyotu,Hamlet,W017,LGA03,7.531613,11.41437,19.0,Bazasa,Katsuma,150.0,449.4439392497646,18,1,T17,2026-03-13 11:27:00,2026-03-13 11:44:00,False,True,Accessible,False,11,19.0,1.0,T17,True,5,True,False,Visited (track-confirmed),0.5789473684210527,0,-1.2136530921098103,0.001,True,Cold spot (well-covered cluster)
S00318,Agtsiru,Urban block,W003,LGA01,7.227575,10.983273,545.0,Satita,Idi-Oro,150.0,972.2045823637228,0,0,,,,False,False,Accessible,False,490,545.0,1.0,T03,True,5,True,False,Tally-only (no GPS confirmation),0.8990825688073395,0,0.7093283968014948,0.321,False,Not significant
S00922,Jideri,Village,W011,LGA02,7.697589,10.42103,131.0,Enyoko-Kofar,Gwarin,114.9935354331887,287.4838385829717,28,1,T11,2026-03-13 07:41:00,2026-03-13 08:08:00,False,True,Accessible,False,98,131.0,1.0,T11,True,5,True,False,Visited (track-confirmed),0.7480916030534351,0,-1.2136530921098103,0.001,True,Cold spot (well-covered cluster)
S00151,Hamade,Village,W002,LGA01,7.12308,10.796225,100.0,Ekduru,Idi-Oro,150.0,548.859404199198,0,0,,,,False,False,Accessible,False,72,100.0,1.0,T02,True,5,True,False,Tally-only (no GPS confirmation),0.72,0,-0.2521623476541578,0.302,False,Not significant
S00945,Umtiwo,Village,W012,LGA02,7.423669,10.452464,146.0,Darari,Gwarin,150.0,1863.7570434740394,0,0,,,,False,False,Accessible,False,104,146.0,1.0,T12,True,5,True,False,Tally-only (no GPS confirmation),0.7123287671232876,0,-1.2136530921098103,0.001,True,Cold spot (well-covered cluster)
S00833,Kasani,Village,W010,LGA02,7.422949,10.901691,23.0,Fazafa,Gwarin,86.3010199541543,215.75254988538572,23,2,"T05,T10",2026-03-09 12:07:00,2026-03-12 17:01:00,False,True,Accessible,False,15,23.0,1.0,T10,True,5,True,False,Visited (track-confirmed),0.6521739130434783,0,-1.2136530921098103,0.001,True,Cold spot (well-covered cluster)
S02338,Jijiba,Village,W037,LGA03,8.18591,11.519999,56.0,Longoma,Katsuma,149.24353215877665,373.1088303969416,0,0,,,,False,False,Accessible,False,53,56.0,1.0,T05,True,5,True,False,Tally-only (no GPS confirmation),0.9464285714285714,0,0.7093283968014948,0.321,False,Not significant
S01332,Kubema,Settlement,W018,LGA02,7.616149,10.630063,18.0,Adwana,Gwarin,150.0,379.66913102530054,34,1,T18,2026-03-09 07:52:00,2026-03-10 10:32:00,False,True,Accessible,False,11,18.0,1.0,T18,True,5,True,False,Visited (track-confirmed),0.6111111111111112,0,-1.2136530921098103,0.001,True,Cold spot (well-covered cluster)
S01695,Tatiri,Hamlet,W025,LGA04,7.716396,11.047631,14.0,Okriba,Ilela,150.0,1523.5256932404473,41,2,"T03,T25",2026-03-10 11:57:00,2026-03-10 18:12:00,False,True,Accessible,False,0,,,,False,5,True,False,Visited (track-confirmed),0.0,0,-1.2136530921098103,0.001,True,Cold spot (well-covered cluster)
S00035,Makole-Arewa,Village,W001,LGA01,7.1451,11.026904,149.0,Ekngoyi,Idi-Oro,150.0,1553.7269535087612,6,1,T01,2026-03-13 15:53:00,2026-03-13 15:58:00,False,True,Accessible,False,115,149.0,1.0,T01,True,5,True,False,Visited (track-confirmed),0.7718120805369127,0,1.6708191412571471,0.098,False,Not significant
S00187,Adkoyi,Village,W002,LGA01,7.012608,10.891674,311.0,Ekduru,Idi-Oro,150.0,1580.246961216144,0,0,,,,False,False,Accessible,False,0,,,,False,5,True,False,Plausible miss,0.0,1,-0.2521623476541578,0.001,True,Cold spot (well-covered cluster)
S02184,Adngota,Settlement,W034,LGA03,8.257833,11.186682,39.0,Dodeta,Katsuma,150.0,589.0141734045329,2,1,T08,2026-03-10 09:00:00,2026-03-10 09:01:00,False,True,Accessible,False,0,,,,False,5,True,False,Visited (track-confirmed),0.0,0,0.7093283968014948,0.321,False,Not significant
S01040,Enduma-Kofar,Urban block,W014,LGA01,7.435142,11.501086,592.0,Bishama,Idi-Oro,150.0,1395.6880391418522,34,1,T14,2026-03-13 12:28:00,2026-03-13 13:01:00,False,True,Accessible,False,448,592.0,1.0,T14,True,5,True,False,Visited (track-confirmed),0.7567567567567568,0,-0.2521623476541578,0.302,False,Not significant
S02020,Ekdewa,Village,W031,LGA03,8.005271,11.325464,73.0,Satide,Katsuma,150.0,425.55262661899235,36,1,T31,2026-03-12 08:55:00,2026-03-12 09:30:00,False,True,Accessible,False,48,73.0,1.0,T31,True,5,True,False,Visited (track-confirmed),0.6575342465753424,0,-1.2136530921098103,0.001,True,Cold spot (well-covered cluster)
S00265,Okrina,Urban block,W003,LGA01,7.38623,10.971843,408.0,Satita,Idi-Oro,150.0,1029.0770414833687,0,0,,,,False,False,Accessible,False,263,408.0,1.0,T03,True,5,True,False,Tally-only (no GPS confirmation),0.6446078431372549,0,1.6708191412571471,0.099,False,Not significant
S00598,Ibjimi-Sabo,Village,W007,LGA01,7.311707,11.21454,215.0,Bayoyi,Idi-Oro,150.0,1255.1984766278008,0,0,,,,False,False,Accessible,False,0,,,,False,5,True,False,Plausible miss,0.0,1,2.6323098857128,0.099,False,Not significant
S02063,Oldeni,Village,W032,LGA04,8.096186,10.896002,126.0,Bisani-Gabas,Ilela,144.1806967603565,360.45174190089125,24,1,T32,2026-03-09 08:46:00,2026-03-12 12:33:00,False,True,Accessible,False,94,126.0,1.0,T32,True,5,True,False,Visited (track-confirmed),0.746031746031746,0,-1.2136530921098103,0.001,True,Cold spot (well-covered cluster)
S00388,Daladu,Settlement,W005,LGA02,7.317467,10.781155,36.0,Jijile,Gwarin,150.0,1121.7230931863326,0,0,,,,False,False,Accessible,False,25,36.0,1.0,T05,True,5,True,False,Tally-only (no GPS confirmation),0.6944444444444444,0,0.7093283968014948,0.321,False,Not significant
S01187,Okyode,Village,W015,LGA01,7.679263,11.278667,325.0,Baluru,Idi-Oro,117.37566846775749,293.4391711693937,1,1,T15,2026-03-13 15:19:00,2026-03-13 15:19:00,False,True,Accessible,False,0,,,,False,5,True,False,Visited (track-confirmed),0.0,0,1.6708191412571471,0.099,False,Not significant
S00837,Biyomi,Hamlet,W010,LGA02,7.486305,10.798827,15.0,Fazafa,Gwarin,150.0,1317.6961803125803,0,0,,,,False,False,Accessible,False,0,,,,False,5,True,False,Plausible miss,0.0,1,0.7093283968014948,0.305,False,Not significant
S02352,Wangoshi,Hamlet,W037,LGA03,8.182239,11.56564,20.0,Longoma,Katsuma,150.0,1907.1640228424785,0,0,,,,False,False,Accessible,False,14,20.0,1.0,T05,True,5,True,False,Tally-only (no GPS confirmation),0.7,0,-0.2521623476541578,0.303,False,Not significant
S01997,Zademi,Hamlet,W031,LGA03,8.053359,11.27231,26.0,Satide,Katsuma,150.0,570.2566282988736,0,0,,,,False,False,Accessible,False,0,,,,False,5,True,False,Plausible miss,0.0,1,2.6323098857128,0.099,False,Not significant
S00708,Zaberu,Urban block,W008,LGA01,7.255844,10.819167,458.0,Umyosa,Idi-Oro,150.0,2402.026182588036,4,1,T02,2026-03-10 11:04:00,2026-03-10 11:07:00,False,True,Accessible,False,478,458.0,1.0,T08,True,5,True,False,Visited (track-confirmed),1.0436681222707425,0,-1.2136530921098103,0.001,True,Cold spot (well-covered cluster)
S01724,Baberu-Tsakiya,Hamlet,W026,LGA03,7.712664,11.573489,35.0,Kungomi,Katsuma,150.0,2888.9199180317264,22,1,T26,2026-03-12 16:54:00,2026-03-12 17:15:00,False,True,Accessible,False,33,35.0,1.0,T26,True,5,True,False,Visited (track-confirmed),0.9428571428571428,0,0.7093283968014948,0.32,False,Not significant
S01390,Ibbewo,Village,W019,LGA04,7.587352,11.028897,138.0,Umzaba-Kofar,Ilela,150.0,918.4806511055427,0,0,,,,False,False,Accessible,False,90,138.0,1.0,T19,True,5,True,False,Tally-only (no GPS confirmation),0.6521739130434783,0,-0.2521623476541578,0.301,False,Not significant
S01120,Bitsiyi,Village,W015,LGA01,7.665472,11.277988,135.0,Baluru,Idi-Oro,150.0,571.0049052040331,0,0,,,,False,False,Accessible,False,0,,,,False,5,True,False,Plausible miss,0.0,1,0.7093283968014948,0.303,False,Not significant
S01342,Yebafa,Village,W018,LGA02,7.614076,10.62731,34.0,Adwana,Gwarin,150.0,379.66913102530054,19,1,T18,2026-03-09 12:15:00,2026-03-13 15:40:00,False,True,Accessible,False,34,34.0,1.0,T18,True,5,True,False,Visited (track-confirmed),1.0,0,-1.2136530921098103,0.001,True,Cold spot (well-covered cluster)
S00810,Okzaru,Village,W009,LGA02,7.556759,10.959824,47.0,Washatu,Gwarin,150.0,429.48252111714737,19,1,T09,2026-03-13 08:21:00,2026-03-13 08:39:00,False,True,Accessible,False,36,47.0,1.0,T09,True,5,True,False,Visited (track-confirmed),0.7659574468085106,0,1.6708191412571471,0.1,False,Not significant
S00064,Okwadu,Village,W001,LGA01,7.038256,10.949531,143.0,Ekngoyi,Idi-Oro,150.0,668.600836609722,0,0,,,,False,False,Accessible,False,142,143.0,1.0,T01,True,5,True,False,Tally-only (no GPS confirmation),0.993006993006993,0,1.6708191412571471,0.1,False,Not significant
S00479,Kungoma-Tsakiya,Settlement,W006,LGA01,7.261815,11.163442,38.0,Okradu,Idi-Oro,150.0,604.2398119503838,0,0,,,,False,False,Accessible,False,34,38.0,1.0,T06,True,5,True,False,Tally-only (no GPS confirmation),0.8947368421052632,0,-0.2521623476541578,0.303,False,Not significant
S00722,Irjitu-Kofar,Village,W008,LGA01,7.417512,10.935453,160.0,Umyosa,Idi-Oro,150.0,458.3760947512305,0,0,,,,False,False,Accessible,False,147,160.0,1.0,T08,True,5,True,False,Tally-only (no GPS confirmation),0.91875,0,-0.2521623476541578,0.303,False,Not significant
S00126,Uzshani,Hamlet,W002,LGA01,7.220297,10.799302,38.0,Ekduru,Idi-Oro,150.0,550.5083751748526,0,0,,,,False,False,Accessible,False,0,,,,False,5,True,False,Plausible miss,0.0,1,-0.2521623476541578,0.001,True,Cold spot (well-covered cluster)
S01750,Kalari,Hamlet,W026,LGA03,7.773844,11.400446,28.0,Kungomi,Katsuma,150.0,1018.8417216891561,0,0,,,,False,False,Accessible,False,0,,,,False,5,True,False,Plausible miss,0.0,1,0.7093283968014948,0.305,False,Not significant
S02496,Dadushi,Hamlet,W040,LGA04,8.379787,11.123853,18.0,Gujiri,Ilela,150.0,4186.123629083277,29,1,T08,2026-03-11 07:44:00,2026-03-11 08:15:00,False,True,Accessible,False,11,18.0,1.0,T08,True,5,True,False,Visited (track-confirmed),0.6111111111111112,0,-1.2136530921098103,0.001,True,Cold spot (well-covered cluster)
S00460,Ibluna,Settlement,W006,LGA01,7.252008,11.250015,102.0,Okradu,Idi-Oro,150.0,542.4733112211213,0,0,,,,False,False,Accessible,False,0,,,,False,5,True,False,Plausible miss,0.0,1,2.6323098857128,0.098,False,Not significant
S00673,Kawaja,Urban block,W008,LGA01,7.422547,10.939668,136.0,Umyosa,Idi-Oro,150.0,384.73163248974413,0,0,,,,False,False,Accessible,False,113,136.0,1.0,T08,True,5,True,False,Tally-only (no GPS confirmation),0.8308823529411765,0,-0.2521623476541578,0.306,False,Not significant
S00678,Aglama,Urban block,W008,LGA01,7.44241,10.959312,278.0,Umyosa,Idi-Oro,98.23328620696718,245.58321551741793,0,0,,,,False,False,Accessible,False,284,278.0,1.0,T08,True,5,True,False,Tally-only (no GPS confirmation),1.0215827338129497,0,1.6708191412571471,0.098,False,Not significant
S02090,Oltimi,Hamlet,W032,LGA04,8.05619,10.855773,39.0,Bisani-Gabas,Ilela,150.0,987.672296604406,18,1,T32,2026-03-13 09:46:00,2026-03-13 10:03:00,False,True,Accessible,False,28,39.0,1.0,T32,True,5,True,False,Visited (track-confirmed),0.717948717948718,0,-1.2136530921098103,0.001,True,Cold spot (well-covered cluster)
S01277,Yemasa-Gabas,Village,W016,LGA02,7.654807,10.484611,26.0,Uzritu,Gwarin,96.53160378642421,241.3290094660605,32,1,T16,2026-03-11 16:13:00,2026-03-12 17:48:00,False,True,Accessible,False,23,26.0,1.0,T16,True,5,True,False,Visited (track-confirmed),0.8846153846153846,0,-1.2136530921098103,0.001,True,Cold spot (well-covered cluster)
S02243,Kunadu,Village,W035,LGA04,8.248473,11.011429,115.0,Dazata,Ilela,123.30329415692161,308.258235392304,0,0,,,,False,False,Accessible,False,95,115.0,1.0,T03,True,5,True,True,Tally-only (no GPS confirmation),0.8260869565217391,0,-1.2136530921098103,0.001,True,Cold spot (well-covered cluster)
S01427,Ummasa-Tudun,Urban block,W020,LGA01,7.668353,11.186405,241.0,Famade,Idi-Oro,150.0,1599.2532920357776,0,0,,,,False,False,Accessible,False,212,241.0,1.0,T20,True,5,True,False,Tally-only (no GPS confirmation),0.8796680497925311,0,0.7093283968014948,0.319,False,Not significant
S02135,Irdufa,Village,W033,LGA03,7.975829,11.132588,49.0,Tasayi,Katsuma,138.20233689924336,345.5058422481084,0,0,,,,False,False,Accessible,False,43,49.0,1.0,T01,True,5,True,False,Tally-only (no GPS confirmation),0.8775510204081632,0,-0.2521623476541578,0.306,False,Not significant
S01621,Adbeyi,Hamlet,W023,LGA03,7.887674,11.182358,20.0,Suwade,Katsuma,150.0,1904.226500952066,0,0,,,,False,False,Accessible,False,12,20.0,1.0,T23,True,5,True,False,Tally-only (no GPS confirmation),0.6,0,-1.2136530921098103,0.001,True,Cold spot (well-covered cluster)
S01676,Riwadu,Hamlet,W025,LGA04,7.728941,11.053647,16.0,Okriba,Ilela,150.0,1523.5256932404473,28,1,T25,2026-03-11 11:28:00,2026-03-11 11:55:00,False,True,Accessible,False,0,,,,False,5,True,False,Visited (track-confirmed),0.0,0,-1.2136530921098103,0.001,True,Cold spot (well-covered cluster)
S02293,Ekwata,Hamlet,W036,LGA04,8.089437,10.721728,15.0,Mawako,Ilela,150.0,403.4393634567617,5,1,T04,2026-03-11 11:24:00,2026-03-11 11:28:00,False,True,Accessible,False,14,15.0,1.0,T04,True,5,True,False,Visited (track-confirmed),0.9333333333333333,0,0.7093283968014948,0.319,False,Not significant
S00832,Satsisa-Tudun,Village,W010,LGA02,7.427542,10.801947,62.0,Fazafa,Gwarin,150.0,407.4987630999853,30,1,T10,2026-03-11 17:18:00,2026-03-13 09:53:00,False,True,Accessible,False,35,62.0,1.0,T10,True,5,True,False,Visited (track-confirmed),0.5645161290322581,0,-1.2136530921098103,0.001,True,Cold spot (well-covered cluster)
S01195,Dorana,Urban block,W015,LGA01,7.533087,11.2992,356.0,Baluru,Idi-Oro,150.0,875.3219602312704,29,1,T15,2026-03-09 09:54:00,2026-03-09 10:22:00,False,True,Accessible,False,305,356.0,1.0,T15,True,5,True,False,Visited (track-confirmed),0.8567415730337079,0,0.7093283968014948,0.319,False,Not significant
S00132,Tangowa-Arewa,Village,W002,LGA01,7.122205,10.726101,109.0,Ekduru,Idi-Oro,145.59403733681017,363.98509334202544,0,0,,,,False,False,Accessible,False,83,109.0,1.0,T02,True,5,True,False,Tally-only (no GPS confirmation),0.7614678899082569,0,0.7093283968014948,0.319,False,Not significant
S01027,Suwama,Hamlet,W014,LGA01,7.371653,11.452472,37.0,Bishama,Idi-Oro,110.5978389974665,276.4945974936662,0,0,,,,False,False,Accessible,False,38,37.0,1.0,T14,True,5,True,False,Tally-only (no GPS confirmation),1.027027027027027,0,-1.2136530921098103,0.001,True,Cold spot (well-covered cluster)
S00094,Fakoshi,Hamlet,W001,LGA01,7.050521,10.965321,24.0,Ekngoyi,Idi-Oro,150.0,578.5690699063769,0,0,,,,False,False,Accessible,False,0,,,,False,5,True,False,Plausible miss,0.0,1,0.7093283968014948,0.308,False,Not significant
S00924,Oktina,Village,W011,LGA02,7.718606,10.416917,32.0,Enyoko-Kofar,Gwarin,142.0118507368156,355.02962684203897,11,1,T11,2026-03-12 16:15:00,2026-03-13 11:39:00,False,True,Accessible,False,21,32.0,1.0,T11,True,5,True,False,Visited (track-confirmed),0.65625,0,-0.2521623476541578,0.308,False,Not significant
S01317,Umrafa,Village,W017,LGA03,7.592967,11.424878,88.0,Bazasa,Katsuma,150.0,1923.6062782452627,23,1,T17,2026-03-09 07:30:00,2026-03-09 07:52:00,False,True,Accessible,False,288,88.0,1.0,T17,True,5,True,False,Visited (track-confirmed),3.272727272727273,0,1.6708191412571471,0.098,False,Not significant
S01703,Sushayi,Village,W025,LGA04,7.796383,11.068063,46.0,Okriba,Ilela,150.0,729.4036012138348,112,2,"T03,T25",2026-03-09 18:15:00,2026-03-12 12:14:00,False,True,Accessible,False,0,,,,False,5,True,False,Visited (track-confirmed),0.0,0,-0.2521623476541578,0.308,False,Not significant
S00446,Ibnani,Village,W006,LGA01,7.273157,11.280534,157.0,Okradu,Idi-Oro,150.0,410.61583268000953,0,0,,,,False,False,Accessible,False,152,157.0,1.0,T06,True,5,True,False,Tally-only (no GPS confirmation),0.9681528662420382,0,-0.2521623476541578,0.308,False,Not significant
S00381,Lorako,Settlement,W005,LGA02,7.288424,10.783261,41.0,Jijile,Gwarin,150.0,1856.209377466145,19,1,T05,2026-03-09 07:20:00,2026-03-09 07:38:00,False,True,Accessible,False,40,41.0,1.0,T05,True,5,True,False,Visited (track-confirmed),0.975609756097561,0,0.7093283968014948,0.317,False,Not significant
S00133,Loduja,Village,W002,LGA01,7.211818,10.768842,33.0,Ekduru,Idi-Oro,150.0,422.3437535629986,0,0,,,,False,False,Accessible,False,20,33.0,1.0,T02,True,5,True,False,Tally-only (no GPS confirmation),0.6060606060606061,0,-1.2136530921098103,0.001,True,Cold spot (well-covered cluster)
S00797,Ringosa-Gabas,Village,W009,LGA02,7.53746,10.921368,64.0,Washatu,Gwarin,150.0,2704.376953590311,76,1,T09,2026-03-11 17:15:00,2026-03-11 18:30:00,False,True,Accessible,False,47,64.0,1.0,T09,True,5,True,False,Visited (track-confirmed),0.734375,0,0.7093283968014948,0.317,False,Not significant
S00906,Ennashi,Settlement,W011,LGA02,7.698152,10.418491,34.0,Enyoko-Kofar,Gwarin,114.9935354331887,287.4838385829717,41,1,T11,2026-03-10 13:12:00,2026-03-13 12:29:00,False,True,Accessible,False,19,34.0,1.0,T11,True,5,True,False,Visited (track-confirmed),0.5588235294117647,0,-1.2136530921098103,0.001,True,Cold spot (well-covered cluster)
S02432,Nujina,Village,W039,LGA04,8.367726,10.925688,117.0,Nungoni-Arewa,Ilela,150.0,445.0101236575084,0,0,,,,False,False,Accessible,False,96,117.0,1.0,T07,True,5,True,True,Tally-only (no GPS confirmation),0.8205128205128205,0,-1.2136530921098103,0.001,True,Cold spot (well-covered cluster)
S00464,Waludu,Settlement,W006,LGA01,7.145078,11.312107,61.0,Okradu,Idi-Oro,50.0,91.23757948870423,0,0,,,,False,False,Accessible,True,39,61.0,1.0,T06,True,5,True,False,Tally-only (no GPS confirmation),0.639344262295082,0,0.7093283968014948,0.317,False,Not significant
S01150,Zanaja-Arewa,Settlement,W015,LGA01,7.659214,11.289267,37.0,Baluru,Idi-Oro,150.0,1098.014509037285,0,0,,,,False,False,Accessible,False,39,37.0,1.0,T15,True,5,True,False,Tally-only (no GPS confirmation),1.054054054054054,0,1.6708191412571471,0.098,False,Not significant
S01929,Riyoyi,Settlement,W030,LGA04,7.922213,10.685362,122.0,Yeride,Ilela,150.0,1715.7115528824045,0,0,,,,False,False,Accessible,False,100,122.0,1.0,T30,True,5,True,False,Tally-only (no GPS confirmation),0.819672131147541,0,-0.2521623476541578,0.308,False,Not significant
S02112,Lozaru-Sabo,Settlement,W033,LGA03,7.990188,11.111951,32.0,Tasayi,Katsuma,150.0,870.4762914436802,0,0,,,,False,False,Accessible,False,28,32.0,1.0,T01,True,5,True,False,Tally-only (no GPS confirmation),0.875,0,-1.2136530921098103,0.001,True,Cold spot (well-covered cluster)
S01638,Dadeta,Village,W024,LGA04,7.790494,10.682809,52.0,Kuraba-Kofar,Ilela,150.0,996.9812182751601,0,0,,,,False,False,Accessible,False,0,,,,False,5,True,False,Plausible miss,0.0,1,0.7093283968014948,0.308,False,Not significant
S02022,Dorisa,Hamlet,W031,LGA03,7.928939,11.345928,16.0,Satide,Katsuma,150.0,1136.2849439835911,27,1,T31,2026-03-12 16:43:00,2026-03-12 17:12:00,False,True,Accessible,False,10,16.0,1.0,T31,True,5,True,False,Visited (track-confirmed),0.625,0,0.7093283968014948,0.316,False,Not significant
S01812,Iryoja,Village,W028,LGA04,7.865366,10.90429,17.0,Wangoja,Ilela,108.39739159482588,270.9934789870647,0,0,,,,False,False,Accessible,False,15,17.0,1.0,T28,True,5,True,False,Tally-only (no GPS confirmation),0.8823529411764706,0,-1.2136530921098103,0.001,True,Cold spot (well-covered cluster)
S00027,Riwayi,Village,W001,LGA01,7.030036,11.087616,101.0,Ekngoyi,Idi-Oro,150.0,439.48715037404145,0,0,,,,False,False,Accessible,False,87,101.0,1.0,T01,True,5,True,False,Tally-only (no GPS confirmation),0.8613861386138614,0,-1.2136530921098103,0.001,True,Cold spot (well-covered cluster)
S00084,Faluni,Village,W001,LGA01,7.213336,11.120874,104.0,Ekngoyi,Idi-Oro,150.0,1067.6553036980756,0,0,,,,False,False,Accessible,False,59,104.0,1.0,T01,True,5,True,False,Tally-only (no GPS confirmation),0.5673076923076923,0,-1.2136530921098103,0.001,True,Cold spot (well-covered cluster)
S01252,Dongori,Village,W016,LGA02,7.654901,10.493137,22.0,Uzritu,Gwarin,150.0,943.0018765445755,24,1,T16,2026-03-13 15:37:00,2026-03-13 16:00:00,False,True,Accessible,False,21,22.0,1.0,T16,True,5,True,False,Visited (track-confirmed),0.9545454545454546,0,-1.2136530921098103,0.001,True,Cold spot (well-covered cluster)
S00374,Gusayi,Village,W005,LGA02,7.40696,10.703588,81.0,Jijile,Gwarin,150.0,1482.6814678583794,0,0,,,,False,False,Accessible,False,85,81.0,1.0,T05,True,5,True,False,Tally-only (no GPS confirmation),1.0493827160493827,0,-0.2521623476541578,0.305,False,Not significant
S00384,Yemani,Hamlet,W005,LGA02,7.316643,10.770062,8.0,Jijile,Gwarin,150.0,922.0585964497394,0,0,,,,False,False,Accessible,False,5,8.0,1.0,T05,True,5,True,False,Tally-only (no GPS confirmation),0.625,0,0.7093283968014948,0.316,False,Not significant
S02369,Mayona,Settlement,W038,LGA03,8.348438,11.427285,30.0,Sashasa,Katsuma,150.0,744.3680234868687,0,0,,,,False,False,Accessible,False,25,30.0,1.0,T06,True,5,True,False,Tally-only (no GPS confirmation),0.8333333333333334,0,-1.2136530921098103,0.001,True,Cold spot (well-covered cluster)
S00581,Yejija-Yamma,Urban block,W007,LGA01,7.356629,11.3397,631.0,Bayoyi,Idi-Oro,150.0,1995.4938482964196,1,1,T06,2026-03-11 11:29:00,2026-03-11 11:29:00,False,True,Accessible,False,411,631.0,1.0,T07,True,5,True,False,Visited (track-confirmed),0.6513470681458003,0,-0.2521623476541578,0.305,False,Not significant
S00725,Entita,Village,W008,LGA01,7.418632,10.962345,129.0,Umyosa,Idi-Oro,150.0,509.0040785277274,0,0,,,,False,False,Accessible,False,102,129.0,1.0,T08,True,5,True,False,Tally-only (no GPS confirmation),0.7906976744186046,0,1.6708191412571471,0.1,False,Not significant
S01404,Zamani,Hamlet,W019,LGA04,7.592319,10.988128,4.0,Umzaba-Kofar,Ilela,150.0,1207.1420692292093,0,0,,,,False,False,Accessible,False,2,4.0,1.0,T19,True,5,True,False,Tally-only (no GPS confirmation),0.5,0,-0.2521623476541578,0.305,False,Not significant
S01740,Uzkori,Hamlet,W026,LGA03,7.737649,11.380464,22.0,Kungomi,Katsuma,150.0,616.6763743692821,0,0,,,,False,False,Accessible,False,21,22.0,1.0,T26,True,5,True,False,Tally-only (no GPS confirmation),0.9545454545454546,0,-0.2521623476541578,0.305,False,Not significant
S00205,Uznashi,Urban block,W002,LGA01,7.078868,10.763829,89.0,Ekduru,Idi-Oro,150.0,883.5586801112257,0,0,,,,False,False,Accessible,False,54,89.0,1.0,T02,True,5,True,False,Tally-only (no GPS confirmation),0.6067415730337079,0,0.7093283968014948,0.316,False,Not significant
S01451,Lojini-Tsakiya,Urban block,W020,LGA01,7.757689,11.187742,262.0,Famade,Idi-Oro,150.0,605.8410313466646,35,1,T20,2026-03-10 07:41:00,2026-03-10 08:15:00,False,True,Accessible,False,217,262.0,1.0,T20,True,5,True,False,Visited (track-confirmed),0.8282442748091603,0,-0.2521623476541578,0.305,False,Not significant
S01582,Bikoru,Village,W022,LGA03,8.201373,11.4232,8.0,Sudefa,Katsuma,150.0,707.3225961953992,29,1,T22,2026-03-10 12:17:00,2026-03-10 12:45:00,False,True,Accessible,False,6,8.0,1.0,T22,True,5,True,False,Visited (track-confirmed),0.75,0,-0.2521623476541578,0.305,False,Not significant
S00933,Tawako,Village,W012,LGA02,7.458745,10.454442,150.0,Darari,Gwarin,150.0,1432.4485064501873,37,1,T12,2026-03-10 11:00:00,2026-03-10 11:36:00,False,True,Accessible,False,132,150.0,1.0,T12,True,5,True,False,Visited (track-confirmed),0.88,0,-0.2521623476541578,0.305,False,Not significant
S02033,Tashata,Village,W031,LGA03,7.909835,11.337081,74.0,Satide,Katsuma,150.0,1094.606418902553,0,0,,,,False,False,Accessible,False,0,,,,False,5,True,False,Plausible miss,0.0,1,0.7093283968014948,0.306,False,Not significant
S00193,Takofa,Village,W002,LGA01,7.096699,10.780457,48.0,Ekduru,Idi-Oro,133.15667602922682,332.891690073067,0,0,,,,False,False,Accessible,False,38,48.0,1.0,T02,True,5,True,False,Tally-only (no GPS confirmation),0.7916666666666666,0,-0.2521623476541578,0.305,False,Not significant
S00208,Okzatu,Hamlet,W002,LGA01,7.177691,10.784757,43.0,Ekduru,Idi-Oro,150.0,2040.999956026616,0,0,,,,False,False,Accessible,False,0,,,,False,5,True,False,Plausible miss,0.0,1,0.7093283968014948,0.306,False,Not significant
S01291,Umjima-Arewa,Settlement,W017,LGA03,7.518154,11.394,28.0,Bazasa,Katsuma,150.0,782.6484107830007,0,0,,,,False,False,Accessible,False,28,28.0,1.0,T17,True,5,True,False,Tally-only (no GPS confirmation),1.0,0,-1.2136530921098103,0.001,True,Cold spot (well-covered cluster)
S01738,Irrani,Village,W026,LGA03,7.756198,11.394948,96.0,Kungomi,Katsuma,150.0,703.3212594922595,0,0,,,,False,False,Accessible,False,89,96.0,1.0,T26,True,5,True,False,Tally-only (no GPS confirmation),0.9270833333333334,0,1.6708191412571471,0.101,False,Not significant
S01105,Yezadu,Hamlet,W015,LGA01,7.573324,11.270052,33.0,Baluru,Idi-Oro,150.0,1055.2641358442947,20,1,T15,2026-03-13 07:25:00,2026-03-13 07:44:00,False,True,Accessible,False,31,33.0,1.0,T15,True,5,True,False,Visited (track-confirmed),0.9393939393939394,0,-1.2136530921098103,0.001,True,Cold spot (well-covered cluster)
S00732,Zakotu,Village,W008,LGA01,7.384885,10.962635,61.0,Umyosa,Idi-Oro,150.0,1012.6191960494024,0,0,,,,False,False,Accessible,False,0,,,,False,5,True,False,Plausible miss,0.0,1,1.6708191412571471,0.319,False,Not significant
S01762,Umyota,Hamlet,W027,LGA03,7.925016,11.461442,19.0,Daberi,Katsuma,50.30787843281339,125.76969608203346,19,1,T27,2026-03-10 14:45:00,2026-03-10 15:03:00,False,True,Accessible,False,18,19.0,1.0,T27,True,5,True,False,Visited (track-confirmed),0.9473684210526315,0,1.6708191412571471,0.101,False,Not significant
S00739,Hakoko,Settlement,W008,LGA01,7.195232,10.917596,63.0,Umyosa,Idi-Oro,150.0,451.57114566411667,0,0,,,,False,False,Accessible,False,52,63.0,1.0,T08,True,5,True,False,Tally-only (no GPS confirmation),0.8253968253968254,0,-0.2521623476541578,0.307,False,Not significant
S01422,Ekbaja,Village,W019,LGA04,7.599224,11.016291,18.0,Umzaba-Kofar,Ilela,150.0,484.122852618768,0,0,,,,False,False,Accessible,False,17,18.0,1.0,T19,True,5,True,False,Tally-only (no GPS confirmation),0.9444444444444444,0,-1.2136530921098103,0.001,True,Cold spot (well-covered cluster)
S00481,Dodufa-Tudun,Settlement,W006,LGA01,7.271706,11.243935,84.0,Okradu,Idi-Oro,125.85427721851859,314.63569304629647,0,0,,,,False,False,Accessible,False,72,84.0,1.0,T06,True,5,True,False,Tally-only (no GPS confirmation),0.8571428571428571,0,0.7093283968014948,0.32,False,Not significant
S01205,Tatsiwo,Settlement,W015,LGA01,7.493649,11.2141,75.0,Baluru,Idi-Oro,150.0,382.3925299370563,0,0,,,,False,False,Accessible,False,59,75.0,1.0,T15,True,5,True,False,Tally-only (no GPS confirmation),0.7866666666666666,0,-0.2521623476541578,0.307,False,Not significant
S01230,Bitile,Hamlet,W015,LGA01,7.726167,11.277347,24.0,Baluru,Idi-Oro,105.10150680416082,262.75376701040204,0,0,,,,False,False,Accessible,False,15,24.0,1.0,T15,True,5,True,False,Tally-only (no GPS confirmation),0.625,0,-1.2136530921098103,0.001,True,Cold spot (well-covered cluster)
S02058,Kuyoshi,Village,W032,LGA04,8.098504,10.917447,38.0,Bisani-Gabas,Ilela,109.79611624404654,274.49029061011635,5,1,T32,2026-03-09 08:19:00,2026-03-13 15:13:00,False,True,Accessible,False,25,38.0,1.0,T32,True,5,True,False,Visited (track-confirmed),0.6578947368421053,0,-1.2136530921098103,0.001,True,Cold spot (well-covered cluster)
S01943,Suriri,Village,W030,LGA04,7.925796,10.621056,63.0,Yeride,Ilela,150.0,1107.8110789049356,0,0,,,,False,False,Accessible,False,0,,,,False,5,True,False,Plausible miss,0.0,1,0.7093283968014948,0.308,False,Not significant
S00149,Sularu,Village,W002,LGA01,7.129003,10.795989,90.0,Ekduru,Idi-Oro,150.0,525.6256405931127,0,0,,,,False,False,Accessible,False,63,90.0,1.0,T02,True,5,True,False,Tally-only (no GPS confirmation),0.7,0,-0.2521623476541578,0.306,False,Not significant
D00083,Nuwaja,Urban block,W001,LGA01,7.103096,10.983362,236.0,Ekngoyi,Idi-Oro,150.0,573.57170112151,0,0,,,,False,False,Accessible,False,0,,,,False,5,True,False,Plausible miss,0.0,1,1.6708191412571471,0.318,False,Not significant
S00925,Ibtsiwa,Village,W011,LGA02,7.594387,10.429899,29.0,Enyoko-Kofar,Gwarin,150.0,540.149353058656,0,0,,,,False,False,Accessible,False,26,29.0,1.0,T11,True,5,True,False,Tally-only (no GPS confirmation),0.896551724137931,0,-1.2136530921098103,0.001,True,Cold spot (well-covered cluster)
S00721,Ibdema,Urban block,W008,LGA01,7.435787,10.950314,686.0,Umyosa,Idi-Oro,50.49291194625113,126.23227986562782,2,1,T08,2026-03-09 07:51:00,2026-03-09 07:52:00,True,True,Accessible,False,499,686.0,1.0,T08,True,5,True,False,Visited (track-confirmed),0.7274052478134111,0,0.7093283968014948,0.318,False,Not significant
S00201,Daluwa,Hamlet,W002,LGA01,7.08642,10.766662,64.0,Ekduru,Idi-Oro,150.0,883.5586801112257,0,0,,,,False,False,Accessible,False,48,64.0,1.0,T02,True,5,True,False,Tally-only (no GPS confirmation),0.75,0,-0.2521623476541578,0.304,False,Not significant
S02292,Banatu,Village,W036,LGA04,8.103685,10.726567,57.0,Mawako,Ilela,150.0,1145.2609429350287,26,1,T04,2026-03-10 07:36:00,2026-03-10 08:01:00,False,True,Accessible,False,45,57.0,1.0,T04,True,5,True,False,Visited (track-confirmed),0.7894736842105263,0,-0.2521623476541578,0.304,False,Not significant
S02356,Birawo,Village,W037,LGA03,8.168868,11.534381,82.0,Longoma,Katsuma,150.0,1165.6984690680624,0,0,,,,False,False,Accessible,False,81,82.0,1.0,T05,True,5,True,False,Tally-only (no GPS confirmation),0.9878048780487805,0,0.7093283968014948,0.318,False,Not significant
S00895,Aglayi,Village,W011,LGA02,7.701337,10.416512,18.0,Enyoko-Kofar,Gwarin,150.0,411.6915208871303,0,0,,,,False,False,Accessible,False,16,18.0,1.0,T11,True,5,True,False,Tally-only (no GPS confirmation),0.8888888888888888,0,-1.2136530921098103,0.001,True,Cold spot (well-covered cluster)
S00705,Dajiwa,Village,W008,LGA01,7.206492,10.928996,155.0,Umyosa,Idi-Oro,150.0,392.24547535118006,0,0,,,,False,False,Accessible,False,150,155.0,1.0,T08,True,5,True,False,Tally-only (no GPS confirmation),0.967741935483871,0,-0.2521623476541578,0.304,False,Not significant
S02055,Ibkole-Sabo,Settlement,W032,LGA04,8.098381,10.841367,63.0,Bisani-Gabas,Ilela,150.0,1210.4884265826981,36,1,T32,2026-03-10 07:38:00,2026-03-10 08:13:00,False,True,Accessible,False,36,63.0,1.0,T32,True,5,True,False,Visited (track-confirmed),0.5714285714285714,0,-1.2136530921098103,0.001,True,Cold spot (well-covered cluster)
S01503,Umbaba,Hamlet,W020,LGA01,7.608491,11.071002,24.0,Famade,Idi-Oro,150.0,956.3003651170835,0,0,,,,False,False,Accessible,False,16,24.0,1.0,T20,True,5,True,False,Tally-only (no GPS confirmation),0.6666666666666666,0,-1.2136530921098103,0.001,True,Cold spot (well-covered cluster)
S00296,Uzbata,Village,W003,LGA01,7.245885,11.041682,102.0,Satita,Idi-Oro,138.66738049702099,346.66845124255246,2,1,T03,2026-03-12 07:34:00,2026-03-12 07:35:00,False,True,Accessible,False,108,102.0,1.0,T03,True,5,True,False,Visited (track-confirmed),1.0588235294117647,0,0.7093283968014948,0.318,False,Not significant
S01137,Dayoja,Hamlet,W015,LGA01,7.564826,11.274598,29.0,Baluru,Idi-Oro,150.0,956.6700767585487,0,0,,,,False,False,Accessible,False,23,29.0,1.0,T15,True,5,True,False,Tally-only (no GPS confirmation),0.7931034482758621,0,-1.2136530921098103,0.001,True,Cold spot (well-covered cluster)
S00195,Mashafa,Village,W002,LGA01,7.088684,10.728512,118.0,Ekduru,Idi-Oro,150.0,1308.477890134158,0,0,,,,False,False,Accessible,False,0,,,,False,5,True,False,Plausible miss,0.0,1,1.6708191412571471,0.317,False,Not significant
S02341,Yerana,Hamlet,W037,LGA03,8.188294,11.530441,27.0,Longoma,Katsuma,150.0,570.7229487943728,0,0,,,,False,False,Accessible,False,0,,,,False,5,True,False,Plausible miss,0.0,1,0.7093283968014948,0.306,False,Not significant
S00119,Ekshani,Village,W001,LGA01,7.049177,11.066639,63.0,Ekngoyi,Idi-Oro,150.0,508.5971855366681,0,0,,,,False,False,Accessible,False,36,63.0,1.0,T01,True,5,True,False,Tally-only (no GPS confirmation),0.5714285714285714,0,-0.2521623476541578,0.305,False,Not significant
S01265,Kawade,Settlement,W016,LGA02,7.492622,10.454432,69.0,Uzritu,Gwarin,150.0,3708.7700292675618,0,0,,,,False,False,Accessible,False,0,,,,False,5,True,False,Plausible miss,0.0,1,0.7093283968014948,0.305,False,Not significant
S00169,Surasa,Hamlet,W002,LGA01,7.103629,10.779009,39.0,Ekduru,Idi-Oro,150.0,637.2954593163108,0,0,,,,False,False,Accessible,False,0,,,,False,5,True,False,Plausible miss,0.0,1,0.7093283968014948,0.305,False,Not significant
S02094,Ibkoko,Hamlet,W032,LGA04,8.0734,10.856121,12.0,Bisani-Gabas,Ilela,128.06349012296857,320.15872530742143,34,1,T32,2026-03-13 12:53:00,2026-03-13 13:26:00,False,True,Accessible,False,10,12.0,1.0,T32,True,5,True,False,Visited (track-confirmed),0.8333333333333334,0,-0.2521623476541578,0.302,False,Not significant
S02288,Wanawo,Hamlet,W036,LGA04,8.223589,10.708479,4.0,Mawako,Ilela,150.0,2741.7077863988193,30,1,T04,2026-03-11 07:34:00,2026-03-11 08:03:00,False,True,Accessible,False,3,4.0,1.0,T04,True,5,True,False,Visited (track-confirmed),0.75,0,-1.2136530921098103,0.001,True,Cold spot (well-covered cluster)
S00908,Falami,Hamlet,W011,LGA02,7.589722,10.421465,23.0,Enyoko-Kofar,Gwarin,150.0,674.8770600783845,27,1,T11,2026-03-10 07:33:00,2026-03-10 07:59:00,False,True,Accessible,False,23,23.0,1.0,T11,True,5,True,False,Visited (track-confirmed),1.0,0,-1.2136530921098103,0.001,True,Cold spot (well-covered cluster)
S00661,Oldema,Village,W008,LGA01,7.22508,10.93345,123.0,Umyosa,Idi-Oro,150.0,616.385524961029,0,0,,,,False,False,Accessible,False,78,123.0,1.0,T08,True,5,True,False,Tally-only (no GPS confirmation),0.6341463414634146,0,-0.2521623476541578,0.302,False,Not significant
S01617,Tajifa,Hamlet,W023,LGA03,7.909677,11.209747,14.0,Suwade,Katsuma,126.09007228669937,315.2251807167484,4,1,T23,2026-03-10 08:41:00,2026-03-10 08:44:00,False,True,Accessible,False,0,,,,False,5,True,False,Visited (track-confirmed),0.0,0,-0.2521623476541578,0.302,False,Not significant
S01843,Biberi,Settlement,W028,LGA04,7.906586,10.815524,18.0,Wangoja,Ilela,150.0,2644.4823259238105,0,0,,,,False,False,Accessible,False,16,18.0,1.0,T28,True,5,True,False,Tally-only (no GPS confirmation),0.8888888888888888,0,-1.2136530921098103,0.001,True,Cold spot (well-covered cluster)
S00931,Rijidu,Hamlet,W012,LGA02,7.334347,10.527604,38.0,Darari,Gwarin,150.0,626.4297013120419,0,0,,,,False,False,Accessible,False,0,,,,False,5,True,False,Plausible miss,0.0,1,-0.2521623476541578,0.001,True,Cold spot (well-covered cluster)
S01349,Irnata-Yamma,Hamlet,W018,LGA02,7.640253,10.621201,15.0,Adwana,Gwarin,150.0,581.5668990422306,19,1,T18,2026-03-13 14:45:00,2026-03-13 15:03:00,False,True,Accessible,False,11,15.0,1.0,T18,True,5,True,False,Visited (track-confirmed),0.7333333333333333,0,-1.2136530921098103,0.001,True,Cold spot (well-covered cluster)
S02515,Uzrisa,Village,W040,LGA04,8.285649,11.165159,83.0,Gujiri,Ilela,150.0,595.9194284042466,0,0,,,,False,False,Accessible,False,79,83.0,1.0,T08,True,5,True,False,Tally-only (no GPS confirmation),0.9518072289156626,0,-0.2521623476541578,0.303,False,Not significant
S01019,Zaderu-Kudu,Settlement,W014,LGA01,7.488691,11.493725,104.0,Bishama,Idi-Oro,138.866832093966,347.167080234915,2,1,T14,2026-03-13 10:25:00,2026-03-13 10:26:00,False,True,Accessible,False,101,104.0,1.0,T14,True,5,True,False,Visited (track-confirmed),0.9711538461538461,0,-1.2136530921098103,0.001,True,Cold spot (well-covered cluster)
S01891,Loshashi,Village,W029,LGA04,7.978754,10.937983,83.0,Wangoni,Ilela,150.0,1224.4091625996798,0,0,,,,False,False,Accessible,False,56,83.0,1.0,T29,True,5,True,False,Tally-only (no GPS confirmation),0.6746987951807228,0,-1.2136530921098103,0.001,True,Cold spot (well-covered cluster)
S01045,Rilana,Settlement,W014,LGA01,7.390821,11.469407,104.0,Bishama,Idi-Oro,150.0,562.780743941526,4,1,T14,2026-03-10 13:35:00,2026-03-10 13:38:00,False,True,Accessible,False,0,,,,False,5,True,False,Visited (track-confirmed),0.0,0,-0.2521623476541578,0.303,False,Not significant
S00880,Farani,Settlement,W011,LGA02,7.669437,10.470584,96.0,Enyoko-Kofar,Gwarin,150.0,1405.484967354352,0,0,,,,False,False,Accessible,False,60,96.0,1.0,T11,True,5,True,False,Tally-only (no GPS confirmation),0.625,0,-1.2136530921098103,0.001,True,Cold spot (well-covered cluster)
S00843,Bibeyi,Village,W010,LGA02,7.411834,10.868903,130.0,Fazafa,Gwarin,150.0,1543.6763309135367,0,0,,,,False,False,Accessible,False,0,,,,False,5,True,False,Plausible miss,0.0,1,-0.2521623476541578,0.001,True,Cold spot (well-covered cluster)
S00200,Hawale,Village,W002,LGA01,7.076295,10.788149,128.0,Ekduru,Idi-Oro,150.0,740.9990854735009,0,0,,,,False,False,Accessible,False,87,128.0,1.0,T02,True,5,True,False,Tally-only (no GPS confirmation),0.6796875,0,1.6708191412571471,0.1,False,Not significant
S00587,Oljile,Village,W007,LGA01,7.318237,11.328476,122.0,Bayoyi,Idi-Oro,116.74532152164726,291.8633038041181,0,0,,,,False,False,Accessible,False,123,122.0,1.0,T07,True,5,True,False,Tally-only (no GPS confirmation),1.0081967213114753,0,0.7093283968014948,0.315,False,Not significant
S00100,Mashasa,Village,W001,LGA01,7.061507,10.962902,96.0,Ekngoyi,Idi-Oro,150.0,596.387999527,0,0,,,,False,False,Accessible,False,61,96.0,1.0,T01,True,5,True,False,Tally-only (no GPS confirmation),0.6354166666666666,0,0.7093283968014948,0.315,False,Not significant
S00309,Sulade,Village,W003,LGA01,7.226176,10.996478,95.0,Satita,Idi-Oro,150.0,470.7378790384838,0,0,,,,False,False,Accessible,False,54,95.0,1.0,T03,True,5,True,False,Tally-only (no GPS confirmation),0.5684210526315789,0,-0.2521623476541578,0.306,False,Not significant
S00105,Kaluja,Urban block,W001,LGA01,7.092386,11.102475,381.0,Ekngoyi,Idi-Oro,150.0,2823.1289271292994,0,0,,,,False,False,Accessible,False,319,381.0,1.0,T01,True,5,True,False,Tally-only (no GPS confirmation),0.8372703412073491,0,1.6708191412571471,0.1,False,Not significant
S00525,Tayona,Village,W006,LGA01,7.187271,11.302059,180.0,Okradu,Idi-Oro,103.09535495787723,257.73838739469306,0,0,,,,False,False,Accessible,False,107,180.0,1.0,T06,True,5,True,False,Tally-only (no GPS confirmation),0.5944444444444444,0,-1.2136530921098103,0.001,True,Cold spot (well-covered cluster)
S01973,Umdedu,Village,W030,LGA04,7.90043,10.631658,45.0,Yeride,Ilela,50.0,63.50563568409182,29,1,T30,2026-03-11 15:05:00,2026-03-11 15:33:00,True,True,Accessible,True,33,45.0,1.0,T30,True,5,True,False,Visited (track-confirmed),0.7333333333333333,0,-1.2136530921098103,0.001,True,Cold spot (well-covered cluster)
S02009,Yeladu,Hamlet,W031,LGA03,7.938448,11.318772,16.0,Satide,Katsuma,150.0,637.909439324289,0,0,,,,False,False,Accessible,False,0,,,,False,5,True,False,Plausible miss,0.0,1,0.7093283968014948,0.306,False,Not significant
S00919,Zalasa,Village,W011,LGA02,7.596503,10.390223,50.0,Enyoko-Kofar,Gwarin,150.0,1603.318797729307,37,1,T11,2026-03-10 08:47:00,2026-03-10 09:23:00,False,True,Accessible,False,31,50.0,1.0,T11,True,5,True,False,Visited (track-confirmed),0.62,0,-1.2136530921098103,0.001,True,Cold spot (well-covered cluster)
S00849,Ribefa,Village,W010,LGA02,7.433887,10.762987,75.0,Fazafa,Gwarin,150.0,1142.4365207538212,32,2,"T05,T10",2026-03-09 14:35:00,2026-03-10 16:38:00,False,True,Accessible,False,69,75.0,1.0,T10,True,5,True,False,Visited (track-confirmed),0.92,0,-1.2136530921098103,0.001,True,Cold spot (well-covered cluster)
S01919,Kasale,Village,W029,LGA04,7.913198,11.09099,102.0,Wangoni,Ilela,150.0,415.2053866716291,5,1,T02,2026-03-09 18:02:00,2026-03-09 18:06:00,False,True,Accessible,False,0,,,,False,5,True,False,Visited (track-confirmed),0.0,0,-1.2136530921098103,0.001,True,Cold spot (well-covered cluster)
S01174,Agyowo,Village,W015,LGA01,7.508765,11.219791,112.0,Baluru,Idi-Oro,150.0,741.7162165395999,1,1,T15,2026-03-10 14:41:00,2026-03-10 14:41:00,False,True,Accessible,False,103,112.0,1.0,T15,True,5,True,False,Visited (track-confirmed),0.9196428571428571,0,-1.2136530921098103,0.001,True,Cold spot (well-covered cluster)
S00226,Dodemi,Village,W003,LGA01,7.364403,10.981514,73.0,Satita,Idi-Oro,150.0,2614.451099086502,0,0,,,,False,False,Accessible,False,67,73.0,1.0,T03,True,5,True,False,Tally-only (no GPS confirmation),0.9178082191780822,0,1.6708191412571471,0.102,False,Not significant
S00856,Gudeja,Settlement,W010,LGA02,7.446851,10.883179,6.0,Fazafa,Gwarin,150.0,2692.6712852300557,0,0,,,,False,False,Accessible,False,4,6.0,1.0,T10,True,5,True,False,Tally-only (no GPS confirmation),0.6666666666666666,0,-1.2136530921098103,0.001,True,Cold spot (well-covered cluster)
S01335,Jiritu,Settlement,W018,LGA02,7.551268,10.658229,13.0,Adwana,Gwarin,150.0,416.4346281039831,19,1,T18,2026-03-12 15:55:00,2026-03-12 16:13:00,False,True,Accessible,False,9,13.0,1.0,T18,True,5,True,False,Visited (track-confirmed),0.6923076923076923,0,-1.2136530921098103,0.001,True,Cold spot (well-covered cluster)
S00156,Yelata,Settlement,W002,LGA01,7.12143,10.752138,64.0,Ekduru,Idi-Oro,150.0,1415.7846610093102,0,0,,,,False,False,Accessible,False,64,64.0,1.0,T02,True,5,True,False,Tally-only (no GPS confirmation),1.0,0,-0.2521623476541578,0.305,False,Not significant
S02062,Longosa,Village,W032,LGA04,8.052803,10.894353,57.0,Bisani-Gabas,Ilela,131.89864229663291,329.7466057415823,27,1,T32,2026-03-10 12:24:00,2026-03-10 12:50:00,False,True,Accessible,False,54,57.0,1.0,T32,True,5,True,False,Visited (track-confirmed),0.9473684210526315,0,-1.2136530921098103,0.001,True,Cold spot (well-covered cluster)
S00696,Irngosa,Hamlet,W008,LGA01,7.424209,10.969162,59.0,Umyosa,Idi-Oro,150.0,441.6077355903459,0,0,,,,False,False,Accessible,False,61,59.0,1.0,T08,True,5,True,False,Tally-only (no GPS confirmation),1.0338983050847457,0,1.6708191412571471,0.102,False,Not significant
S00383,Entsina,Village,W005,LGA02,7.380006,10.722819,46.0,Jijile,Gwarin,150.0,922.8543944668284,0,0,,,,False,False,Accessible,False,41,46.0,1.0,T05,True,5,True,False,Tally-only (no GPS confirmation),0.8913043478260869,0,0.7093283968014948,0.315,False,Not significant
S00329,Ibshaja,Hamlet,W004,LGA02,7.248575,10.57124,9.0,Yesawo,Gwarin,150.0,532.3091939450828,0,0,,,,False,False,Accessible,False,0,,,,False,5,True,False,Plausible miss,0.0,1,-0.2521623476541578,0.001,True,Cold spot (well-covered cluster)
S00426,Sungofa,Village,W006,LGA01,7.235551,11.294637,45.0,Okradu,Idi-Oro,150.0,1134.9187080271915,0,0,,,,False,False,Accessible,False,41,45.0,1.0,T06,True,5,True,False,Tally-only (no GPS confirmation),0.9111111111111111,0,-0.2521623476541578,0.306,False,Not significant
S02113,Adkoba,Village,W033,LGA03,7.984994,11.158934,20.0,Tasayi,Katsuma,150.0,733.7522446990184,0,0,,,,False,False,Accessible,False,17,20.0,1.0,T01,True,5,True,False,Tally-only (no GPS confirmation),0.85,0,-1.2136530921098103,0.001,True,Cold spot (well-covered cluster)
S00750,Oldede-Yamma,Urban block,W008,LGA01,7.306757,10.915594,347.0,Umyosa,Idi-Oro,150.0,2008.2200250081899,0,0,,,,False,False,Accessible,False,341,347.0,1.0,T08,True,5,True,False,Tally-only (no GPS confirmation),0.9827089337175793,0,-0.2521623476541578,0.306,False,Not significant
S01112,Yejile,Urban block,W015,LGA01,7.502999,11.345794,471.0,Baluru,Idi-Oro,150.0,1523.6516317621397,0,0,,,,False,False,Accessible,False,301,471.0,1.0,T15,True,5,True,False,Tally-only (no GPS confirmation),0.6390658174097664,0,-0.2521623476541578,0.306,False,Not significant
S00141,Ribafa,Hamlet,W002,LGA01,7.234753,10.784463,36.0,Ekduru,Idi-Oro,93.6060653935013,234.01516348375324,0,0,,,,False,False,Accessible,False,34,36.0,1.0,T02,True,5,True,False,Tally-only (no GPS confirmation),0.9444444444444444,0,-1.2136530921098103,0.001,True,Cold spot (well-covered cluster)
S00181,Zayowo,Village,W002,LGA01,7.180571,10.871717,,Ekduru,Idi-Oro,150.0,3513.8409738943606,0,0,,,,False,False,Accessible,False,134,155.0,1.0,T02,True,5,True,False,Tally-only (no GPS confirmation),0.864516129032258,0,-0.2521623476541578,0.306,False,Not significant
S01646,Umduta,Village,W024,LGA04,7.790865,10.776839,121.0,Kuraba-Kofar,Ilela,150.0,1067.936677923661,0,0,,,,False,False,Accessible,False,110,121.0,1.0,T24,True,5,True,False,Tally-only (no GPS confirmation),0.9090909090909091,0,-1.2136530921098103,0.001,True,Cold spot (well-covered cluster)
S01727,Fajiru,Village,W026,LGA03,7.7491,11.435383,15.0,Kungomi,Katsuma,150.0,917.1897505980756,2,1,T26,2026-03-09 10:11:00,2026-03-09 10:12:00,False,True,Accessible,False,0,,,,False,5,True,False,Visited (track-confirmed),0.0,0,1.6708191412571471,0.103,False,Not significant
S00184,Bibeko,Settlement,W002,LGA01,7.088818,10.796387,71.0,Ekduru,Idi-Oro,122.81630881850006,307.04077204625014,0,0,,,,False,False,Accessible,False,71,71.0,1.0,T02,True,5,True,False,Tally-only (no GPS confirmation),1.0,0,-0.2521623476541578,0.306,False,Not significant
S01631,Nuritu,Settlement,W023,LGA03,7.818524,11.244134,54.0,Suwade,Katsuma,150.0,604.9416157449364,0,0,,,,False,False,Accessible,False,0,,,,False,5,True,False,Plausible miss,0.0,1,3.5938006301684524,0.028,False,Not significant
S02002,Hasaru-Kudu,Settlement,W031,LGA03,7.918688,11.361436,69.0,Satide,Katsuma,109.22990995686169,273.0747748921542,38,1,T31,2026-03-10 14:37:00,2026-03-11 09:37:00,False,True,Accessible,False,46,69.0,1.0,T31,True,5,True,False,Visited (track-confirmed),0.6666666666666666,0,-0.2521623476541578,0.308,False,Not significant
S00337,Agrale,Village,W004,LGA02,7.224331,10.633795,25.0,Yesawo,Gwarin,150.0,868.00319618251,0,0,,,,False,False,Accessible,False,18,25.0,1.0,T04,True,5,True,False,Tally-only (no GPS confirmation),0.72,0,-0.2521623476541578,0.308,False,Not significant
S02378,Habeshi,Village,W038,LGA03,8.417047,11.337818,160.0,Sashasa,Katsuma,150.0,2382.3897981788373,0,0,,,,False,False,Accessible,False,108,160.0,1.0,T06,True,5,True,False,Tally-only (no GPS confirmation),0.675,0,-0.2521623476541578,0.308,False,Not significant
S00445,Gunana,Village,W006,LGA01,7.252583,11.169084,113.0,Okradu,Idi-Oro,141.83471732199402,354.58679330498506,0,0,,,,False,False,Accessible,False,80,113.0,1.0,T06,True,5,True,False,Tally-only (no GPS confirmation),0.7079646017699115,0,-1.2136530921098103,0.001,True,Cold spot (well-covered cluster)
S01023,Guraja,Village,W014,LGA01,7.381531,11.47916,105.0,Bishama,Idi-Oro,150.0,918.9882363216049,0,0,,,,False,False,Accessible,False,0,,,,False,5,True,False,Plausible miss,0.0,1,-0.2521623476541578,0.001,True,Cold spot (well-covered cluster)
S01462,Zatsima,Hamlet,W020,LGA01,7.730092,11.143396,46.0,Famade,Idi-Oro,150.0,548.4326513136286,4,1,T20,2026-03-13 18:01:00,2026-03-13 18:04:00,False,True,Accessible,False,39,46.0,1.0,T20,True,5,True,False,Visited (track-confirmed),0.8478260869565217,0,-0.2521623476541578,0.305,False,Not significant
S00567,Fabema,Village,W007,LGA01,7.376342,11.221738,136.0,Bayoyi,Idi-Oro,74.09326318900976,185.2331579725244,10,1,T07,2026-03-11 12:17:00,2026-03-12 11:18:00,True,True,Accessible,False,88,136.0,1.0,T07,True,5,True,False,Visited (track-confirmed),0.6470588235294118,0,-1.2136530921098103,0.001,True,Cold spot (well-covered cluster)
S00788,Zayoma,Urban block,W009,LGA02,7.490951,11.009486,125.0,Washatu,Gwarin,50.0,82.88434314093729,31,1,T09,2026-03-10 16:29:00,2026-03-10 16:59:00,True,True,Accessible,True,71,125.0,1.0,T09,True,5,True,False,Visited (track-confirmed),0.568,0,-1.2136530921098103,0.001,True,Cold spot (well-covered cluster)
S01516,Yebeba,Settlement,W021,LGA02,7.858471,10.469742,18.0,Yezata,Gwarin,150.0,418.43462273265135,22,1,T21,2026-03-10 12:20:00,2026-03-12 13:06:00,False,True,Accessible,False,18,18.0,1.0,T21,True,5,True,False,Visited (track-confirmed),1.0,0,-1.2136530921098103,0.001,True,Cold spot (well-covered cluster)
S00879,Enluwa,Urban block,W011,LGA02,7.593484,10.372532,303.0,Enyoko-Kofar,Gwarin,150.0,1984.3267420863035,34,1,T11,2026-03-12 07:24:00,2026-03-12 08:00:00,False,True,Accessible,False,171,303.0,1.0,T11,True,5,True,False,Visited (track-confirmed),0.5643564356435643,0,-1.2136530921098103,0.001,True,Cold spot (well-covered cluster)
S01278,Agrimi,Settlement,W017,LGA03,7.528006,11.42467,25.0,Bazasa,Katsuma,150.0,1205.3456644021999,30,1,T17,2026-03-10 17:30:00,2026-03-11 15:34:00,False,True,Accessible,False,23,25.0,1.0,T17,True,5,True,False,Visited (track-confirmed),0.92,0,-0.2521623476541578,0.305,False,Not significant
S01927,Ringoru,Village,W030,LGA04,8.080886,10.580473,17.0,Yeride,Ilela,150.0,1485.9078727278152,0,0,,,,False,False,Accessible,False,14,17.0,1.0,T30,True,5,True,False,Tally-only (no GPS confirmation),0.8235294117647058,0,-0.2521623476541578,0.305,False,Not significant
S02109,Risale-Sabo,Village,W033,LGA03,7.996697,11.143936,67.0,Tasayi,Katsuma,150.0,574.5987880223755,0,0,,,,False,False,Accessible,False,46,67.0,1.0,T01,True,5,True,False,Tally-only (no GPS confirmation),0.6865671641791045,0,-0.2521623476541578,0.305,False,Not significant
S02358,Hangoru,Hamlet,W037,LGA03,8.214155,11.548091,25.0,Longoma,Katsuma,150.0,557.9358905438396,0,0,,,,False,False,Accessible,False,20,25.0,1.0,T05,True,5,True,False,Tally-only (no GPS confirmation),0.8,0,1.6708191412571471,0.102,False,Not significant
S00920,Farasa,Hamlet,W011,LGA02,7.726038,10.402832,4.0,Enyoko-Kofar,Gwarin,150.0,739.9530724253217,0,0,,,,False,False,Accessible,False,0,,,,False,5,True,False,Plausible miss,0.0,1,-0.2521623476541578,0.001,True,Cold spot (well-covered cluster)
S01571,Enraja,Hamlet,W022,LGA03,8.199674,11.441283,14.0,Sudefa,Katsuma,150.0,699.7152484707306,0,0,,,,False,False,Accessible,False,0,,,,False,5,True,False,Plausible miss,0.0,1,0.7093283968014948,0.307,False,Not significant
S00762,Enduta,Village,W008,LGA01,7.355781,10.834656,32.0,Umyosa,Idi-Oro,150.0,1588.396940125771,0,0,,,,False,False,Accessible,False,0,,,,False,5,True,False,Plausible miss,0.0,1,-0.2521623476541578,0.001,True,Cold spot (well-covered cluster)
S02056,Yejija,Hamlet,W032,LGA04,8.060829,10.838748,41.0,Bisani-Gabas,Ilela,150.0,757.6491385884511,0,0,,,,False,False,Accessible,False,25,41.0,1.0,T32,True,5,True,False,Tally-only (no GPS confirmation),0.6097560975609756,0,-1.2136530921098103,0.001,True,Cold spot (well-covered cluster)
S00319,Rikoshi,Urban block,W003,LGA01,7.449792,11.051997,757.0,Satita,Idi-Oro,150.0,1264.3503620468446,0,0,,,,False,False,Accessible,False,564,757.0,1.0,T03,True,5,True,False,Tally-only (no GPS confirmation),0.7450462351387054,0,1.6708191412571471,0.103,False,Not significant
S01781,Agmana,Village,W027,LGA03,7.899721,11.463895,20.0,Daberi,Katsuma,150.0,600.2918598421612,125,1,T27,2026-03-11 11:15:00,2026-03-13 13:24:00,False,True,Accessible,False,13,20.0,1.0,T27,True,5,True,False,Visited (track-confirmed),0.65,0,-0.2521623476541578,0.305,False,Not significant
S00932,Habatu,Hamlet,W012,LGA02,7.328668,10.519834,12.0,Darari,Gwarin,150.0,750.2023613112207,39,1,T12,2026-03-09 12:08:00,2026-03-10 17:45:00,False,True,Accessible,False,7,12.0,1.0,T12,True,5,True,False,Visited (track-confirmed),0.5833333333333334,0,-0.2521623476541578,0.305,False,Not significant
S02355,Kamaba-Arewa,Village,W037,LGA03,8.188456,11.542163,64.0,Longoma,Katsuma,88.05345639423649,220.1336409855912,0,0,,,,False,False,Accessible,False,52,64.0,1.0,T05,True,5,True,False,Tally-only (no GPS confirmation),0.8125,0,0.7093283968014948,0.315,False,Not significant
S01358,Jidusa,Hamlet,W018,LGA02,7.549817,10.646969,18.0,Adwana,Gwarin,150.0,497.4224890996528,0,0,,,,False,False,Accessible,False,13,18.0,1.0,T18,True,5,True,False,Tally-only (no GPS confirmation),0.7222222222222222,0,-1.2136530921098103,0.001,True,Cold spot (well-covered cluster)
S00085,Adbeta,Hamlet,W001,LGA01,7.048635,11.073911,22.0,Ekngoyi,Idi-Oro,150.0,646.3565475917062,0,0,,,,False,False,Accessible,False,0,,,,False,5,True,False,Plausible miss,0.0,1,0.7093283968014948,0.306,False,Not significant
S01723,Ibjidu,Settlement,W026,LGA03,7.728521,11.515566,59.0,Kungomi,Katsuma,150.0,971.1431628367891,3,1,T26,2026-03-11 08:42:00,2026-03-11 08:44:00,False,True,Accessible,False,0,,,,False,5,True,False,Visited (track-confirmed),0.0,0,-0.2521623476541578,0.306,False,Not significant
S00638,Nusashi,Village,W007,LGA01,7.320324,11.222049,16.0,Bayoyi,Idi-Oro,150.0,1255.1984766278008,0,0,,,,False,False,Accessible,False,17,16.0,1.0,T07,True,5,True,False,Tally-only (no GPS confirmation),1.0625,0,1.6708191412571471,0.102,False,Not significant
S00310,Karitu,Village,W003,LGA01,7.422673,10.983563,246.0,Satita,Idi-Oro,150.0,562.802429368728,0,0,,,,False,False,Accessible,False,0,,,,False,5,True,False,Plausible miss,0.0,1,1.6708191412571471,0.315,False,Not significant
S00455,Umwana,Village,W006,LGA01,7.185266,11.299753,140.0,Okradu,Idi-Oro,79.95647998280617,199.89119995701543,0,0,,,,False,False,Accessible,False,137,140.0,1.0,T06,True,5,True,False,Tally-only (no GPS confirmation),0.9785714285714285,0,-0.2521623476541578,0.305,False,Not significant
S02172,Sukotu,Village,W034,LGA03,8.229173,11.226746,88.0,Dodeta,Katsuma,150.0,1306.9898620603635,0,0,,,,False,False,Accessible,False,58,88.0,1.0,T02,True,5,True,False,Tally-only (no GPS confirmation),0.6590909090909091,0,-0.2521623476541578,0.305,False,Not significant
S01936,Uzzashi,Village,W030,LGA04,7.93932,10.590878,78.0,Yeride,Ilela,150.0,1287.1396441583508,0,0,,,,False,False,Accessible,False,59,78.0,1.0,T30,True,5,True,False,Tally-only (no GPS confirmation),0.7564102564102564,0,0.7093283968014948,0.316,False,Not significant
S01988,Tamawa,Village,W030,LGA04,7.931521,10.629319,26.0,Yeride,Ilela,150.0,1107.8110789049356,2,1,T30,2026-03-10 17:29:00,2026-03-10 17:30:00,False,True,Accessible,False,25,26.0,1.0,T30,True,5,True,False,Visited (track-confirmed),0.9615384615384616,0,-0.2521623476541578,0.305,False,Not significant
S00890,Entina,Hamlet,W011,LGA02,7.566494,10.423747,27.0,Enyoko-Kofar,Gwarin,150.0,765.8222874817674,5,1,T11,2026-03-09 18:26:00,2026-03-09 18:30:00,False,True,Accessible,False,27,27.0,1.0,T11,True,5,True,False,Visited (track-confirmed),1.0,0,-0.2521623476541578,0.305,False,Not significant
S00305,Darayi,Hamlet,W003,LGA01,7.265269,11.099681,9.0,Satita,Idi-Oro,150.0,657.4504067549985,0,0,,,,False,False,Accessible,False,9,9.0,1.0,T03,True,5,True,False,Tally-only (no GPS confirmation),1.0,0,0.7093283968014948,0.316,False,Not significant
S01131,Doriba,Urban block,W015,LGA01,7.553608,11.301884,771.0,Baluru,Idi-Oro,91.78445946683327,229.46114866708317,3,1,T15,2026-03-10 07:31:00,2026-03-10 07:33:00,False,True,Accessible,False,541,771.0,1.0,T15,True,5,True,False,Visited (track-confirmed),0.7016861219195849,0,-0.2521623476541578,0.305,False,Not significant
S01273,Riyota,Village,W016,LGA02,7.638666,10.497314,17.0,Uzritu,Gwarin,150.0,380.44795499902773,8,1,T16,2026-03-11 13:38:00,2026-03-13 17:17:00,False,True,Accessible,False,16,17.0,1.0,T16,True,5,True,False,Visited (track-confirmed),0.9411764705882353,0,-1.2136530921098103,0.001,True,Cold spot (well-covered cluster)
S01431,Agzaba,Village,W020,LGA01,7.722511,11.121426,33.0,Famade,Idi-Oro,150.0,631.6097922779927,0,0,,,,False,False,Accessible,False,32,33.0,1.0,T20,True,5,True,False,Tally-only (no GPS confirmation),0.9696969696969697,0,-0.2521623476541578,0.305,False,Not significant
S01414,Fatsina-Kofar,Settlement,W019,LGA04,7.609814,11.003492,49.0,Umzaba-Kofar,Ilela,150.0,455.21570904672683,0,0,,,,False,False,Accessible,False,45,49.0,1.0,T19,True,5,True,False,Tally-only (no GPS confirmation),0.9183673469387755,0,-1.2136530921098103,0.001,True,Cold spot (well-covered cluster)
S01592,Ibdeko,Hamlet,W023,LGA03,7.935278,11.195304,15.0,Suwade,Katsuma,96.60354886262178,241.50887215655445,33,1,T23,2026-03-13 07:14:00,2026-03-13 11:54:00,False,True,Accessible,False,13,15.0,1.0,T23,True,5,True,False,Visited (track-confirmed),0.8666666666666667,0,-1.2136530921098103,0.001,True,Cold spot (well-covered cluster)
S00082,Kaladu,Village,W001,LGA01,7.024104,11.037773,88.0,Ekngoyi,Idi-Oro,150.0,405.4481649613613,0,0,,,,False,False,Accessible,False,62,88.0,1.0,T01,True,5,True,False,Tally-only (no GPS confirmation),0.7045454545454546,0,-0.2521623476541578,0.305,False,Not significant
S01774,Damafa,Village,W027,LGA03,7.913179,11.509624,55.0,Daberi,Katsuma,150.0,1307.124121775235,98,1,T27,2026-03-10 11:05:00,2026-03-10 12:57:00,False,True,Accessible,False,51,55.0,1.0,T27,True,5,True,False,Visited (track-confirmed),0.9272727272727272,0,-1.2136530921098103,0.001,True,Cold spot (well-covered cluster)
S01729,Jiriwa,Village,W026,LGA03,7.749553,11.415722,52.0,Kungomi,Katsuma,150.0,471.1171923006848,18,1,T26,2026-03-09 10:38:00,2026-03-09 10:55:00,False,True,Accessible,False,39,52.0,1.0,T26,True,5,True,False,Visited (track-confirmed),0.75,0,0.7093283968014948,0.316,False,Not significant
S01885,Kaduna,Village,W029,LGA04,7.964739,11.056089,65.0,Wangoni,Ilela,150.0,724.4674384556918,2,1,T29,2026-03-11 08:51:00,2026-03-11 08:52:00,False,True,Accessible,False,36,65.0,1.0,T29,True,5,True,False,Visited (track-confirmed),0.5538461538461539,0,-0.2521623476541578,0.305,False,Not significant
S01647,Umluba,Settlement,W024,LGA04,7.833344,10.703461,47.0,Kuraba-Kofar,Ilela,150.0,781.6419129536729,130,2,"T04,T24",2026-03-09 14:18:00,2026-03-12 15:39:00,False,True,Accessible,False,40,47.0,1.0,T24,True,5,True,False,Visited (track-confirmed),0.851063829787234,0,-0.2521623476541578,0.305,False,Not significant
S00953,Dolule-Tsakiya,Settlement,W013,LGA02,7.474932,10.579228,25.0,Sashako,Gwarin,111.73013003369783,279.3253250842446,28,1,T13,2026-03-11 07:22:00,2026-03-13 10:38:00,False,True,Accessible,False,24,25.0,1.0,T13,True,5,True,False,Visited (track-confirmed),0.96,0,-1.2136530921098103,0.001,True,Cold spot (well-covered cluster)
S01156,Daluna,Urban block,W015,LGA01,7.694902,11.265077,368.0,Baluru,Idi-Oro,150.0,427.16473392771644,0,0,,,,False,False,Accessible,False,0,,,,False,5,True,False,Plausible miss,0.0,1,0.7093283968014948,0.308,False,Not significant
S00632,Banadu,Urban block,W007,LGA01,7.426648,11.322696,230.0,Bayoyi,Idi-Oro,150.0,2301.523951167543,0,0,,,,False,False,Accessible,False,180,230.0,1.0,T07,True,5,True,False,Tally-only (no GPS confirmation),0.782608695652174,0,0.7093283968014948,0.315,False,Not significant
S01836,Famayi,Village,W028,LGA04,7.900222,10.841189,40.0,Wangoja,Ilela,150.0,1619.777748846158,24,1,T28,2026-03-12 10:17:00,2026-03-13 13:22:00,False,True,Accessible,False,41,40.0,1.0,T28,True,5,True,False,Visited (track-confirmed),1.025,0,-0.2521623476541578,0.308,False,Not significant
S01351,Tatsiru,Hamlet,W018,LGA02,7.567866,10.64673,9.0,Adwana,Gwarin,150.0,418.1195514138994,102,1,T18,2026-03-09 10:31:00,2026-03-10 12:13:00,False,True,Accessible,False,8,9.0,1.0,T18,True,5,True,False,Visited (track-confirmed),0.8888888888888888,0,-0.2521623476541578,0.308,False,Not significant
S00625,Suyoru,Village,W007,LGA01,7.404363,11.258472,62.0,Bayoyi,Idi-Oro,150.0,1259.3471072770637,0,0,,,,False,False,Accessible,False,0,,,,False,5,True,False,Plausible miss,0.0,1,0.7093283968014948,0.309,False,Not significant
S01135,Dobeko,Hamlet,W015,LGA01,7.713771,11.298133,44.0,Baluru,Idi-Oro,141.63096270706032,354.0774067676508,0,0,,,,False,False,Accessible,False,35,44.0,1.0,T15,True,5,True,False,Tally-only (no GPS confirmation),0.7954545454545454,0,-0.2521623476541578,0.308,False,Not significant
S00811,Okbani,Village,W009,LGA02,7.57956,10.948236,47.0,Washatu,Gwarin,150.0,450.2020092586599,0,0,,,,False,False,Accessible,False,28,47.0,1.0,T09,True,5,True,False,Tally-only (no GPS confirmation),0.5957446808510638,0,2.6323098857128,0.029,False,Not significant
S02003,Ekradu,Village,W031,LGA03,7.988415,11.330591,93.0,Satide,Katsuma,102.8103770502397,257.0259426255992,34,1,T31,2026-03-09 11:23:00,2026-03-12 07:14:00,False,True,Accessible,False,74,93.0,1.0,T31,True,5,True,False,Visited (track-confirmed),0.7956989247311828,0,-1.2136530921098103,0.001,True,Cold spot (well-covered cluster)
S00602,Uzraba-Kofar,Hamlet,W007,LGA01,7.38678,11.40381,45.0,Bayoyi,Idi-Oro,150.0,2500.86799513928,0,0,,,,False,False,Accessible,False,34,45.0,1.0,T07,True,5,True,False,Tally-only (no GPS confirmation),0.7555555555555555,0,-0.2521623476541578,0.308,False,Not significant
S00360,Dangoja,Village,W004,LGA02,7.24835,10.576047,86.0,Yesawo,Gwarin,150.0,532.3091939450828,0,0,,,,False,False,Accessible,False,59,86.0,1.0,T04,True,5,True,False,Tally-only (no GPS confirmation),0.686046511627907,0,-0.2521623476541578,0.308,False,Not significant
S01082,Guluyi,Urban block,W014,LGA01,7.399105,11.463595,344.0,Bishama,Idi-Oro,59.59155766742799,148.97889416856998,0,0,,,,False,False,Accessible,False,274,344.0,1.0,T14,True,5,True,False,Tally-only (no GPS confirmation),0.7965116279069767,0,-1.2136530921098103,0.001,True,Cold spot (well-covered cluster)
S00402,Hasayi,Village,W005,LGA02,7.292573,10.76525,52.0,Jijile,Gwarin,147.53289396022842,368.83223490057105,0,0,,,,False,False,Accessible,False,54,52.0,1.0,T05,True,5,True,False,Tally-only (no GPS confirmation),1.0384615384615385,0,0.7093283968014948,0.316,False,Not significant
S02037,Yemata,Urban block,W031,LGA03,7.977882,11.41859,131.0,Satide,Katsuma,150.0,4138.40846810613,22,1,T31,2026-03-10 12:24:00,2026-03-10 12:56:00,False,True,Accessible,False,76,131.0,1.0,T31,True,5,True,False,Visited (track-confirmed),0.5801526717557252,0,0.7093283968014948,0.316,False,Not significant
S01776,Kabaja,Hamlet,W027,LGA03,7.882344,11.451451,36.0,Daberi,Katsuma,150.0,1742.6097745359345,29,1,T27,2026-03-10 07:23:00,2026-03-10 07:51:00,False,True,Accessible,False,37,36.0,1.0,T27,True,5,True,False,Visited (track-confirmed),1.0277777777777777,0,-0.2521623476541578,0.308,False,Not significant
S01907,Jingota,Village,W029,LGA04,7.973838,11.059108,51.0,Wangoni,Ilela,150.0,619.3426665746107,2,1,T29,2026-03-10 16:47:00,2026-03-10 16:48:00,False,True,Accessible,False,0,,,,False,5,True,False,Visited (track-confirmed),0.0,0,-0.2521623476541578,0.308,False,Not significant
S01795,Ennaba,Hamlet,W028,LGA04,7.887446,10.882151,14.0,Wangoja,Ilela,150.0,699.726140413934,6,1,T28,2026-03-09 10:00:00,2026-03-12 13:10:00,False,True,Accessible,False,10,14.0,1.0,T28,True,5,True,False,Visited (track-confirmed),0.7142857142857143,0,-0.2521623476541578,0.308,False,Not significant
S01153,Karatu-Arewa,Urban block,W015,LGA01,7.482533,11.229327,485.0,Baluru,Idi-Oro,150.0,866.0334991624394,0,0,,,,False,False,Accessible,False,490,485.0,1.0,T15,True,5,True,False,Tally-only (no GPS confirmation),1.0103092783505154,0,-1.2136530921098103,0.001,True,Cold spot (well-covered cluster)
S01057,Gulawa,Settlement,W014,LGA01,7.415798,11.444227,125.0,Bishama,Idi-Oro,150.0,1038.7191781698737,0,0,,,,False,False,Accessible,False,107,125.0,1.0,T14,True,5,True,False,Tally-only (no GPS confirmation),0.856,0,-0.2521623476541578,0.308,False,Not significant
S00483,Bawako,Urban block,W006,LGA01,7.144595,11.311434,165.0,Okradu,Idi-Oro,50.0,91.23757948870423,0,0,,,,False,False,Accessible,True,150,165.0,1.0,T06,True,5,True,False,Tally-only (no GPS confirmation),0.9090909090909091,0,1.6708191412571471,0.101,False,Not significant
S01373,Nuyoru,Hamlet,W019,LGA04,7.579996,11.007027,42.0,Umzaba-Kofar,Ilela,50.0,117.41563437319321,0,0,,,,False,False,Accessible,False,25,42.0,1.0,T19,True,5,True,False,Tally-only (no GPS confirmation),0.5952380952380952,0,-0.2521623476541578,0.308,False,Not significant
S00341,Yetsisa,Hamlet,W004,LGA02,7.231762,10.63105,6.0,Yesawo,Gwarin,150.0,868.00319618251,0,0,,,,False,False,Accessible,False,5,6.0,1.0,T04,True,5,True,False,Tally-only (no GPS confirmation),0.8333333333333334,0,1.6708191412571471,0.101,False,Not significant
S00707,Umdena,Urban block,W008,LGA01,7.259456,10.882921,631.0,Umyosa,Idi-Oro,150.0,466.30624144530776,0,0,,,,False,False,Accessible,False,514,631.0,1.0,T08,True,5,True,False,Tally-only (no GPS confirmation),0.8145800316957211,0,0.7093283968014948,0.316,False,Not significant
D00555,Malusa,Village,W007,LGA01,7.365032,11.252864,160.0,Bayoyi,Idi-Oro,150.0,724.0030257514393,0,0,,,,False,False,Accessible,False,0,,,,False,5,True,False,Plausible miss,0.0,1,1.6708191412571471,0.314,False,Not significant
S02242,Binaba,Village,W035,LGA04,8.284201,10.934896,26.0,Dazata,Ilela,150.0,773.5009140091462,0,0,,,,False,False,Accessible,False,25,26.0,1.0,T03,True,5,True,True,Tally-only (no GPS confirmation),0.9615384615384616,0,-1.2136530921098103,0.001,True,Cold spot (well-covered cluster)
S01189,Ekratu-Kudu,Village,W015,LGA01,7.661869,11.265109,165.0,Baluru,Idi-Oro,150.0,500.7427040445004,3,1,T15,2026-03-11 13:25:00,2026-03-11 13:27:00,False,True,Accessible,False,103,165.0,1.0,T15,True,5,True,False,Visited (track-confirmed),0.6242424242424243,0,1.6708191412571471,0.099,False,Not significant
S01353,Gungofa,Village,W018,LGA02,7.570752,10.662875,119.0,Adwana,Gwarin,150.0,480.1557281285395,15,1,T18,2026-03-11 12:28:00,2026-03-11 12:45:00,False,True,Accessible,False,70,119.0,1.0,T18,True,5,True,False,Visited (track-confirmed),0.5882352941176471,0,-1.2136530921098103,0.001,True,Cold spot (well-covered cluster)
S01084,Uzlule,Hamlet,W014,LGA01,7.50598,11.518342,31.0,Bishama,Idi-Oro,149.87334518862372,374.6833629715593,0,0,,,,False,False,Accessible,False,27,31.0,1.0,T14,True,5,True,False,Tally-only (no GPS confirmation),0.8709677419354839,0,-1.2136530921098103,0.001,True,Cold spot (well-covered cluster)
S00623,Irngoni,Village,W007,LGA01,7.396047,11.27934,169.0,Bayoyi,Idi-Oro,150.0,700.5840177731297,0,0,,,,False,False,Accessible,False,168,169.0,1.0,T07,True,5,True,False,Tally-only (no GPS confirmation),0.9940828402366864,0,1.6708191412571471,0.099,False,Not significant
S01624,Irnako,Village,W023,LGA03,7.83823,11.251227,21.0,Suwade,Katsuma,150.0,1285.7307120636071,0,0,,,,False,False,Accessible,False,15,21.0,1.0,T23,True,5,True,False,Tally-only (no GPS confirmation),0.7142857142857143,0,1.6708191412571471,0.099,False,Not significant
S00626,Datitu,Hamlet,W007,LGA01,7.478626,11.119976,56.0,Bayoyi,Idi-Oro,150.0,4809.02633085861,0,0,,,,False,False,Accessible,False,35,56.0,1.0,T07,True,5,True,False,Tally-only (no GPS confirmation),0.625,0,0.7093283968014948,0.317,False,Not significant
S01628,Kurasa,Village,W023,LGA03,7.902005,11.130934,62.0,Suwade,Katsuma,150.0,2171.153520230398,99,1,T23,2026-03-11 15:46:00,2026-03-11 17:43:00,False,True,Accessible,False,64,62.0,1.0,T23,True,5,True,False,Visited (track-confirmed),1.032258064516129,0,-1.2136530921098103,0.001,True,Cold spot (well-covered cluster)
S00328,Tamami-Kofar,Village,W003,LGA01,7.468283,11.034947,109.0,Satita,Idi-Oro,150.0,1255.7328985137858,0,0,,,,False,False,Accessible,False,114,109.0,1.0,T03,True,5,True,False,Tally-only (no GPS confirmation),1.0458715596330275,0,-0.2521623476541578,0.308,False,Not significant
S01511,Oknani,Settlement,W020,LGA01,7.682918,11.184898,45.0,Famade,Idi-Oro,150.0,779.3944384466132,0,0,,,,False,False,Accessible,False,0,,,,False,5,True,False,Plausible miss,0.0,1,0.7093283968014948,0.309,False,Not significant
S00542,Umlale,Village,W007,LGA01,7.426161,11.17756,32.0,Bayoyi,Idi-Oro,150.0,2170.6535515230025,0,0,,,,False,False,Accessible,False,31,32.0,1.0,T07,True,5,True,False,Tally-only (no GPS confirmation),0.96875,0,-0.2521623476541578,0.309,False,Not significant
S01072,Sukoyi,Village,W014,LGA01,7.40028,11.462909,67.0,Bishama,Idi-Oro,59.59155766742799,148.97889416856998,0,0,,,,False,False,Accessible,False,68,67.0,1.0,T14,True,5,True,False,Tally-only (no GPS confirmation),1.0149253731343284,0,-1.2136530921098103,0.001,True,Cold spot (well-covered cluster)
S00023,Ibdutu,Village,W001,LGA01,7.095255,11.054927,179.0,Ekngoyi,Idi-Oro,150.0,1925.7292954675868,0,0,,,,False,False,Accessible,False,102,179.0,1.0,T01,True,5,True,False,Tally-only (no GPS confirmation),0.5698324022346368,0,-0.2521623476541578,0.309,False,Not significant
S02102,Yenade,Settlement,W033,LGA03,7.996482,11.11678,46.0,Tasayi,Katsuma,150.0,706.149674190854,0,0,,,,False,False,Accessible,False,30,46.0,1.0,T01,True,5,True,False,Tally-only (no GPS confirmation),0.6521739130434783,0,-1.2136530921098103,0.001,True,Cold spot (well-covered cluster)
S00340,Hatiwo-Sabo,Hamlet,W004,LGA02,7.189234,10.662487,56.0,Yesawo,Gwarin,150.0,1071.1351345653782,0,0,,,,False,False,Accessible,False,47,56.0,1.0,T04,True,5,True,False,Tally-only (no GPS confirmation),0.8392857142857143,0,-1.2136530921098103,0.001,True,Cold spot (well-covered cluster)
S00007,Uzduma,Urban block,W001,LGA01,7.192986,11.161636,378.0,Ekngoyi,Idi-Oro,150.0,453.80259369873875,4,1,T01,2026-03-10 08:41:00,2026-03-10 08:44:00,False,True,Accessible,False,235,378.0,1.0,T01,True,5,True,False,Visited (track-confirmed),0.6216931216931217,0,-1.2136530921098103,0.001,True,Cold spot (well-covered cluster)
S00166,Sarishi-Arewa,Urban block,W002,LGA01,7.122619,10.778849,521.0,Ekduru,Idi-Oro,150.0,1340.4371265041568,0,0,,,,False,False,Accessible,False,493,521.0,1.0,T02,True,5,True,False,Tally-only (no GPS confirmation),0.946257197696737,0,0.7093283968014948,0.318,False,Not significant
S00576,Yebawa,Village,W007,LGA01,7.359363,11.237089,105.0,Bayoyi,Idi-Oro,50.0,26.133700243748777,14,1,T07,2026-03-09 12:34:00,2026-03-09 12:56:00,True,True,Accessible,True,92,105.0,1.0,T07,True,5,True,False,Visited (track-confirmed),0.8761904761904762,0,-0.2521623476541578,0.309,False,Not significant
S00358,Ekdeja,Hamlet,W004,LGA02,7.26841,10.564401,5.0,Yesawo,Gwarin,150.0,2298.9586262309067,0,0,,,,False,False,Accessible,False,4,5.0,1.0,T04,True,5,True,False,Tally-only (no GPS confirmation),0.8,0,0.7093283968014948,0.318,False,Not significant
S00548,Agshatu,Urban block,W007,LGA01,7.386912,11.240241,443.0,Bayoyi,Idi-Oro,117.38500010778233,293.4625002694558,0,0,,,,False,False,Accessible,False,330,443.0,1.0,T07,True,5,True,False,Tally-only (no GPS confirmation),0.744920993227991,0,-0.2521623476541578,0.309,False,Not significant
S01226,Umduko,Urban block,W015,LGA01,7.686477,11.267177,461.0,Baluru,Idi-Oro,150.0,445.38991557410105,0,0,,,,False,False,Accessible,False,380,461.0,1.0,T15,True,5,True,False,Tally-only (no GPS confirmation),0.824295010845987,0,-0.2521623476541578,0.309,False,Not significant
S01323,Majita,Settlement,W018,LGA02,7.64294,10.654858,82.0,Adwana,Gwarin,150.0,2036.5864112306565,21,1,T18,2026-03-11 07:36:00,2026-03-11 07:56:00,False,True,Accessible,False,60,82.0,1.0,T18,True,5,True,False,Visited (track-confirmed),0.7317073170731707,0,-1.2136530921098103,0.001,True,Cold spot (well-covered cluster)
S00669,Nushafa,Urban block,W008,LGA01,7.434637,10.950419,1178.0,Umyosa,Idi-Oro,50.0,86.52762042607392,3,1,T08,2026-03-09 07:40:00,2026-03-09 07:50:00,True,True,Accessible,True,0,,,,False,5,True,False,Visited (track-confirmed),0.0,0,0.7093283968014948,0.318,False,Not significant
S02434,Kuridu,Village,W039,LGA04,8.354765,10.908542,46.0,Nungoni-Arewa,Ilela,150.0,1009.1994025682715,0,0,,,,False,False,Accessible,False,26,46.0,1.0,T07,True,5,True,True,Tally-only (no GPS confirmation),0.5652173913043478,0,-1.2136530921098103,0.001,True,Cold spot (well-covered cluster)
S00568,Kangoma,Urban block,W007,LGA01,7.371491,11.233136,448.0,Bayoyi,Idi-Oro,150.0,506.57774142957345,7,1,T07,2026-03-09 13:15:00,2026-03-09 13:21:00,False,True,Accessible,False,371,448.0,1.0,T07,True,5,True,False,Visited (track-confirmed),0.828125,0,-0.2521623476541578,0.309,False,Not significant
S00934,Kurisa,Hamlet,W012,LGA02,7.325045,10.50209,41.0,Darari,Gwarin,150.0,475.43544739128777,36,1,T12,2026-03-09 11:25:00,2026-03-11 08:43:00,False,True,Accessible,False,31,41.0,1.0,T12,True,5,True,False,Visited (track-confirmed),0.7560975609756098,0,-1.2136530921098103,0.001,True,Cold spot (well-covered cluster)
S02400,Haduri,Village,W038,LGA03,8.264764,11.413526,97.0,Sashasa,Katsuma,150.0,1026.114044235707,0,0,,,,False,False,Accessible,False,82,97.0,1.0,T06,True,5,True,False,Tally-only (no GPS confirmation),0.845360824742268,0,0.7093283968014948,0.318,False,Not significant
S00808,Sawawa,Village,W009,LGA02,7.535795,10.969275,6.0,Washatu,Gwarin,150.0,847.237645651864,24,1,T09,2026-03-12 10:21:00,2026-03-13 15:17:00,False,True,Accessible,False,5,6.0,1.0,T09,True,5,True,False,Visited (track-confirmed),0.8333333333333334,0,-0.2521623476541578,0.309,False,Not significant
S01178,Hajile-Kudu,Urban block,W015,LGA01,7.509715,11.17761,80.0,Baluru,Idi-Oro,150.0,1554.8873009595802,0,0,,,,False,False,Accessible,False,81,80.0,1.0,T15,True,5,True,False,Tally-only (no GPS confirmation),1.0125,0,-1.2136530921098103,0.001,True,Cold spot (well-covered cluster)
S01938,Jinadu,Village,W030,LGA04,8.035823,10.577437,26.0,Yeride,Ilela,109.09098312010553,272.72745780026383,32,1,T30,2026-03-13 15:17:00,2026-03-13 15:48:00,False,True,Accessible,False,18,26.0,1.0,T30,True,5,True,False,Visited (track-confirmed),0.6923076923076923,0,-0.2521623476541578,0.309,False,Not significant
S01709,Balayi,Village,W026,LGA03,7.750976,11.345551,65.0,Kungomi,Katsuma,150.0,2510.299352164823,0,0,,,,False,False,Accessible,False,49,65.0,1.0,T26,True,5,True,False,Tally-only (no GPS confirmation),0.7538461538461538,0,-1.2136530921098103,0.001,True,Cold spot (well-covered cluster)
S01689,Suzama,Village,W025,LGA04,7.775054,11.104465,15.0,Okriba,Ilela,150.0,759.4837941868686,38,1,T25,2026-03-09 16:29:00,2026-03-10 14:39:00,False,True,Accessible,False,0,,,,False,5,True,False,Visited (track-confirmed),0.0,0,-1.2136530921098103,0.001,True,Cold spot (well-covered cluster)
S01884,Dodude,Village,W029,LGA04,7.995313,10.994658,35.0,Wangoni,Ilela,127.83959571930507,319.59898929826267,0,0,,,,False,False,Accessible,False,32,35.0,1.0,T29,True,5,True,False,Tally-only (no GPS confirmation),0.9142857142857143,0,-0.2521623476541578,0.309,False,Not significant
S01286,Saluba,Village,W017,LGA03,7.510887,11.406867,101.0,Bazasa,Katsuma,150.0,430.0762236033869,0,0,,,,False,False,Accessible,False,0,,,,False,5,True,False,Plausible miss,0.0,1,-0.2521623476541578,0.001,True,Cold spot (well-covered cluster)
S01203,Rideshi,Urban block,W015,LGA01,7.516021,11.222121,362.0,Baluru,Idi-Oro,50.0,63.347871514461325,0,0,,,,False,False,Accessible,True,220,362.0,1.0,T15,True,5,True,False,Tally-only (no GPS confirmation),0.6077348066298343,0,-1.2136530921098103,0.001,True,Cold spot (well-covered cluster)
S01901,Fabawa,Hamlet,W029,LGA04,7.973305,11.04609,45.0,Wangoni,Ilela,150.0,577.7443774848703,0,0,,,,False,False,Accessible,False,45,45.0,1.0,T29,True,5,True,False,Tally-only (no GPS confirmation),1.0,0,-0.2521623476541578,0.31,False,Not significant
S02231,Kaderi,Village,W035,LGA04,8.264733,11.003366,105.0,Dazata,Ilela,150.0,550.498539948138,0,0,,,,False,False,Accessible,False,97,105.0,1.0,T03,True,5,True,True,Tally-only (no GPS confirmation),0.9238095238095239,0,-1.2136530921098103,0.001,True,Cold spot (well-covered cluster)
S01440,Jidudu,Hamlet,W020,LGA01,7.585645,11.073824,69.0,Famade,Idi-Oro,150.0,620.8216318852718,6,1,T03,2026-03-09 12:36:00,2026-03-09 12:41:00,False,True,Accessible,False,0,,,,False,5,True,False,Visited (track-confirmed),0.0,0,-1.2136530921098103,0.001,True,Cold spot (well-covered cluster)
S00786,Enkoru-Yamma,Hamlet,W008,LGA01,7.418616,10.953641,76.0,Umyosa,Idi-Oro,150.0,854.6717336202529,0,0,,,,False,False,Accessible,False,75,76.0,1.0,T08,True,5,True,False,Tally-only (no GPS confirmation),0.9868421052631579,0,-0.2521623476541578,0.31,False,Not significant
S01456,Kujidu-Kofar,Village,W020,LGA01,7.717364,11.118823,42.0,Famade,Idi-Oro,150.0,631.6097922779927,0,0,,,,False,False,Accessible,False,26,42.0,1.0,T20,True,5,True,False,Tally-only (no GPS confirmation),0.6190476190476191,0,-0.2521623476541578,0.31,False,Not significant
S01366,Mangona,Settlement,W018,LGA02,7.629454,10.624492,17.0,Adwana,Gwarin,94.78908316667977,236.97270791669942,33,2,"T04,T18",2026-03-10 17:46:00,2026-03-13 17:21:00,False,True,Accessible,False,15,17.0,1.0,T18,True,5,True,False,Visited (track-confirmed),0.8823529411764706,0,-1.2136530921098103,0.001,True,Cold spot (well-covered cluster)
S00322,Yezaba,Village,W003,LGA01,7.411106,11.036257,126.0,Satita,Idi-Oro,150.0,1381.5288253741514,0,0,,,,False,False,Accessible,False,109,126.0,1.0,T03,True,5,True,False,Tally-only (no GPS confirmation),0.8650793650793651,0,1.6708191412571471,0.103,False,Not significant
S01693,Irbewa-Yamma,Village,W025,LGA04,7.793549,11.096979,56.0,Okriba,Ilela,150.0,988.7086015183843,50,1,T25,2026-03-10 07:20:00,2026-03-13 15:33:00,False,True,Accessible,False,0,,,,False,5,True,False,Visited (track-confirmed),0.0,0,-1.2136530921098103,0.001,True,Cold spot (well-covered cluster)
S00871,Zazaba,Hamlet,W010,LGA02,7.458375,10.769674,26.0,Fazafa,Gwarin,150.0,1930.8534365280661,38,1,T10,2026-03-09 10:25:00,2026-03-09 11:02:00,False,True,Accessible,False,18,26.0,1.0,T10,True,5,True,False,Visited (track-confirmed),0.6923076923076923,0,-0.2521623476541578,0.31,False,Not significant
S02285,Hasatu,Settlement,W036,LGA04,8.142009,10.792693,54.0,Mawako,Ilela,150.0,3471.005226405428,0,0,,,,False,False,Accessible,False,31,54.0,1.0,T04,True,5,True,False,Tally-only (no GPS confirmation),0.5740740740740741,0,-0.2521623476541578,0.31,False,Not significant
S00809,Irngoma-Arewa,Settlement,W009,LGA02,7.601631,10.822419,59.0,Washatu,Gwarin,150.0,3643.952143649264,23,1,T09,2026-03-09 07:17:00,2026-03-09 07:39:00,False,True,Accessible,False,44,59.0,1.0,T09,True,5,True,False,Visited (track-confirmed),0.7457627118644068,0,-0.2521623476541578,0.31,False,Not significant
S00875,Dazaba,Hamlet,W011,LGA02,7.564069,10.400804,30.0,Enyoko-Kofar,Gwarin,150.0,927.6237827565806,31,1,T11,2026-03-12 11:31:00,2026-03-12 12:01:00,False,True,Accessible,False,19,30.0,1.0,T11,True,5,True,False,Visited (track-confirmed),0.6333333333333333,0,-0.2521623476541578,0.31,False,Not significant
S00553,Wabema-Yamma,Urban block,W007,LGA01,7.371165,11.154207,1904.0,Bayoyi,Idi-Oro,150.0,772.6794313143178,28,1,T07,2026-03-13 13:35:00,2026-03-13 14:05:00,False,True,Accessible,False,1055,1904.0,1.0,T07,True,5,True,False,Visited (track-confirmed),0.5540966386554622,0,-0.2521623476541578,0.31,False,Not significant
S00911,Kuride,Village,W011,LGA02,7.713231,10.494124,28.0,Enyoko-Kofar,Gwarin,150.0,877.7484992840475,0,0,,,,False,False,Accessible,False,21,28.0,1.0,T11,True,5,True,False,Tally-only (no GPS confirmation),0.75,0,-0.2521623476541578,0.31,False,Not significant
S00789,Matsima,Hamlet,W009,LGA02,7.583255,10.950035,26.0,Washatu,Gwarin,150.0,450.2020092586599,31,1,T09,2026-03-13 07:17:00,2026-03-13 07:47:00,False,True,Accessible,False,25,26.0,1.0,T09,True,5,True,False,Visited (track-confirmed),0.9615384615384616,0,2.6323098857128,0.027,False,Not significant
S00767,Halule,Village,W008,LGA01,7.194576,10.905744,79.0,Umyosa,Idi-Oro,150.0,601.8350817396953,0,0,,,,False,False,Accessible,False,73,79.0,1.0,T08,True,5,True,False,Tally-only (no GPS confirmation),0.9240506329113924,0,-0.2521623476541578,0.31,False,Not significant
S02301,Lodewo,Village,W036,LGA04,8.158467,10.747578,99.0,Mawako,Ilela,150.0,1427.5563748855454,0,0,,,,False,False,Accessible,False,100,99.0,1.0,T04,True,5,True,False,Tally-only (no GPS confirmation),1.0101010101010102,0,-1.2136530921098103,0.001,True,Cold spot (well-covered cluster)
S00894,Lolade,Village,W011,LGA02,7.597463,10.421999,96.0,Enyoko-Kofar,Gwarin,150.0,849.5659525492655,26,1,T11,2026-03-09 07:13:00,2026-03-09 07:38:00,False,True,Accessible,False,63,96.0,1.0,T11,True,5,True,False,Visited (track-confirmed),0.65625,0,-1.2136530921098103,0.001,True,Cold spot (well-covered cluster)
S00347,Fabemi-Kofar,Village,W004,LGA02,7.26264,10.607177,29.0,Yesawo,Gwarin,50.0,114.92053881598628,0,0,,,,False,False,Accessible,False,0,,,,False,5,True,False,Plausible miss,0.0,1,2.6323098857128,0.103,False,Not significant
S01036,Mazama,Urban block,W014,LGA01,7.511266,11.469708,425.0,Bishama,Idi-Oro,150.0,2131.0482729856667,0,0,,,,False,False,Accessible,False,355,425.0,1.0,T14,True,5,True,False,Tally-only (no GPS confirmation),0.8352941176470589,0,1.6708191412571471,0.103,False,Not significant
S02479,Irngodu,Settlement,W040,LGA04,8.382441,11.161619,50.0,Gujiri,Ilela,150.0,2194.875629861339,0,0,,,,False,False,Accessible,False,37,50.0,1.0,T08,True,5,True,False,Tally-only (no GPS confirmation),0.74,0,-0.2521623476541578,0.309,False,Not significant
S02122,Zangoma,Hamlet,W033,LGA03,7.975572,11.190775,29.0,Tasayi,Katsuma,150.0,913.2358778221113,0,0,,,,False,False,Accessible,False,26,29.0,1.0,T01,True,5,True,False,Tally-only (no GPS confirmation),0.896551724137931,0,1.6708191412571471,0.103,False,Not significant
S01702,Wakomi,Settlement,W025,LGA04,7.809002,11.062698,31.0,Okriba,Ilela,150.0,1180.168040065401,0,0,,,,False,False,Accessible,False,0,,,,False,5,True,False,Plausible miss,0.0,1,-0.2521623476541578,0.001,True,Cold spot (well-covered cluster)
S02079,Gukowo,Settlement,W032,LGA04,8.097808,10.919832,34.0,Bisani-Gabas,Ilela,109.79611624404654,274.49029061011635,34,1,T32,2026-03-09 07:47:00,2026-03-13 18:24:00,False,True,Accessible,False,26,34.0,1.0,T32,True,5,True,False,Visited (track-confirmed),0.7647058823529411,0,-1.2136530921098103,0.001,True,Cold spot (well-covered cluster)
S02070,Dokoshi,Village,W032,LGA04,8.08542,10.83767,89.0,Bisani-Gabas,Ilela,150.0,540.0420402685035,0,0,,,,False,False,Accessible,False,91,89.0,1.0,T32,True,5,True,False,Tally-only (no GPS confirmation),1.0224719101123596,0,-0.2521623476541578,0.31,False,Not significant
S02176,Bitsina,Hamlet,W034,LGA03,8.239709,11.251208,16.0,Dodeta,Katsuma,150.0,1694.515823361466,0,0,,,,False,False,Accessible,False,9,16.0,1.0,T02,True,5,True,False,Tally-only (no GPS confirmation),0.5625,0,-0.2521623476541578,0.31,False,Not significant
S02447,Sazata,Village,W039,LGA04,8.28254,10.869705,146.0,Nungoni-Arewa,Ilela,150.0,1547.859687242819,0,0,,,,False,False,Accessible,False,144,146.0,1.0,T07,True,5,True,True,Tally-only (no GPS confirmation),0.9863013698630136,0,-1.2136530921098103,0.001,True,Cold spot (well-covered cluster)
S00277,Enbemi,Urban block,W003,LGA01,7.456256,11.004607,771.0,Satita,Idi-Oro,132.93486077233112,332.33715193082776,4,1,T03,2026-03-12 17:32:00,2026-03-12 17:35:00,False,True,Accessible,False,624,771.0,1.0,T03,True,5,True,False,Visited (track-confirmed),0.8093385214007782,0,0.7093283968014948,0.315,False,Not significant
S00350,Fanadu,Village,W004,LGA02,7.158801,10.648866,116.0,Yesawo,Gwarin,150.0,2036.5901292424928,0,0,,,,False,False,Accessible,False,81,116.0,1.0,T04,True,5,True,False,Tally-only (no GPS confirmation),0.6982758620689655,0,-0.2521623476541578,0.31,False,Not significant
S02449,Uzsayi,Hamlet,W039,LGA04,8.234155,10.835484,15.0,Nungoni-Arewa,Ilela,150.0,1329.9535563996162,0,0,,,,False,False,Accessible,False,14,15.0,1.0,T07,True,5,True,True,Tally-only (no GPS confirmation),0.9333333333333333,0,-1.2136530921098103,0.001,True,Cold spot (well-covered cluster)
S02086,Agsayi,Village,W032,LGA04,8.105741,10.9151,38.0,Bisani-Gabas,Ilela,150.0,734.5111538621995,39,1,T32,2026-03-11 08:09:00,2026-03-12 11:58:00,False,True,Accessible,False,23,38.0,1.0,T32,True,5,True,False,Visited (track-confirmed),0.6052631578947368,0,-1.2136530921098103,0.001,True,Cold spot (well-covered cluster)
S01964,Bashasa-Sabo,Hamlet,W030,LGA04,7.900494,10.625391,11.0,Yeride,Ilela,150.0,394.3242352141666,37,1,T30,2026-03-13 07:44:00,2026-03-13 09:36:00,False,True,Accessible,False,11,11.0,1.0,T30,True,5,True,False,Visited (track-confirmed),1.0,0,-0.2521623476541578,0.31,False,Not significant
S00087,Hadema,Hamlet,W001,LGA01,7.25334922089565,11.039187,44.0,Ekngoyi,Idi-Oro,150.0,861.1072945036173,0,0,,,,False,False,Accessible,False,45,44.0,1.0,T01,True,5,True,False,Tally-only (no GPS confirmation),1.0227272727272727,0,0.7093283968014948,0.315,False,Not significant
S00798,Gubako,Village,W009,LGA02,7.499302,11.023774,62.0,Washatu,Gwarin,101.5832508621943,253.95812715548576,4,1,T09,2026-03-13 12:52:00,2026-03-13 12:55:00,False,True,Accessible,False,59,62.0,1.0,T09,True,5,True,False,Visited (track-confirmed),0.9516129032258065,0,-1.2136530921098103,0.001,True,Cold spot (well-covered cluster)
S02291,Ringofa-Kofar,Village,W036,LGA04,8.09385,10.716059,31.0,Mawako,Ilela,150.0,685.8672206399418,0,0,,,,False,False,Accessible,False,32,31.0,1.0,T04,True,5,True,False,Tally-only (no GPS confirmation),1.032258064516129,0,-0.2521623476541578,0.31,False,Not significant
S00703,Bikota,Village,W008,LGA01,7.428571,10.956978,146.0,Umyosa,Idi-Oro,150.0,560.2778989167484,0,0,,,,False,False,Accessible,False,96,146.0,1.0,T08,True,5,True,False,Tally-only (no GPS confirmation),0.6575342465753424,0,-0.2521623476541578,0.31,False,Not significant
S00125,Okmari,Urban block,W002,LGA01,7.140257,10.731256,582.0,Ekduru,Idi-Oro,150.0,799.5883195551982,0,0,,,,False,False,Accessible,False,472,582.0,1.0,T02,True,5,True,False,Tally-only (no GPS confirmation),0.8109965635738832,0,-1.2136530921098103,0.001,True,Cold spot (well-covered cluster)
S01162,Sarayi-Kofar,Hamlet,W015,LGA01,7.694573,11.286577,102.0,Baluru,Idi-Oro,150.0,628.322398574892,0,0,,,,False,False,Accessible,False,0,,,,False,5,True,False,Plausible miss,0.0,1,0.7093283968014948,0.31,False,Not significant
S00698,Hasani,Village,W008,LGA01,7.253007,10.925885,85.0,Umyosa,Idi-Oro,150.0,1604.9050587503757,0,0,,,,False,False,Accessible,False,87,85.0,1.0,T08,True,5,True,False,Tally-only (no GPS confirmation),1.0235294117647058,0,1.6708191412571471,0.105,False,Not significant
S00411,Enbewa,Hamlet,W006,LGA01,7.176656,11.354242,50.0,Okradu,Idi-Oro,150.0,437.71573014192234,0,0,,,,False,False,Accessible,False,42,50.0,1.0,T06,True,5,True,False,Tally-only (no GPS confirmation),0.84,0,1.6708191412571471,0.105,False,Not significant
S00325,Kamadu,Village,W003,LGA01,7.220152,10.969853,50.0,Satita,Idi-Oro,150.0,430.33693819571533,0,0,,,,False,False,Accessible,False,42,50.0,1.0,T03,True,5,True,False,Tally-only (no GPS confirmation),0.84,0,2.6323098857128,0.027,False,Not significant
S02018,Kabashi,Settlement,W031,LGA03,7.901209,11.342131,50.0,Satide,Katsuma,150.0,1094.606418902553,30,1,T31,2026-03-11 10:13:00,2026-03-11 10:42:00,False,True,Accessible,False,36,50.0,1.0,T31,True,5,True,False,Visited (track-confirmed),0.72,0,0.7093283968014948,0.315,False,Not significant
S02511,Riyoma,Village,W040,LGA04,8.371335,11.208627,49.0,Gujiri,Ilela,150.0,991.1086390959636,0,0,,,,False,False,Accessible,False,43,49.0,1.0,T08,True,5,True,False,Tally-only (no GPS confirmation),0.8775510204081632,0,-0.2521623476541578,0.309,False,Not significant
S00711,Waduja,Hamlet,W008,LGA01,7.430167,10.966938,81.0,Umyosa,Idi-Oro,100.15553980986908,250.3888495246727,0,0,,,,False,False,Accessible,False,58,81.0,1.0,T08,True,5,True,False,Tally-only (no GPS confirmation),0.7160493827160493,0,-0.2521623476541578,0.309,False,Not significant
S00066,Tararu-Gabas,Urban block,W001,LGA01,7.044654,11.096985,364.0,Ekngoyi,Idi-Oro,142.23080022272015,355.57700055680033,0,0,,,,False,False,Accessible,False,231,364.0,1.0,T01,True,5,True,False,Tally-only (no GPS confirmation),0.6346153846153846,0,0.7093283968014948,0.315,False,Not significant
S01939,Bizadu,Hamlet,W030,LGA04,7.992559,10.522718,7.0,Yeride,Ilela,150.0,3430.198224183195,0,0,,,,False,False,Accessible,False,7,7.0,1.0,T30,True,5,True,False,Tally-only (no GPS confirmation),1.0,0,1.6708191412571471,0.105,False,Not significant
S01365,Nubeshi,Hamlet,W018,LGA02,7.555263,10.634593,3.0,Adwana,Gwarin,61.28324955733277,153.20812389333193,0,0,,,,False,False,Accessible,False,2,3.0,1.0,T18,True,5,True,False,Tally-only (no GPS confirmation),0.6666666666666666,0,-0.2521623476541578,0.309,False,Not significant
S00915,Gurija,Hamlet,W011,LGA02,7.717925,10.487689,30.0,Enyoko-Kofar,Gwarin,150.0,877.7484992840475,0,0,,,,False,False,Accessible,False,0,,,,False,5,True,False,Plausible miss,0.0,1,-0.2521623476541578,0.001,True,Cold spot (well-covered cluster)
S00860,Okmami,Village,W010,LGA02,7.413318,10.895467,92.0,Fazafa,Gwarin,150.0,410.45462635424764,40,1,T10,2026-03-10 11:58:00,2026-03-12 10:14:00,False,True,Accessible,False,61,92.0,1.0,T10,True,5,True,False,Visited (track-confirmed),0.6630434782608695,0,-1.2136530921098103,0.001,True,Cold spot (well-covered cluster)
S00428,Okderu,Urban block,W006,LGA01,7.275838,11.277931,564.0,Okradu,Idi-Oro,150.0,410.61583268000953,0,0,,,,False,False,Accessible,False,444,564.0,1.0,T06,True,5,True,False,Tally-only (no GPS confirmation),0.7872340425531915,0,-0.2521623476541578,0.307,False,Not significant
S00398,Adlawo,Village,W005,LGA02,7.445462,10.706556,63.0,Jijile,Gwarin,150.0,3281.043387676046,0,0,,,,False,False,Accessible,False,45,63.0,1.0,T05,True,5,True,False,Tally-only (no GPS confirmation),0.7142857142857143,0,-0.2521623476541578,0.307,False,Not significant
S00140,Guyoba,Village,W002,LGA01,7.203856,10.774318,73.0,Ekduru,Idi-Oro,150.0,673.0389327795118,0,0,,,,False,False,Accessible,False,62,73.0,1.0,T02,True,5,True,False,Tally-only (no GPS confirmation),0.8493150684931506,0,-0.2521623476541578,0.307,False,Not significant
S00223,Ekshafa,Urban block,W003,LGA01,7.416548,10.994777,270.0,Satita,Idi-Oro,150.0,1088.4289980783292,0,0,,,,False,False,Accessible,False,187,270.0,1.0,T03,True,5,True,False,Tally-only (no GPS confirmation),0.6925925925925925,0,0.7093283968014948,0.318,False,Not significant
S01340,Biwadu-Gabas,Settlement,W018,LGA02,7.550425,10.651426,92.0,Adwana,Gwarin,150.0,392.11368995229316,0,0,,,,False,False,Accessible,False,56,92.0,1.0,T18,True,5,True,False,Tally-only (no GPS confirmation),0.6086956521739131,0,-1.2136530921098103,0.001,True,Cold spot (well-covered cluster)
S01641,Uzkodu-Sabo,Village,W024,LGA04,7.832893,10.779991,121.0,Kuraba-Kofar,Ilela,150.0,2230.7154597917006,0,0,,,,False,False,Accessible,False,81,121.0,1.0,T24,True,5,True,False,Tally-only (no GPS confirmation),0.6694214876033058,0,-1.2136530921098103,0.001,True,Cold spot (well-covered cluster)
S02027,Zarisa,Hamlet,W031,LGA03,8.074695,11.280881,29.0,Satide,Katsuma,150.0,1022.8025919737576,0,0,,,,False,False,Accessible,False,0,,,,False,5,True,False,Plausible miss,0.0,1,1.6708191412571471,0.317,False,Not significant
S00923,Nulako,Village,W011,LGA02,7.742756,10.470769,118.0,Enyoko-Kofar,Gwarin,150.0,934.7826923393028,0,0,,,,False,False,Accessible,False,95,118.0,1.0,T11,True,5,True,False,Tally-only (no GPS confirmation),0.8050847457627118,0,-0.2521623476541578,0.308,False,Not significant
S01309,Zakona,Settlement,W017,LGA03,7.579336,11.380186,111.0,Bazasa,Katsuma,150.0,2017.2185721978135,114,1,T17,2026-03-12 11:11:00,2026-03-12 13:04:00,False,True,Accessible,False,97,111.0,1.0,T17,True,5,True,False,Visited (track-confirmed),0.8738738738738738,0,1.6708191412571471,0.105,False,Not significant
S01301,Walade,Village,W017,LGA03,7.566144,11.422329,52.0,Bazasa,Katsuma,150.0,765.8125872627659,0,0,,,,False,False,Accessible,False,49,52.0,1.0,T17,True,5,True,False,Tally-only (no GPS confirmation),0.9423076923076923,0,-0.2521623476541578,0.308,False,Not significant
S01665,Uzyoba,Hamlet,W024,LGA04,7.815255,10.688713,44.0,Kuraba-Kofar,Ilela,150.0,447.9015358419737,26,1,T24,2026-03-11 07:14:00,2026-03-11 07:42:00,False,True,Accessible,False,32,44.0,1.0,T24,True,5,True,False,Visited (track-confirmed),0.7272727272727273,0,0.7093283968014948,0.318,False,Not significant
S00295,Tabewa-Tudun,Village,W003,LGA01,7.420875,11.090051,239.0,Satita,Idi-Oro,150.0,1371.9264824861573,0,0,,,,False,False,Accessible,False,204,239.0,1.0,T03,True,5,True,False,Tally-only (no GPS confirmation),0.8535564853556485,0,0.7093283968014948,0.318,False,Not significant
S02311,Kulaja,Village,W036,LGA04,8.03067,10.744063,109.0,Mawako,Ilela,150.0,1696.3055102994206,0,0,,,,False,False,Accessible,False,94,109.0,1.0,T04,True,5,True,False,Tally-only (no GPS confirmation),0.8623853211009175,0,1.6708191412571471,0.105,False,Not significant
S00634,Wadusa,Urban block,W007,LGA01,7.42568,11.252642,163.0,Bayoyi,Idi-Oro,150.0,1208.8340837495948,0,0,,,,False,False,Accessible,False,0,,,,False,5,True,False,Plausible miss,0.0,1,1.6708191412571471,0.316,False,Not significant
S00561,Uzwaja,Urban block,W007,LGA01,7.293501,11.382335,889.0,Bayoyi,Idi-Oro,150.0,1906.948797862798,0,0,,,,False,False,Accessible,False,902,889.0,1.0,T07,True,5,True,False,Tally-only (no GPS confirmation),1.014623172103487,0,0.7093283968014948,0.316,False,Not significant
S00529,Adyoyi,Urban block,W006,LGA01,7.256995,11.250609,455.0,Okradu,Idi-Oro,150.0,548.5288240661752,0,0,,,,False,False,Accessible,False,352,455.0,1.0,T06,True,5,True,False,Tally-only (no GPS confirmation),0.7736263736263737,0,1.6708191412571471,0.105,False,Not significant
D02521,Tamama,Settlement,W040,LGA04,8.381126,11.210728,47.0,Gujiri,Ilela,150.0,532.9200653505817,0,0,,,,False,False,Accessible,False,0,,,,False,5,True,False,Plausible miss,0.0,1,0.7093283968014948,0.308,False,Not significant
S00827,Watishi,Village,W010,LGA02,7.437057,10.773073,102.0,Fazafa,Gwarin,113.7764843685846,284.4412109214615,0,0,,,,False,False,Accessible,False,67,102.0,1.0,T10,True,5,True,False,Tally-only (no GPS confirmation),0.6568627450980392,0,-1.2136530921098103,0.001,True,Cold spot (well-covered cluster)
S00654,Doduru,Settlement,W007,LGA01,7.387888,11.350179,171.0,Bayoyi,Idi-Oro,150.0,2811.2528465389696,0,0,,,,False,False,Accessible,False,168,171.0,1.0,T07,True,5,True,False,Tally-only (no GPS confirmation),0.9824561403508771,0,-0.2521623476541578,0.306,False,Not significant
S02489,Dotisa,Village,W040,LGA04,8.319548,11.205499,54.0,Gujiri,Ilela,150.0,1039.1604368047854,0,0,,,,False,False,Accessible,False,50,54.0,1.0,T08,True,5,True,False,Tally-only (no GPS confirmation),0.9259259259259259,0,-0.2521623476541578,0.306,False,Not significant
S01016,Rimadu,Village,W014,LGA01,7.438751,11.471125,84.0,Bishama,Idi-Oro,150.0,1164.169891299788,5,1,T14,2026-03-09 12:51:00,2026-03-09 12:55:00,False,True,Accessible,False,0,,,,False,5,True,False,Visited (track-confirmed),0.0,0,-0.2521623476541578,0.306,False,Not significant
S01726,Manama,Village,W026,LGA03,7.718467,11.534386,20.0,Kungomi,Katsuma,150.0,493.13049733999793,29,1,T26,2026-03-11 07:46:00,2026-03-11 17:02:00,False,True,Accessible,False,13,20.0,1.0,T26,True,5,True,False,Visited (track-confirmed),0.65,0,0.7093283968014948,0.317,False,Not significant
S02415,Jikoja-Tudun,Hamlet,W038,LGA03,8.367801,11.427583,8.0,Sashasa,Katsuma,150.0,545.2756364527618,0,0,,,,False,False,Accessible,False,8,8.0,1.0,T06,True,5,True,False,Tally-only (no GPS confirmation),1.0,0,-0.2521623476541578,0.306,False,Not significant
S01925,Fakotu,Settlement,W030,LGA04,7.909216,10.619826,25.0,Yeride,Ilela,136.68558967943915,341.71397419859784,0,0,,,,False,False,Accessible,False,0,,,,False,5,True,False,Plausible miss,0.0,1,-0.2521623476541578,0.001,True,Cold spot (well-covered cluster)
S01272,Gushawa,Village,W016,LGA02,7.55458,10.456223,93.0,Uzritu,Gwarin,150.0,1164.425846295906,0,0,,,,False,False,Accessible,False,0,,,,False,5,True,False,Plausible miss,0.0,1,-0.2521623476541578,0.001,True,Cold spot (well-covered cluster)
S00114,Gubade-Tsakiya,Urban block,W001,LGA01,7.084167,10.9833,316.0,Ekngoyi,Idi-Oro,150.0,2058.1009941273473,0,0,,,,False,False,Accessible,False,0,,,,False,5,True,False,Plausible miss,0.0,1,1.6708191412571471,0.317,False,Not significant
S02219,Adbaru-Gabas,Village,W035,LGA04,8.256229,10.982751,68.0,Dazata,Ilela,150.0,1917.7687127242095,0,0,,,,False,False,Accessible,False,56,68.0,1.0,T03,True,5,True,True,Tally-only (no GPS confirmation),0.8235294117647058,0,-1.2136530921098103,0.001,True,Cold spot (well-covered cluster)
S00741,Bitsiko,Urban block,W008,LGA01,7.166539,10.924379,476.0,Umyosa,Idi-Oro,150.0,533.9119639322961,0,0,,,,False,False,Accessible,False,360,476.0,1.0,T08,True,5,True,False,Tally-only (no GPS confirmation),0.7563025210084033,0,0.7093283968014948,0.32,False,Not significant
S01839,Gutsile,Village,W028,LGA04,7.883138,10.861752,50.0,Wangoja,Ilela,116.8327499298228,292.08187482455696,0,0,,,,False,False,Accessible,False,31,50.0,1.0,T28,True,5,True,False,Tally-only (no GPS confirmation),0.62,0,-0.2521623476541578,0.306,False,Not significant
S01310,Hasani-Kofar,Hamlet,W017,LGA03,7.528854,11.392147,14.0,Bazasa,Katsuma,150.0,465.68600661305976,34,1,T17,2026-03-11 09:04:00,2026-03-12 09:21:00,False,True,Accessible,False,14,14.0,1.0,T17,True,5,True,False,Visited (track-confirmed),1.0,0,-0.2521623476541578,0.306,False,Not significant
S02474,Ibbale,Village,W040,LGA04,8.324179,11.140057,66.0,Gujiri,Ilela,150.0,1989.9076653396662,33,1,T08,2026-03-12 07:26:00,2026-03-12 07:58:00,False,True,Accessible,False,49,66.0,1.0,T08,True,5,True,False,Visited (track-confirmed),0.7424242424242424,0,-0.2521623476541578,0.306,False,Not significant
S01099,Entiyi,Village,W015,LGA01,7.539368,11.247286,32.0,Baluru,Idi-Oro,145.17537451396723,362.93843628491805,3,1,T15,2026-03-12 11:13:00,2026-03-12 11:15:00,False,True,Accessible,False,20,32.0,1.0,T15,True,5,True,False,Visited (track-confirmed),0.625,0,0.7093283968014948,0.32,False,Not significant
S02164,Umtsiko-Tudun,Hamlet,W034,LGA03,8.265259,11.1525,10.0,Dodeta,Katsuma,150.0,1173.448857882489,22,1,T02,2026-03-13 07:31:00,2026-03-13 07:52:00,False,True,Accessible,False,8,10.0,1.0,T02,True,5,True,False,Visited (track-confirmed),0.8,0,-0.2521623476541578,0.306,False,Not significant
S02455,Agsashi,Hamlet,W039,LGA04,8.34161,10.920662,35.0,Nungoni-Arewa,Ilela,150.0,552.6802767197418,0,0,,,,False,False,Accessible,False,21,35.0,1.0,T07,True,5,True,True,Tally-only (no GPS confirmation),0.6,0,-1.2136530921098103,0.001,True,Cold spot (well-covered cluster)
S00452,Kalude,Village,W006,LGA01,7.252446,11.263598,73.0,Okradu,Idi-Oro,150.0,831.3229205985983,0,0,,,,False,False,Accessible,False,0,,,,False,5,True,False,Plausible miss,0.0,1,2.6323098857128,0.103,False,Not significant
S00362,Agtsiwa,Urban block,W004,LGA02,7.234727,10.5717,440.0,Yesawo,Gwarin,150.0,703.4146280404708,21,1,T04,2026-03-13 08:29:00,2026-03-13 08:49:00,False,True,Accessible,False,396,440.0,1.0,T04,True,5,True,False,Visited (track-confirmed),0.9,0,-0.2521623476541578,0.305,False,Not significant
S01669,Ibshana,Hamlet,W024,LGA04,7.72957,10.747904,7.0,Kuraba-Kofar,Ilela,150.0,4713.998111665565,37,1,T24,2026-03-11 15:21:00,2026-03-11 15:57:00,False,True,Accessible,False,6,7.0,1.0,T24,True,5,True,False,Visited (track-confirmed),0.8571428571428571,0,-1.2136530921098103,0.001,True,Cold spot (well-covered cluster)
S01212,Yezari-Kudu,Hamlet,W015,LGA01,7.646175,11.306067,40.0,Baluru,Idi-Oro,150.0,2189.7545174989427,0,0,,,,False,False,Accessible,False,28,40.0,1.0,T15,True,5,True,False,Tally-only (no GPS confirmation),0.7,0,0.7093283968014948,0.321,False,Not significant
S01902,Losaja-Yamma,Settlement,W029,LGA04,7.867454565394065,11.107553,14.0,Wangoni,Ilela,150.0,2694.056136406061,0,0,,,,False,False,Accessible,False,10,14.0,1.0,T29,True,5,True,False,Tally-only (no GPS confirmation),0.7142857142857143,0,-1.2136530921098103,0.001,True,Cold spot (well-covered cluster)
S00717,Nurari,Village,W008,LGA01,7.23542,10.811179,142.0,Umyosa,Idi-Oro,150.0,394.60815936999046,3,1,T02,2026-03-10 10:36:00,2026-03-10 10:38:00,False,True,Accessible,False,138,142.0,1.0,T08,True,5,True,False,Visited (track-confirmed),0.971830985915493,0,-0.2521623476541578,0.305,False,Not significant
S00655,Basaba,Village,W007,LGA01,7.360773,11.232792,81.0,Bayoyi,Idi-Oro,139.62681680319062,349.06704200797657,0,0,,,,False,False,Accessible,False,69,81.0,1.0,T07,True,5,True,False,Tally-only (no GPS confirmation),0.8518518518518519,0,-0.2521623476541578,0.305,False,Not significant
S02351,Kakowa,Hamlet,W037,LGA03,8.204792,11.560617,18.0,Longoma,Katsuma,150.0,712.0844429396292,22,1,T05,2026-03-11 07:38:00,2026-03-11 07:59:00,False,True,Accessible,False,19,18.0,1.0,T05,True,5,True,False,Visited (track-confirmed),1.0555555555555556,0,1.6708191412571471,0.103,False,Not significant
S01527,Sungode,Settlement,W021,LGA02,7.859476,10.495152,30.0,Yezata,Gwarin,70.58862398238314,176.47155995595784,98,1,T21,2026-03-13 11:20:00,2026-03-13 13:17:00,False,True,Accessible,False,31,30.0,1.0,T21,True,5,True,False,Visited (track-confirmed),1.0333333333333334,0,-1.2136530921098103,0.001,True,Cold spot (well-covered cluster)
S00369,Oljina,Hamlet,W005,LGA02,7.379273,10.710231,9.0,Jijile,Gwarin,150.0,695.5186161730062,32,1,T05,2026-03-10 07:16:00,2026-03-10 07:47:00,False,True,Accessible,False,5,9.0,1.0,T05,True,5,True,False,Visited (track-confirmed),0.5555555555555556,0,1.6708191412571471,0.103,False,Not significant
S00068,Adrija-Sabo,Village,W001,LGA01,7.032172,11.115906,109.0,Ekngoyi,Idi-Oro,150.0,2081.9144766942036,0,0,,,,False,False,Accessible,False,99,109.0,1.0,T01,True,5,True,False,Tally-only (no GPS confirmation),0.908256880733945,0,-0.2521623476541578,0.305,False,Not significant
S00291,Riluna,Hamlet,W003,LGA01,7.457975,11.029928,13.0,Satita,Idi-Oro,123.12418534212617,307.8104633553154,0,0,,,,False,False,Accessible,False,8,13.0,1.0,T03,True,5,True,False,Tally-only (no GPS confirmation),0.6153846153846154,0,-0.2521623476541578,0.305,False,Not significant
S00720,Jiwale,Hamlet,W008,LGA01,7.338246,10.935312,29.0,Umyosa,Idi-Oro,150.0,2609.7091614997325,0,0,,,,False,False,Accessible,False,30,29.0,1.0,T08,True,5,True,False,Tally-only (no GPS confirmation),1.0344827586206897,0,-0.2521623476541578,0.305,False,Not significant
S00233,Yengole-Gabas,Hamlet,W003,LGA01,7.250355,11.094596,,Satita,Idi-Oro,150.0,1600.813048671732,0,0,,,,False,False,Accessible,False,0,,,,False,5,True,False,Plausible miss,,1,-0.2521623476541578,0.001,True,Cold spot (well-covered cluster)
S02256,Gukotu,Hamlet,W035,LGA04,8.252813,11.007921,26.0,Dazata,Ilela,150.0,612.6073292179598,0,0,,,,False,False,Accessible,False,19,26.0,1.0,T03,True,5,True,True,Tally-only (no GPS confirmation),0.7307692307692307,0,-1.2136530921098103,0.001,True,Cold spot (well-covered cluster)
S02097,Agsale,Hamlet,W032,LGA04,8.04979,10.8942,18.0,Bisani-Gabas,Ilela,131.89864229663291,329.7466057415823,38,1,T32,2026-03-09 12:57:00,2026-03-09 13:34:00,False,True,Accessible,False,13,18.0,1.0,T32,True,5,True,False,Visited (track-confirmed),0.7222222222222222,0,-1.2136530921098103,0.001,True,Cold spot (well-covered cluster)
S01824,Jizaba,Village,W028,LGA04,7.83684,10.875599,40.0,Wangoja,Ilela,150.0,2551.464395531433,0,0,,,,False,False,Accessible,False,27,40.0,1.0,T28,True,5,True,False,Tally-only (no GPS confirmation),0.675,0,-0.2521623476541578,0.305,False,Not significant
S00089,Jiduja,Village,W001,LGA01,7.132653,11.013267,106.0,Ekngoyi,Idi-Oro,150.0,1682.1454719588755,0,0,,,,False,False,Accessible,False,59,106.0,1.0,T01,True,5,True,False,Tally-only (no GPS confirmation),0.5566037735849056,0,-0.2521623476541578,0.305,False,Not significant
S00118,Donadu,Settlement,W001,LGA01,7.077207,11.035975,92.0,Ekngoyi,Idi-Oro,150.0,988.481466774596,0,0,,,,False,False,Accessible,False,55,92.0,1.0,T01,True,5,True,False,Tally-only (no GPS confirmation),0.5978260869565217,0,-1.2136530921098103,0.001,True,Cold spot (well-covered cluster)
S01242,Olratu,Village,W016,LGA02,7.570491,10.503526,75.0,Uzritu,Gwarin,150.0,2245.884591181254,0,0,,,,False,False,Accessible,False,0,,,,False,5,True,False,Plausible miss,0.0,1,0.7093283968014948,0.305,False,Not significant
S02345,Ekraba,Settlement,W037,LGA03,8.23884,11.485135,73.0,Longoma,Katsuma,150.0,1883.5607978190174,0,0,,,,False,False,Accessible,False,64,73.0,1.0,T05,True,5,True,False,Tally-only (no GPS confirmation),0.8767123287671232,0,0.7093283968014948,0.322,False,Not significant
S01170,Tasadu,Village,W015,LGA01,7.558712,11.371438,73.0,Baluru,Idi-Oro,150.0,699.2918883608237,0,0,,,,False,False,Accessible,False,74,73.0,1.0,T15,True,5,True,False,Tally-only (no GPS confirmation),1.0136986301369864,0,0.7093283968014948,0.322,False,Not significant
S00123,Mabani,Village,W002,LGA01,7.034548,10.880157,105.0,Ekduru,Idi-Oro,150.0,1258.1241844517829,0,0,,,,False,False,Accessible,False,110,105.0,1.0,T02,True,5,True,False,Tally-only (no GPS confirmation),1.0476190476190477,0,0.7093283968014948,0.322,False,Not significant
S00869,Sulushi,Village,W010,LGA02,7.427856,10.776318,137.0,Fazafa,Gwarin,63.78075356810865,159.45188392027163,19,1,T10,2026-03-11 07:20:00,2026-03-13 11:02:00,False,True,Accessible,False,83,137.0,1.0,T10,True,5,True,False,Visited (track-confirmed),0.6058394160583942,0,-1.2136530921098103,0.001,True,Cold spot (well-covered cluster)
S01747,Guwami,Hamlet,W026,LGA03,7.748069,11.544235,47.0,Kungomi,Katsuma,133.50566854502887,333.76417136257214,0,0,,,,False,False,Accessible,False,36,47.0,1.0,T26,True,5,True,False,Tally-only (no GPS confirmation),0.7659574468085106,0,-0.2521623476541578,0.303,False,Not significant
S01586,Walashi-Kudu,Village,W022,LGA03,8.191303,11.454427,29.0,Sudefa,Katsuma,150.0,611.7516400813842,18,1,T22,2026-03-11 07:17:00,2026-03-11 07:37:00,False,True,Accessible,False,22,29.0,1.0,T22,True,5,True,False,Visited (track-confirmed),0.7586206896551724,0,-0.2521623476541578,0.303,False,Not significant
S01119,Tatsina,Hamlet,W015,LGA01,7.686655,11.258801,52.0,Baluru,Idi-Oro,150.0,481.25256540515863,6,1,T15,2026-03-09 15:27:00,2026-03-09 15:32:00,False,True,Accessible,False,0,,,,False,5,True,False,Visited (track-confirmed),0.0,0,0.7093283968014948,0.322,False,Not significant
S02477,Lodefa-Tsakiya,Village,W040,LGA04,8.343932,11.067854,94.0,Gujiri,Ilela,150.0,2936.0982227852855,0,0,,,,False,False,Accessible,False,73,94.0,1.0,T08,True,5,True,False,Tally-only (no GPS confirmation),0.776595744680851,0,-1.2136530921098103,0.001,True,Cold spot (well-covered cluster)
S01300,Lokofa-Yamma,Hamlet,W017,LGA03,7.576572,11.406937,15.0,Bazasa,Katsuma,150.0,618.3239511770871,0,0,,,,False,False,Accessible,False,0,,,,False,5,True,False,Plausible miss,0.0,1,1.6708191412571471,0.32,False,Not significant
S02363,Ibmafa,Village,W038,LGA03,8.345527,11.400558,52.0,Sashasa,Katsuma,150.0,572.3678392475445,0,0,,,,False,False,Accessible,False,49,52.0,1.0,T06,True,5,True,False,Tally-only (no GPS confirmation),0.9423076923076923,0,1.6708191412571471,0.103,False,Not significant
S00444,Bakota,Village,W006,LGA01,7.157168,11.259943,167.0,Okradu,Idi-Oro,150.0,977.0519160735023,0,0,,,,False,False,Accessible,False,99,167.0,1.0,T06,True,5,True,False,Tally-only (no GPS confirmation),0.592814371257485,0,1.6708191412571471,0.103,False,Not significant
S00447,Ollule,Village,W006,LGA01,7.182766,11.350988,291.0,Okradu,Idi-Oro,150.0,701.0388447379178,0,0,,,,False,False,Accessible,False,286,291.0,1.0,T06,True,5,True,False,Tally-only (no GPS confirmation),0.9828178694158075,0,1.6708191412571471,0.103,False,Not significant
S00373,Loduwo,Village,W005,LGA02,7.326681,10.759976,59.0,Jijile,Gwarin,150.0,1306.8697547465756,0,0,,,,False,False,Accessible,False,59,59.0,1.0,T05,True,5,True,False,Tally-only (no GPS confirmation),1.0,0,-0.2521623476541578,0.302,False,Not significant
S02213,Zangowo,Village,W034,LGA03,8.138177,11.184126,100.0,Dodeta,Katsuma,150.0,701.3494801801045,4,1,T02,2026-03-12 10:41:00,2026-03-12 10:44:00,False,True,Accessible,False,72,100.0,1.0,T02,True,5,True,False,Visited (track-confirmed),0.72,0,1.6708191412571471,0.103,False,Not significant
S02274,Batsiri,Village,W035,LGA04,8.206803,10.917527,10.0,Dazata,Ilela,150.0,2262.332538596793,0,0,,,,False,False,Accessible,False,10,10.0,1.0,T03,True,5,True,True,Tally-only (no GPS confirmation),1.0,0,-1.2136530921098103,0.001,True,Cold spot (well-covered cluster)
S01458,Irshani,Settlement,W020,LGA01,7.694159,11.150454,30.0,Famade,Idi-Oro,150.0,522.5423505327283,37,1,T20,2026-03-11 12:16:00,2026-03-11 12:52:00,False,True,Accessible,False,24,30.0,1.0,T20,True,5,True,False,Visited (track-confirmed),0.8,0,-1.2136530921098103,0.001,True,Cold spot (well-covered cluster)
S00185,Fangosa,Village,W002,LGA01,7.075344,10.808488,179.0,Ekduru,Idi-Oro,150.0,1556.2762307345565,0,0,,,,False,False,Accessible,False,174,179.0,1.0,T02,True,5,True,False,Tally-only (no GPS confirmation),0.9720670391061452,0,0.7093283968014948,0.323,False,Not significant
S01959,Riyodu,Settlement,W030,LGA04,7.907097,10.630835,53.0,Yeride,Ilela,128.05045931653123,320.12614829132804,0,0,,,,False,False,Accessible,False,44,53.0,1.0,T30,True,5,True,False,Tally-only (no GPS confirmation),0.8301886792452831,0,-1.2136530921098103,0.001,True,Cold spot (well-covered cluster)
S02357,Wajiwo,Village,W037,LGA03,8.221043,11.504265,63.0,Longoma,Katsuma,150.0,743.2492516164718,0,0,,,,False,False,Accessible,False,54,63.0,1.0,T05,True,5,True,False,Tally-only (no GPS confirmation),0.8571428571428571,0,-1.2136530921098103,0.001,True,Cold spot (well-covered cluster)
S02202,Hajiko,Village,W034,LGA03,8.163486,11.190768,150.0,Dodeta,Katsuma,150.0,2859.332127148197,1,1,T02,2026-03-09 10:37:00,2026-03-09 10:37:00,False,True,Accessible,False,85,150.0,1.0,T02,True,5,True,False,Visited (track-confirmed),0.5666666666666667,0,1.6708191412571471,0.103,False,Not significant
S00407,Agmaru,Hamlet,W005,LGA02,7.358481,10.726668,11.0,Jijile,Gwarin,150.0,1827.321897912471,0,0,,,,False,False,Accessible,False,0,,,,False,5,True,False,Plausible miss,0.0,1,1.6708191412571471,0.32,False,Not significant
S00038,Umsayi,Village,W001,LGA01,7.041015,11.026213,157.0,Ekngoyi,Idi-Oro,150.0,822.8083104491435,0,0,,,,False,False,Accessible,False,152,157.0,1.0,T01,True,5,True,False,Tally-only (no GPS confirmation),0.9681528662420382,0,0.7093283968014948,0.321,False,Not significant
S00892,Olbeba,Village,W011,LGA02,7.707046,10.402524,30.0,Enyoko-Kofar,Gwarin,150.0,1051.691189060429,0,0,,,,False,False,Accessible,False,30,30.0,1.0,T11,True,5,True,False,Tally-only (no GPS confirmation),1.0,0,-0.2521623476541578,0.302,False,Not significant
S01495,Okmayi,Village,W020,LGA01,7.601701,11.143552,52.0,Famade,Idi-Oro,150.0,825.0885616350313,0,0,,,,False,False,Accessible,False,0,,,,False,5,True,False,Plausible miss,0.0,1,0.7093283968014948,0.304,False,Not significant
S00928,Satside,Village,W012,LGA02,7.328255,10.527786,87.0,Darari,Gwarin,150.0,667.1294311971801,0,0,,,,False,False,Accessible,False,54,87.0,1.0,T12,True,5,True,False,Tally-only (no GPS confirmation),0.6206896551724138,0,-0.2521623476541578,0.303,False,Not significant
S01718,Saberi,Village,W026,LGA03,7.699546,11.350616,80.0,Kungomi,Katsuma,150.0,4414.958685503548,0,0,,,,False,False,Accessible,False,47,80.0,1.0,T26,True,5,True,False,Tally-only (no GPS confirmation),0.5875,0,-0.2521623476541578,0.303,False,Not significant
S02072,Kutisa,Hamlet,W032,LGA04,8.089241,10.897511,20.0,Bisani-Gabas,Ilela,150.0,541.4821898637853,9,1,T32,2026-03-09 18:11:00,2026-03-13 14:38:00,False,True,Accessible,False,18,20.0,1.0,T32,True,5,True,False,Visited (track-confirmed),0.9,0,-1.2136530921098103,0.001,True,Cold spot (well-covered cluster)
S01662,Longoba,Hamlet,W024,LGA04,7.718324,10.701253,37.0,Kuraba-Kofar,Ilela,150.0,5303.95963742372,37,1,T24,2026-03-09 10:55:00,2026-03-09 11:31:00,False,True,Accessible,False,29,37.0,1.0,T24,True,5,True,False,Visited (track-confirmed),0.7837837837837838,0,-0.2521623476541578,0.303,False,Not significant
S02406,Kabako-Sabo,Settlement,W038,LGA03,8.32512,11.398499,25.0,Sashasa,Katsuma,150.0,1120.3613859021596,0,0,,,,False,False,Accessible,False,26,25.0,1.0,T06,True,5,True,False,Tally-only (no GPS confirmation),1.04,0,0.7093283968014948,0.32,False,Not significant
S00304,Jilusa,Village,W003,LGA01,7.254513,10.973781,88.0,Satita,Idi-Oro,150.0,620.4177425299882,0,0,,,,False,False,Accessible,False,54,88.0,1.0,T03,True,5,True,False,Tally-only (no GPS confirmation),0.6136363636363636,0,0.7093283968014948,0.32,False,Not significant
S00312,Rilafa,Village,W003,LGA01,7.223659,10.991164,188.0,Satita,Idi-Oro,74.45704077873278,186.14260194683192,0,0,,,,False,False,Accessible,False,0,,,,False,5,True,False,Plausible miss,0.0,1,-0.2521623476541578,0.001,True,Cold spot (well-covered cluster)
S02450,Sudule,Village,W039,LGA04,8.256891,10.836535,89.0,Nungoni-Arewa,Ilela,150.0,1002.4556622081604,0,0,,,,False,False,Accessible,False,90,89.0,1.0,T07,True,5,True,True,Tally-only (no GPS confirmation),1.0112359550561798,0,-1.2136530921098103,0.001,True,Cold spot (well-covered cluster)
S00102,Irduri,Hamlet,W001,LGA01,7.026341,11.077056,38.0,Ekngoyi,Idi-Oro,150.0,511.38958477377895,0,0,,,,False,False,Accessible,False,39,38.0,1.0,T01,True,5,True,False,Tally-only (no GPS confirmation),1.0263157894736843,0,-0.2521623476541578,0.303,False,Not significant
S02282,Bibaba-Kudu,Village,W036,LGA04,8.131549,10.763057,75.0,Mawako,Ilela,150.0,845.234833375489,0,0,,,,False,False,Accessible,False,48,75.0,1.0,T04,True,5,True,False,Tally-only (no GPS confirmation),0.64,0,0.7093283968014948,0.321,False,Not significant
S02067,Haluma-Yamma,Settlement,W032,LGA04,8.091338,10.882931,22.0,Bisani-Gabas,Ilela,150.0,1305.1810450661785,30,1,T32,2026-03-11 10:58:00,2026-03-12 12:57:00,False,True,Accessible,False,17,22.0,1.0,T32,True,5,True,False,Visited (track-confirmed),0.7727272727272727,0,-1.2136530921098103,0.001,True,Cold spot (well-covered cluster)
S02505,Ekngotu-Kudu,Village,W040,LGA04,8.394197,11.03041,113.0,Gujiri,Ilela,150.0,900.4056160551188,0,0,,,,False,False,Accessible,False,97,113.0,1.0,T08,True,5,True,False,Tally-only (no GPS confirmation),0.8584070796460177,0,-1.2136530921098103,0.001,True,Cold spot (well-covered cluster)
S00129,Nudeja-Sabo,Village,W002,LGA01,7.114609,10.713879,200.0,Ekduru,Idi-Oro,150.0,659.7671504155537,0,0,,,,False,False,Accessible,False,187,200.0,1.0,T02,True,5,True,False,Tally-only (no GPS confirmation),0.935,0,0.7093283968014948,0.321,False,Not significant
S00268,Uzkowo,Urban block,W003,LGA01,7.239608,10.999979,378.0,Satita,Idi-Oro,150.0,473.096053574631,4,1,T03,2026-03-12 12:05:00,2026-03-12 12:08:00,False,True,Accessible,False,0,,,,False,5,True,False,Visited (track-confirmed),0.0,0,-0.2521623476541578,0.303,False,Not significant
S01905,Okbeta,Village,W029,LGA04,7.916782,11.089739,63.0,Wangoni,Ilela,150.0,415.2053866716291,3,1,T02,2026-03-12 16:11:00,2026-03-12 16:13:00,False,True,Accessible,False,42,63.0,1.0,T29,True,5,True,False,Visited (track-confirmed),0.6666666666666666,0,-1.2136530921098103,0.001,True,Cold spot (well-covered cluster)
S00180,Irngomi,Hamlet,W002,LGA01,7.137422,10.712479,18.0,Ekduru,Idi-Oro,150.0,2037.6291557751115,0,0,,,,False,False,Accessible,False,11,18.0,1.0,T02,True,5,True,False,Tally-only (no GPS confirmation),0.6111111111111112,0,-0.2521623476541578,0.303,False,Not significant
S01710,Tasawo,Village,W026,LGA03,7.767532,11.558459,118.0,Kungomi,Katsuma,150.0,2308.7593370297345,0,0,,,,False,False,Accessible,False,77,118.0,1.0,T26,True,5,True,False,Tally-only (no GPS confirmation),0.652542372881356,0,-0.2521623476541578,0.303,False,Not significant
S00172,Lobemi,Hamlet,W002,LGA01,7.100221,10.789561,14.0,Ekduru,Idi-Oro,150.0,801.6047654268001,0,0,,,,False,False,Accessible,False,11,14.0,1.0,T02,True,5,True,False,Tally-only (no GPS confirmation),0.7857142857142857,0,0.7093283968014948,0.321,False,Not significant
S00888,Bibafa,Settlement,W011,LGA02,7.723452,10.390444,54.0,Enyoko-Kofar,Gwarin,150.0,1398.974918963384,31,1,T11,2026-03-13 10:21:00,2026-03-13 10:51:00,False,True,Accessible,False,50,54.0,1.0,T11,True,5,True,False,Visited (track-confirmed),0.9259259259259259,0,-0.2521623476541578,0.303,False,Not significant
S01828,Wabewo,Village,W028,LGA04,8.012365,10.853734,112.0,Wangoja,Ilela,150.0,4612.178925716734,0,0,,,,False,False,Accessible,False,97,112.0,1.0,T28,True,5,True,False,Tally-only (no GPS confirmation),0.8660714285714286,0,-1.2136530921098103,0.001,True,Cold spot (well-covered cluster)
S00737,Maludu,Village,W008,LGA01,7.205216,10.93231,56.0,Umyosa,Idi-Oro,150.0,392.24547535118006,0,0,,,,False,False,Accessible,False,41,56.0,1.0,T08,True,5,True,False,Tally-only (no GPS confirmation),0.7321428571428571,0,-0.2521623476541578,0.303,False,Not significant
S00504,Enngori,Hamlet,W006,LGA01,7.234664,11.380289,80.0,Okradu,Idi-Oro,150.0,2691.8567906943167,0,0,,,,False,False,Accessible,False,0,,,,False,5,True,False,Plausible miss,0.0,1,0.7093283968014948,0.303,False,Not significant
S02182,Oltishi,Village,W034,LGA03,8.125148,11.328509,72.0,Dodeta,Katsuma,150.0,3431.4159910733333,0,0,,,,False,False,Accessible,False,46,72.0,1.0,T02,True,5,True,False,Tally-only (no GPS confirmation),0.6388888888888888,0,-0.2521623476541578,0.302,False,Not significant
S01915,Nuberu,Village,W029,LGA04,7.988827,11.082303,114.0,Wangoni,Ilela,150.0,716.0052693600585,37,1,T29,2026-03-10 17:29:00,2026-03-12 13:19:00,False,True,Accessible,False,78,114.0,1.0,T29,True,5,True,False,Visited (track-confirmed),0.6842105263157895,0,-1.2136530921098103,0.001,True,Cold spot (well-covered cluster)
S00498,Ibzadu,Settlement,W006,LGA01,7.168236,11.313351,36.0,Okradu,Idi-Oro,150.0,462.4963920026281,0,0,,,,False,False,Accessible,False,25,36.0,1.0,T06,True,5,True,False,Tally-only (no GPS confirmation),0.6944444444444444,0,0.7093283968014948,0.319,False,Not significant
S01579,Kuzade-Sabo,Village,W022,LGA03,8.071933,11.522148,173.0,Sudefa,Katsuma,84.36161178957266,210.90402947393164,33,1,T22,2026-03-10 07:28:00,2026-03-10 08:00:00,False,True,Accessible,False,169,173.0,1.0,T22,True,5,True,False,Visited (track-confirmed),0.976878612716763,0,1.6708191412571471,0.1,False,Not significant
S00573,Dosasa-Tudun,Village,W007,LGA01,7.411979,11.238006,41.0,Bayoyi,Idi-Oro,150.0,426.8450870954328,0,0,,,,False,False,Accessible,False,34,41.0,1.0,T07,True,5,True,False,Tally-only (no GPS confirmation),0.8292682926829268,0,1.6708191412571471,0.1,False,Not significant
S00028,Yerifa,Settlement,W001,LGA01,7.147323,11.040776,104.0,Ekngoyi,Idi-Oro,50.0,72.90345519031924,0,0,,,,False,False,Accessible,True,90,104.0,1.0,T01,True,5,True,False,Tally-only (no GPS confirmation),0.8653846153846154,0,0.7093283968014948,0.319,False,Not significant
S01141,Ibkole,Hamlet,W015,LGA01,7.673591,11.293923,17.0,Baluru,Idi-Oro,147.76739776484658,369.41849441211644,0,0,,,,False,False,Accessible,False,11,17.0,1.0,T15,True,5,True,False,Tally-only (no GPS confirmation),0.6470588235294118,0,1.6708191412571471,0.1,False,Not significant
S01962,Ibtija,Hamlet,W030,LGA04,7.916408,10.631918,19.0,Yeride,Ilela,150.0,400.12777465262116,4,1,T30,2026-03-10 16:31:00,2026-03-10 16:34:00,False,True,Accessible,False,13,19.0,1.0,T30,True,5,True,False,Visited (track-confirmed),0.6842105263157895,0,-0.2521623476541578,0.302,False,Not significant
S00217,Ibtsiyi,Hamlet,W002,LGA01,7.099169,10.798693,26.0,Ekduru,Idi-Oro,150.0,920.5605159010344,0,0,,,,False,False,Accessible,False,24,26.0,1.0,T02,True,5,True,False,Tally-only (no GPS confirmation),0.9230769230769231,0,-0.2521623476541578,0.302,False,Not significant
S00651,Sushana-Arewa,Village,W007,LGA01,7.353548,11.226694,76.0,Bayoyi,Idi-Oro,150.0,706.4627033428435,0,0,,,,False,False,Accessible,False,71,76.0,1.0,T07,True,5,True,False,Tally-only (no GPS confirmation),0.9342105263157895,0,0.7093283968014948,0.319,False,Not significant
S02248,Famaja-Kudu,Urban block,W035,LGA04,8.214066,11.063238,238.0,Dazata,Ilela,150.0,751.9545716680119,0,0,,,,False,False,Accessible,False,240,238.0,1.0,T03,True,5,True,True,Tally-only (no GPS confirmation),1.0084033613445378,0,-1.2136530921098103,0.001,True,Cold spot (well-covered cluster)
S00213,Kuyoma,Village,W002,LGA01,7.031265,10.864211,131.0,Ekduru,Idi-Oro,150.0,459.81406981076435,3,1,T02,2026-03-11 08:30:00,2026-03-11 08:32:00,False,True,Accessible,False,121,131.0,1.0,T02,True,5,True,False,Visited (track-confirmed),0.9236641221374046,0,0.7093283968014948,0.319,False,Not significant
S01111,Bikoja-Tsakiya,Settlement,W015,LGA01,7.493137,11.21752,116.0,Baluru,Idi-Oro,57.813029121059685,144.5325728026492,0,0,,,,False,False,Accessible,False,112,116.0,1.0,T15,True,5,True,False,Tally-only (no GPS confirmation),0.9655172413793104,0,-0.2521623476541578,0.302,False,Not significant
S01602,Adluna,Settlement,W023,LGA03,7.837291,11.129677,128.0,Suwade,Katsuma,150.0,1226.652115458107,0,0,,,,False,False,Accessible,False,121,128.0,1.0,T23,True,5,True,False,Tally-only (no GPS confirmation),0.9453125,0,-0.2521623476541578,0.302,False,Not significant
S01198,Losawo,Urban block,W015,LGA01,7.577852,11.25281,491.0,Baluru,Idi-Oro,150.0,648.2931828384972,26,1,T15,2026-03-09 07:46:00,2026-03-09 08:11:00,False,True,Accessible,False,520,491.0,1.0,T15,True,5,True,False,Visited (track-confirmed),1.0590631364562118,0,-0.2521623476541578,0.302,False,Not significant
S01159,Zazayi-Tudun,Hamlet,W015,LGA01,7.705144,11.311082,85.0,Baluru,Idi-Oro,150.0,1379.2554076554663,0,0,,,,False,False,Accessible,False,68,85.0,1.0,T15,True,5,True,False,Tally-only (no GPS confirmation),0.8,0,-0.2521623476541578,0.302,False,Not significant
S02017,Sujide,Village,W031,LGA03,7.893140712319378,11.410192,118.0,Satide,Katsuma,150.0,3536.0004606764533,0,0,,,,False,False,Accessible,False,120,118.0,1.0,T31,True,5,True,False,Tally-only (no GPS confirmation),1.0169491525423728,0,0.7093283968014948,0.319,False,Not significant
S01630,Uzdudu,Village,W023,LGA03,7.811477,11.246627,78.0,Suwade,Katsuma,150.0,817.268703163121,0,0,,,,False,False,Accessible,False,0,,,,False,5,True,False,Plausible miss,0.0,1,4.555291374624105,0.002,True,Hot spot (missed-settlement cluster)
S02123,Kadeta,Settlement,W033,LGA03,7.97792,11.165652,49.0,Tasayi,Katsuma,150.0,470.80608146735284,0,0,,,,False,False,Accessible,False,42,49.0,1.0,T01,True,5,True,False,Tally-only (no GPS confirmation),0.8571428571428571,0,0.7093283968014948,0.318,False,Not significant
S00453,Adlashi,Village,W006,LGA01,7.264116,11.247099,135.0,Okradu,Idi-Oro,119.70543050097857,299.2635762524464,0,0,,,,False,False,Accessible,False,77,135.0,1.0,T06,True,5,True,False,Tally-only (no GPS confirmation),0.5703703703703704,0,0.7093283968014948,0.318,False,Not significant
S01130,Ensharu,Village,W015,LGA01,7.70945,11.274274,104.0,Baluru,Idi-Oro,150.0,542.9773726467185,0,0,,,,False,False,Accessible,False,86,104.0,1.0,T15,True,5,True,False,Tally-only (no GPS confirmation),0.8269230769230769,0,-1.2136530921098103,0.001,True,Cold spot (well-covered cluster)
S00320,Gusawo,Village,W003,LGA01,7.192477,11.027902,168.0,Satita,Idi-Oro,150.0,534.1447912690776,0,0,,,,False,False,Accessible,False,102,168.0,1.0,T03,True,5,True,False,Tally-only (no GPS confirmation),0.6071428571428571,0,2.6323098857128,0.024,False,Not significant
S02136,Enrashi-Kudu,Hamlet,W033,LGA03,8.069137,11.102954,13.0,Tasayi,Katsuma,150.0,922.3443088466414,5,1,T08,2026-03-11 17:05:00,2026-03-11 17:09:00,False,True,Accessible,False,7,13.0,1.0,T01,True,5,True,False,Visited (track-confirmed),0.5384615384615384,0,-0.2521623476541578,0.302,False,Not significant
S00113,Enyowa,Village,W001,LGA01,7.083602,10.954684,241.0,Ekngoyi,Idi-Oro,150.0,1695.7898333059472,0,0,,,,False,False,Accessible,False,217,241.0,1.0,T01,True,5,True,False,Tally-only (no GPS confirmation),0.9004149377593361,0,0.7093283968014948,0.318,False,Not significant
S00836,Madeko,Hamlet,W010,LGA02,7.382724,10.829599,9.0,Fazafa,Gwarin,150.0,828.2777950420883,0,0,,,,False,False,Accessible,False,8,9.0,1.0,T10,True,5,True,False,Tally-only (no GPS confirmation),0.8888888888888888,0,-0.2521623476541578,0.302,False,Not significant
S00264,Dozawa,Hamlet,W003,LGA01,7.290061,11.101094,53.0,Satita,Idi-Oro,150.0,1377.2041347354618,0,0,,,,False,False,Accessible,False,0,,,,False,5,True,False,Plausible miss,0.0,1,1.6708191412571471,0.317,False,Not significant
S02394,Domama,Settlement,W038,LGA03,8.319983,11.438274,36.0,Sashasa,Katsuma,105.29408174765022,263.23520436912554,2,1,T06,2026-03-10 08:51:00,2026-03-10 08:52:00,False,True,Accessible,False,34,36.0,1.0,T06,True,5,True,False,Visited (track-confirmed),0.9444444444444444,0,-1.2136530921098103,0.001,True,Cold spot (well-covered cluster)
S00671,Mazatu,Urban block,W008,LGA01,7.181704,10.904153,483.0,Umyosa,Idi-Oro,116.66814287965776,291.6703571991444,0,0,,,,False,False,Accessible,False,414,483.0,1.0,T08,True,5,True,False,Tally-only (no GPS confirmation),0.8571428571428571,0,-1.2136530921098103,0.001,True,Cold spot (well-covered cluster)
S02431,Guduyi,Village,W039,LGA04,8.37421,10.916837,30.0,Nungoni-Arewa,Ilela,150.0,764.9729933804007,0,0,,,,False,False,Accessible,False,24,30.0,1.0,T07,True,5,True,True,Tally-only (no GPS confirmation),0.8,0,-1.2136530921098103,0.001,True,Cold spot (well-covered cluster)
S01657,Risashi,Village,W024,LGA04,7.790544,10.698507,26.0,Kuraba-Kofar,Ilela,150.0,1029.401203061577,3,1,T04,2026-03-12 16:55:00,2026-03-12 16:57:00,False,True,Accessible,False,0,,,,False,5,True,False,Visited (track-confirmed),0.0,0,0.7093283968014948,0.318,False,Not significant
S00124,Bakowa,Settlement,W002,LGA01,7.233076,10.808467,69.0,Ekduru,Idi-Oro,90.20818197753894,225.52045494384734,1,1,T02,2026-03-10 10:33:00,2026-03-10 10:33:00,False,True,Accessible,False,62,69.0,1.0,T02,True,5,True,False,Visited (track-confirmed),0.8985507246376812,0,-0.2521623476541578,0.3,False,Not significant
S00197,Yetiba,Village,W002,LGA01,7.114434,10.740139,89.0,Ekduru,Idi-Oro,150.0,446.5128868635523,37,1,T02,2026-03-11 12:01:00,2026-03-11 12:37:00,False,True,Accessible,False,72,89.0,1.0,T02,True,5,True,False,Visited (track-confirmed),0.8089887640449438,0,-0.2521623476541578,0.3,False,Not significant
S01438,Ibwadu,Settlement,W020,LGA01,7.722813,11.148319,71.0,Famade,Idi-Oro,150.0,567.5910071564634,41,1,T20,2026-03-13 08:15:00,2026-03-13 17:53:00,False,True,Accessible,False,67,71.0,1.0,T20,True,5,True,False,Visited (track-confirmed),0.9436619718309859,0,-0.2521623476541578,0.3,False,Not significant
S00916,Suzayi,Hamlet,W011,LGA02,7.740238,10.418368,7.0,Enyoko-Kofar,Gwarin,135.84465952841234,339.6116488210308,29,1,T11,2026-03-12 16:50:00,2026-03-12 17:18:00,False,True,Accessible,False,7,7.0,1.0,T11,True,5,True,False,Visited (track-confirmed),1.0,0,-0.2521623476541578,0.3,False,Not significant
S01800,Bijiwo,Village,W028,LGA04,7.90424,10.855287,37.0,Wangoja,Ilela,150.0,1320.7582985901302,3,1,T28,2026-03-09 09:16:00,2026-03-09 09:18:00,False,True,Accessible,False,36,37.0,1.0,T28,True,5,True,False,Visited (track-confirmed),0.972972972972973,0,-0.2521623476541578,0.3,False,Not significant
S00805,Dorashi,Settlement,W009,LGA02,7.546898,10.972749,22.0,Washatu,Gwarin,150.0,797.4543445841774,40,1,T09,2026-03-09 12:54:00,2026-03-13 09:01:00,False,True,Accessible,False,12,22.0,1.0,T09,True,5,True,False,Visited (track-confirmed),0.5454545454545454,0,0.7093283968014948,0.318,False,Not significant
S00884,Ribawa,Hamlet,W011,LGA02,7.585462,10.416432,12.0,Enyoko-Kofar,Gwarin,94.17005847034152,235.42514617585377,0,0,,,,False,False,Accessible,False,8,12.0,1.0,T11,True,5,True,False,Tally-only (no GPS confirmation),0.6666666666666666,0,-1.2136530921098103,0.001,True,Cold spot (well-covered cluster)
S01377,Adrishi,Village,W019,LGA04,7.578763,10.975723,94.0,Umzaba-Kofar,Ilela,150.0,1369.797693518496,0,0,,,,False,False,Accessible,False,0,,,,False,5,True,False,Plausible miss,0.0,1,1.6708191412571471,0.316,False,Not significant
S02093,Guzayi,Settlement,W032,LGA04,8.056846,10.844355,48.0,Bisani-Gabas,Ilela,150.0,757.6491385884511,0,0,,,,False,False,Accessible,False,28,48.0,1.0,T32,True,5,True,False,Tally-only (no GPS confirmation),0.5833333333333334,0,-1.2136530921098103,0.001,True,Cold spot (well-covered cluster)
S01423,Olbashi,Hamlet,W019,LGA04,7.655922,10.999758,7.0,Umzaba-Kofar,Ilela,150.0,2019.5907975046123,27,1,T19,2026-03-12 07:30:00,2026-03-12 07:56:00,False,True,Accessible,False,7,7.0,1.0,T19,True,5,True,False,Visited (track-confirmed),1.0,0,-1.2136530921098103,0.001,True,Cold spot (well-covered cluster)
S01661,Taride,Village,W024,LGA04,7.798454,10.770761,36.0,Kuraba-Kofar,Ilela,150.0,1067.936677923661,22,1,T24,2026-03-12 08:51:00,2026-03-12 09:24:00,False,True,Accessible,False,25,36.0,1.0,T24,True,5,True,False,Visited (track-confirmed),0.6944444444444444,0,-1.2136530921098103,0.001,True,Cold spot (well-covered cluster)
S00354,Uzbede-Yamma,Hamlet,W004,LGA02,7.173966,10.693766,14.0,Yesawo,Gwarin,150.0,493.6038868412032,0,0,,,,False,False,Accessible,False,11,14.0,1.0,T04,True,5,True,False,Tally-only (no GPS confirmation),0.7857142857142857,0,-1.2136530921098103,0.001,True,Cold spot (well-covered cluster)
S01860,Haduwa,Village,W029,LGA04,7.959698,11.081016,63.0,Wangoni,Ilela,143.8403906043368,359.600976510842,0,0,,,,False,False,Accessible,False,35,63.0,1.0,T29,True,5,True,False,Tally-only (no GPS confirmation),0.5555555555555556,0,-1.2136530921098103,0.001,True,Cold spot (well-covered cluster)
S02196,Baberi-Kudu,Village,W034,LGA03,8.198259,11.333924,129.0,Dodeta,Katsuma,150.0,3102.5168406789417,0,0,,,,False,False,Accessible,False,84,129.0,1.0,T02,True,5,True,False,Tally-only (no GPS confirmation),0.6511627906976745,0,-0.2521623476541578,0.302,False,Not significant
S02321,Umduja-Kofar,Village,W037,LGA03,8.183989,11.547611,77.0,Longoma,Katsuma,150.0,663.9350867382601,0,0,,,,False,False,Accessible,False,43,77.0,1.0,T05,True,5,True,False,Tally-only (no GPS confirmation),0.5584415584415584,0,0.7093283968014948,0.318,False,Not significant
S01080,Adngodu,Village,W014,LGA01,7.419894,11.42248,151.0,Bishama,Idi-Oro,150.0,1672.2504984087875,0,0,,,,False,False,Accessible,False,0,,,,False,5,True,False,Plausible miss,0.0,1,0.7093283968014948,0.303,False,Not significant
S02430,Satiba,Hamlet,W039,LGA04,8.306594,10.833243,5.0,Nungoni-Arewa,Ilela,150.0,1976.5561615565366,0,0,,,,False,False,Accessible,False,4,5.0,1.0,T07,True,5,True,True,Tally-only (no GPS confirmation),0.8,0,-1.2136530921098103,0.001,True,Cold spot (well-covered cluster)
S00359,Uzbede,Village,W004,LGA02,7.194783,10.672214,93.0,Yesawo,Gwarin,102.53581516901976,256.33953792254937,0,0,,,,False,False,Accessible,False,71,93.0,1.0,T04,True,5,True,False,Tally-only (no GPS confirmation),0.7634408602150538,0,-1.2136530921098103,0.001,True,Cold spot (well-covered cluster)
S00697,Agngoba,Village,W008,LGA01,7.444948,10.956667,187.0,Umyosa,Idi-Oro,95.06441217855328,237.6610304463832,0,0,,,,False,False,Accessible,False,0,,,,False,5,True,False,Plausible miss,0.0,1,1.6708191412571471,0.314,False,Not significant
S01369,Umriba,Village,W018,LGA02,7.623148,10.62114,80.0,Adwana,Gwarin,150.0,573.0923732633083,132,1,T18,2026-03-13 12:14:00,2026-03-13 14:25:00,False,True,Accessible,False,53,80.0,1.0,T18,True,5,True,False,Visited (track-confirmed),0.6625,0,-1.2136530921098103,0.001,True,Cold spot (well-covered cluster)
S02423,Yezawa,Settlement,W038,LGA03,8.254669,11.385908,60.0,Sashasa,Katsuma,150.0,896.4362055283343,0,0,,,,False,False,Accessible,False,0,,,,False,5,True,False,Plausible miss,0.0,1,1.6708191412571471,0.318,False,Not significant
S00301,Yetsiwa,Village,W003,LGA01,7.430603,10.99948,65.0,Satita,Idi-Oro,150.0,630.2181479458363,0,0,,,,False,False,Accessible,False,67,65.0,1.0,T03,True,5,True,False,Tally-only (no GPS confirmation),1.0307692307692307,0,-0.2521623476541578,0.301,False,Not significant
S01124,Tajile,Village,W015,LGA01,7.542661,11.227915,132.0,Baluru,Idi-Oro,150.0,1469.5394815059215,0,0,,,,False,False,Accessible,False,0,,,,False,5,True,False,Plausible miss,0.0,1,1.6708191412571471,0.315,False,Not significant
S00861,Okwaba,Hamlet,W010,LGA02,7.444357,10.757621,26.0,Fazafa,Gwarin,150.0,1289.7866736183482,20,1,T10,2026-03-10 16:01:00,2026-03-10 16:21:00,False,True,Accessible,False,26,26.0,1.0,T10,True,5,True,False,Visited (track-confirmed),1.0,0,-1.2136530921098103,0.001,True,Cold spot (well-covered cluster)
S01614,Jilani-Gabas,Hamlet,W023,LGA03,7.874731,11.218673,13.0,Suwade,Katsuma,150.0,2370.356993400001,4,1,T23,2026-03-10 17:40:00,2026-03-10 17:43:00,False,True,Accessible,False,0,,,,False,5,True,False,Visited (track-confirmed),0.0,0,-1.2136530921098103,0.001,True,Cold spot (well-covered cluster)
S01963,Fadena,Village,W030,LGA04,7.93925,10.655527,58.0,Yeride,Ilela,150.0,807.2582042522884,28,1,T30,2026-03-12 10:07:00,2026-03-12 15:28:00,False,True,Accessible,False,57,58.0,1.0,T30,True,5,True,False,Visited (track-confirmed),0.9827586206896551,0,-1.2136530921098103,0.001,True,Cold spot (well-covered cluster)
S02348,Sabafa,Hamlet,W037,LGA03,8.193625,11.545334,6.0,Longoma,Katsuma,150.0,515.3183990420862,0,0,,,,False,False,Accessible,False,5,6.0,1.0,T05,True,5,True,False,Tally-only (no GPS confirmation),0.8333333333333334,0,1.6708191412571471,0.102,False,Not significant
S00853,Dobesa,Urban block,W010,LGA02,7.430531,10.753206,564.0,Fazafa,Gwarin,150.0,1142.4365207538212,0,0,,,,False,False,Accessible,False,572,564.0,1.0,T10,True,5,True,False,Tally-only (no GPS confirmation),1.0141843971631206,0,-1.2136530921098103,0.001,True,Cold spot (well-covered cluster)
S01167,Yelade,Hamlet,W015,LGA01,7.691223,11.29693,25.0,Baluru,Idi-Oro,150.0,521.3858517921709,0,0,,,,False,False,Accessible,False,14,25.0,1.0,T15,True,5,True,False,Tally-only (no GPS confirmation),0.56,0,0.7093283968014948,0.315,False,Not significant
S01339,Kuwawo,Village,W018,LGA02,7.56093,10.639211,26.0,Adwana,Gwarin,102.58608170078782,256.4652042519695,20,1,T18,2026-03-13 16:51:00,2026-03-13 17:10:00,False,True,Accessible,False,17,26.0,1.0,T18,True,5,True,False,Visited (track-confirmed),0.6538461538461539,0,-0.2521623476541578,0.301,False,Not significant
S01948,Lokoma,Village,W030,LGA04,7.893705,10.654249,70.0,Yeride,Ilela,150.0,1137.2793506697665,0,0,,,,False,False,Accessible,False,53,70.0,1.0,T30,True,5,True,False,Tally-only (no GPS confirmation),0.7571428571428571,0,-0.2521623476541578,0.301,False,Not significant
S00331,Bawari-Yamma,Village,W004,LGA02,7.228225,10.586026,64.0,Yesawo,Gwarin,150.0,878.6461297592494,0,0,,,,False,False,Accessible,False,54,64.0,1.0,T04,True,5,True,False,Tally-only (no GPS confirmation),0.84375,0,-1.2136530921098103,0.001,True,Cold spot (well-covered cluster)
S01468,Zamayi,Village,W020,LGA01,7.714191,11.147359,122.0,Famade,Idi-Oro,150.0,423.5486545432412,23,1,T20,2026-03-11 11:25:00,2026-03-11 11:47:00,False,True,Accessible,False,121,122.0,1.0,T20,True,5,True,False,Visited (track-confirmed),0.9918032786885246,0,-1.2136530921098103,0.001,True,Cold spot (well-covered cluster)
S02456,Wazawo,Hamlet,W039,LGA04,8.248704,10.848491,23.0,Nungoni-Arewa,Ilela,150.0,394.515323914052,0,0,,,,False,False,Accessible,False,19,23.0,1.0,T07,True,5,True,True,Tally-only (no GPS confirmation),0.8260869565217391,0,-1.2136530921098103,0.001,True,Cold spot (well-covered cluster)
S02478,Darako,Village,W040,LGA04,8.345946,11.206444,16.0,Gujiri,Ilela,150.0,1520.2204645419322,0,0,,,,False,False,Accessible,False,17,16.0,1.0,T08,True,5,True,False,Tally-only (no GPS confirmation),1.0625,0,-0.2521623476541578,0.301,False,Not significant
S02427,Sazana,Hamlet,W039,LGA04,8.247179,10.864717,20.0,Nungoni-Arewa,Ilela,150.0,969.6124789608297,0,0,,,,False,False,Accessible,False,11,20.0,1.0,T07,True,5,True,True,Tally-only (no GPS confirmation),0.55,0,-1.2136530921098103,0.001,True,Cold spot (well-covered cluster)
S01007,Sawashi,Hamlet,W014,LGA01,7.386168,11.440732,18.0,Bishama,Idi-Oro,150.0,588.2916373037153,0,0,,,,False,False,Accessible,False,12,18.0,1.0,T14,True,5,True,False,Tally-only (no GPS confirmation),0.6666666666666666,0,-1.2136530921098103,0.001,True,Cold spot (well-covered cluster)
S02200,Umshayi,Village,W034,LGA03,8.264799,11.220529,38.0,Dodeta,Katsuma,150.0,1130.0845936262717,0,0,,,,False,False,Accessible,False,35,38.0,1.0,T02,True,5,True,False,Tally-only (no GPS confirmation),0.9210526315789473,0,-1.2136530921098103,0.001,True,Cold spot (well-covered cluster)
S00236,Yetija,Settlement,W003,LGA01,7.278567,11.106206,14.0,Satita,Idi-Oro,150.0,1311.3101278352779,19,1,T03,2026-03-13 08:45:00,2026-03-13 09:03:00,False,True,Accessible,False,12,14.0,1.0,T03,True,5,True,False,Visited (track-confirmed),0.8571428571428571,0,0.7093283968014948,0.315,False,Not significant
S00281,Datiwo,Settlement,W003,LGA01,7.415138,11.004518,66.0,Satita,Idi-Oro,150.0,1088.4289980783292,4,1,T03,2026-03-12 16:30:00,2026-03-12 16:33:00,False,True,Accessible,False,45,66.0,1.0,T03,True,5,True,False,Visited (track-confirmed),0.6818181818181818,0,0.7093283968014948,0.315,False,Not significant
S00001,Surawa,Village,W001,LGA01,7.166551,11.173847,145.0,Ekngoyi,Idi-Oro,150.0,1010.4113419691678,0,0,,,,False,False,Accessible,False,109,145.0,1.0,T01,True,5,True,False,Tally-only (no GPS confirmation),0.7517241379310344,0,0.7093283968014948,0.315,False,Not significant
S02283,Enbedu,Village,W036,LGA04,8.036254686711377,10.758374,68.0,Mawako,Ilela,150.0,1696.3055102994206,0,0,,,,False,False,Accessible,False,40,68.0,1.0,T04,True,5,True,False,Tally-only (no GPS confirmation),0.5882352941176471,0,1.6708191412571471,0.102,False,Not significant
S01721,Longota,Village,W026,LGA03,7.737998,11.532159,81.0,Kungomi,Katsuma,150.0,381.1419224743714,0,0,,,,False,False,Accessible,False,84,81.0,1.0,T26,True,5,True,False,Tally-only (no GPS confirmation),1.037037037037037,0,-0.2521623476541578,0.301,False,Not significant
S00881,Adyowo,Hamlet,W011,LGA02,7.748297,10.393517,54.0,Enyoko-Kofar,Gwarin,150.0,1925.2362656599898,0,0,,,,False,False,Accessible,False,39,54.0,1.0,T11,True,5,True,False,Tally-only (no GPS confirmation),0.7222222222222222,0,-0.2521623476541578,0.301,False,Not significant
S02238,Zashatu,Village,W035,LGA04,8.191533,10.977353,53.0,Dazata,Ilela,150.0,2859.9664700585754,0,0,,,,False,False,Accessible,False,53,53.0,1.0,T03,True,5,True,True,Tally-only (no GPS confirmation),1.0,0,-1.2136530921098103,0.001,True,Cold spot (well-covered cluster)
S00752,Jitile,Village,W008,LGA01,7.41703,10.969849,173.0,Umyosa,Idi-Oro,50.0,7.549469542769716,0,0,,,,False,False,Accessible,True,0,,,,False,5,True,False,Plausible miss,0.0,1,2.6323098857128,0.101,False,Not significant
S02025,Masayi,Village,W031,LGA03,7.925146,11.324774,50.0,Satide,Katsuma,150.0,1596.3500693154558,0,0,,,,False,False,Accessible,False,28,50.0,1.0,T31,True,5,True,False,Tally-only (no GPS confirmation),0.56,0,0.7093283968014948,0.314,False,Not significant
S00216,Okbako,Village,W002,LGA01,7.23026,10.789671,40.0,Ekduru,Idi-Oro,150.0,736.0008759233077,0,0,,,,False,False,Accessible,False,30,40.0,1.0,T02,True,5,True,False,Tally-only (no GPS confirmation),0.75,0,-0.2521623476541578,0.299,False,Not significant
S01393,Eksawa,Hamlet,W019,LGA04,7.581005,11.006662,13.0,Umzaba-Kofar,Ilela,50.0,117.41563437319321,23,1,T19,2026-03-09 16:43:00,2026-03-09 17:05:00,False,True,Accessible,False,9,13.0,1.0,T19,True,5,True,False,Visited (track-confirmed),0.6923076923076923,0,-0.2521623476541578,0.299,False,Not significant
S01258,Gutide,Hamlet,W016,LGA02,7.646281,10.48193,21.0,Uzritu,Gwarin,150.0,676.51834934968,9,1,T16,2026-03-11 16:26:00,2026-03-12 17:05:00,False,True,Accessible,False,0,,,,False,5,True,False,Visited (track-confirmed),0.0,0,-1.2136530921098103,0.001,True,Cold spot (well-covered cluster)
S00107,Wawatu,Urban block,W001,LGA01,7.14365,11.051228,516.0,Ekngoyi,Idi-Oro,150.0,862.859371077487,0,0,,,,False,False,Accessible,False,366,516.0,1.0,T01,True,5,True,False,Tally-only (no GPS confirmation),0.7093023255813954,0,0.7093283968014948,0.314,False,Not significant
S00695,Darana,Hamlet,W008,LGA01,7.355398,10.888683,18.0,Umyosa,Idi-Oro,150.0,1124.072576387174,0,0,,,,False,False,Accessible,False,16,18.0,1.0,T08,True,5,True,False,Tally-only (no GPS confirmation),0.8888888888888888,0,0.7093283968014948,0.314,False,Not significant
S00589,Doluri,Village,W007,LGA01,7.455801,11.227143,31.0,Bayoyi,Idi-Oro,150.0,1479.1635463414927,0,0,,,,False,False,Accessible,False,19,31.0,1.0,T07,True,5,True,False,Tally-only (no GPS confirmation),0.6129032258064516,0,-0.2521623476541578,0.299,False,Not significant
S00090,Irdema,Hamlet,W001,LGA01,7.03894,11.037306,37.0,Ekngoyi,Idi-Oro,150.0,379.51951148029013,0,0,,,,False,False,Accessible,False,27,37.0,1.0,T01,True,5,True,False,Tally-only (no GPS confirmation),0.7297297297297297,0,-0.2521623476541578,0.299,False,Not significant
S00688,Adjiwo,Hamlet,W008,LGA01,7.442974,10.955766,6.0,Umyosa,Idi-Oro,95.06441217855328,237.6610304463832,0,0,,,,False,False,Accessible,False,6,6.0,1.0,T08,True,5,True,False,Tally-only (no GPS confirmation),1.0,0,1.6708191412571471,0.102,False,Not significant
S01081,Fatsimi,Urban block,W014,LGA01,7.389509,11.444906,,Bishama,Idi-Oro,150.0,588.2916373037153,0,0,,,,False,False,Accessible,False,219,232.0,1.0,T14,True,5,True,False,Tally-only (no GPS confirmation),0.9439655172413793,0,-1.2136530921098103,0.001,True,Cold spot (well-covered cluster)
S00766,Umngosa,Hamlet,W008,LGA01,7.195256,10.913514,14.0,Umyosa,Idi-Oro,150.0,451.57114566411667,0,0,,,,False,False,Accessible,False,0,,,,False,5,True,False,Plausible miss,0.0,1,-0.2521623476541578,0.001,True,Cold spot (well-covered cluster)
S00987,Lozayi,Hamlet,W013,LGA02,7.386592,10.563169,13.0,Sashako,Gwarin,150.0,2357.0346158182647,0,0,,,,False,False,Accessible,False,8,13.0,1.0,T13,True,5,True,False,Tally-only (no GPS confirmation),0.6153846153846154,0,-0.2521623476541578,0.297,False,Not significant
S00917,Olmami,Village,W011,LGA02,7.584431,10.4183,86.0,Enyoko-Kofar,Gwarin,94.17005847034152,235.42514617585377,0,0,,,,False,False,Accessible,False,81,86.0,1.0,T11,True,5,True,False,Tally-only (no GPS confirmation),0.9418604651162791,0,-1.2136530921098103,0.001,True,Cold spot (well-covered cluster)
S00010,Enjiru,Urban block,W001,LGA01,7.027125,11.081613,371.0,Ekngoyi,Idi-Oro,150.0,511.38958477377895,0,0,,,,False,False,Accessible,False,334,371.0,1.0,T01,True,5,True,False,Tally-only (no GPS confirmation),0.9002695417789758,0,-0.2521623476541578,0.297,False,Not significant
S02275,Kumani,Village,W035,LGA04,8.236639,11.010255,16.0,Dazata,Ilela,128.01066377296567,320.02665943241414,0,0,,,,False,False,Accessible,False,9,16.0,1.0,T03,True,5,True,True,Tally-only (no GPS confirmation),0.5625,0,-1.2136530921098103,0.001,True,Cold spot (well-covered cluster)
S00867,Hamasa-Tudun,Hamlet,W010,LGA02,7.437001,10.775644,7.0,Fazafa,Gwarin,113.7764843685846,284.4412109214615,113,1,T10,2026-03-13 14:02:00,2026-03-13 15:54:00,False,True,Accessible,False,4,7.0,1.0,T10,True,5,True,False,Visited (track-confirmed),0.5714285714285714,0,-1.2136530921098103,0.001,True,Cold spot (well-covered cluster)
S00454,Bazasa,Village,W006,LGA01,7.245803,11.226143,210.0,Okradu,Idi-Oro,150.0,668.5915393875737,0,0,,,,False,False,Accessible,False,145,210.0,1.0,T06,True,5,True,False,Tally-only (no GPS confirmation),0.6904761904761905,0,-0.2521623476541578,0.297,False,Not significant
S01117,Enngoni,Settlement,W015,LGA01,7.510269,11.208236,17.0,Baluru,Idi-Oro,50.0,89.01324374852175,2,1,T15,2026-03-10 15:04:00,2026-03-10 15:05:00,False,True,Accessible,True,14,17.0,1.0,T15,True,5,True,False,Visited (track-confirmed),0.8235294117647058,0,-0.2521623476541578,0.297,False,Not significant
S01039,Guyona-Kofar,Village,W014,LGA01,7.479075,11.516129,193.0,Bishama,Idi-Oro,150.0,657.059817621519,0,0,,,,False,False,Accessible,False,191,193.0,1.0,T14,True,5,True,False,Tally-only (no GPS confirmation),0.9896373056994818,0,-1.2136530921098103,0.001,True,Cold spot (well-covered cluster)
S01655,Enwawa-Sabo,Village,W024,LGA04,7.765686,10.789717,127.0,Kuraba-Kofar,Ilela,150.0,1524.659634858281,31,1,T24,2026-03-12 16:38:00,2026-03-12 17:08:00,False,True,Accessible,False,119,127.0,1.0,T24,True,5,True,False,Visited (track-confirmed),0.937007874015748,0,-1.2136530921098103,0.001,True,Cold spot (well-covered cluster)
S01101,Okkowo,Village,W015,LGA01,7.699547,11.2763,277.0,Baluru,Idi-Oro,112.85192577572558,282.1298144393139,23,1,T15,2026-03-11 14:16:00,2026-03-13 18:30:00,False,True,Accessible,False,227,277.0,1.0,T15,True,5,True,False,Visited (track-confirmed),0.8194945848375451,0,-0.2521623476541578,0.297,False,Not significant
S02134,Zarari,Village,W033,LGA03,7.98543,11.152313,77.0,Tasayi,Katsuma,150.0,733.7522446990184,4,1,T01,2026-03-12 08:05:00,2026-03-12 08:08:00,False,True,Accessible,False,79,77.0,1.0,T01,True,5,True,False,Visited (track-confirmed),1.025974025974026,0,-1.2136530921098103,0.001,True,Cold spot (well-covered cluster)
S01524,Nuzaba,Village,W021,LGA02,7.870738,10.54964,59.0,Yezata,Gwarin,150.0,1497.053186647784,0,0,,,,False,False,Accessible,False,48,59.0,1.0,T21,True,5,True,False,Tally-only (no GPS confirmation),0.8135593220338984,0,0.7093283968014948,0.313,False,Not significant
S02159,Baluri,Village,W033,LGA03,8.105519,11.154036,122.0,Tasayi,Katsuma,150.0,3030.3597768982236,0,0,,,,False,False,Accessible,False,0,,,,False,5,True,False,Plausible miss,0.0,1,2.6323098857128,0.102,False,Not significant
S02170,Biradu,Hamlet,W034,LGA03,8.114192,11.203998,34.0,Dodeta,Katsuma,150.0,688.3353452264976,0,0,,,,False,False,Accessible,False,33,34.0,1.0,T02,True,5,True,False,Tally-only (no GPS confirmation),0.9705882352941176,0,1.6708191412571471,0.102,False,Not significant
S01744,Guyoshi,Village,W026,LGA03,7.720837,11.538183,70.0,Kungomi,Katsuma,150.0,493.13049733999793,37,1,T26,2026-03-11 16:20:00,2026-03-11 16:56:00,False,True,Accessible,False,41,70.0,1.0,T26,True,5,True,False,Visited (track-confirmed),0.5857142857142857,0,0.7093283968014948,0.313,False,Not significant
S00652,Harani,Urban block,W007,LGA01,7.369661,11.242133,684.0,Bayoyi,Idi-Oro,77.45612747539342,193.64031868848352,0,0,,,,False,False,Accessible,False,676,684.0,1.0,T07,True,5,True,False,Tally-only (no GPS confirmation),0.9883040935672515,0,1.6708191412571471,0.102,False,Not significant
S00899,Jinani,Hamlet,W011,LGA02,7.705002,10.412266,27.0,Enyoko-Kofar,Gwarin,150.0,617.6626476830056,3,1,T11,2026-03-11 16:57:00,2026-03-11 16:59:00,False,True,Accessible,False,21,27.0,1.0,T11,True,5,True,False,Visited (track-confirmed),0.7777777777777778,0,-1.2136530921098103,0.001,True,Cold spot (well-covered cluster)
S00053,Hatsiwo,Village,W001,LGA01,7.064087,11.055537,126.0,Ekngoyi,Idi-Oro,150.0,1441.6561993544574,0,0,,,,False,False,Accessible,False,121,126.0,1.0,T01,True,5,True,False,Tally-only (no GPS confirmation),0.9603174603174603,0,-0.2521623476541578,0.297,False,Not significant
D01076,Matsiwo,Hamlet,W014,LGA01,7.424113,11.458259,27.0,Bishama,Idi-Oro,92.93408738980148,232.33521847450368,7,1,T14,2026-03-09 13:29:00,2026-03-13 08:50:00,False,True,Accessible,False,0,,,,False,5,True,False,Visited (track-confirmed),0.0,0,-0.2521623476541578,0.297,False,Not significant
S00674,Fasaru,Urban block,W008,LGA01,7.19803,10.930676,744.0,Umyosa,Idi-Oro,150.0,507.4283226787835,0,0,,,,False,False,Accessible,False,752,744.0,1.0,T08,True,5,True,False,Tally-only (no GPS confirmation),1.010752688172043,0,-1.2136530921098103,0.001,True,Cold spot (well-covered cluster)
S00847,Fariwa-Tsakiya,Village,W010,LGA02,7.423915,10.906693,115.0,Fazafa,Gwarin,150.0,563.2611776289899,28,1,T10,2026-03-12 08:56:00,2026-03-12 09:26:00,False,True,Accessible,False,71,115.0,1.0,T10,True,5,True,False,Visited (track-confirmed),0.6173913043478261,0,-1.2136530921098103,0.001,True,Cold spot (well-covered cluster)
S01594,Agsatu,Village,W023,LGA03,7.783984,11.225116,82.0,Suwade,Katsuma,150.0,1139.3826004280468,37,1,T23,2026-03-11 09:59:00,2026-03-11 10:35:00,False,True,Accessible,False,49,82.0,1.0,T23,True,5,True,False,Visited (track-confirmed),0.5975609756097561,0,3.5938006301684524,0.001,True,Hot spot (missed-settlement cluster)
S01407,Sasadu,Settlement,W019,LGA04,7.713557,10.864857,45.0,Umzaba-Kofar,Ilela,150.0,753.9727252432374,104,1,T19,2026-03-13 15:33:00,2026-03-13 17:16:00,False,True,Accessible,False,40,45.0,1.0,T19,True,5,True,False,Visited (track-confirmed),0.8888888888888888,0,-1.2136530921098103,0.001,True,Cold spot (well-covered cluster)
S00430,Jimani,Hamlet,W006,LGA01,7.248858,11.196817,32.0,Okradu,Idi-Oro,150.0,1202.2029951402958,0,0,,,,False,False,Accessible,False,18,32.0,1.0,T06,True,5,True,False,Tally-only (no GPS confirmation),0.5625,0,-0.2521623476541578,0.297,False,Not significant
S01773,Haluni,Village,W027,LGA03,7.92202,11.47751,35.0,Daberi,Katsuma,150.0,382.73228257037573,32,1,T27,2026-03-09 07:36:00,2026-03-10 14:02:00,False,True,Accessible,False,36,35.0,1.0,T27,True,5,True,False,Visited (track-confirmed),1.0285714285714285,0,-0.2521623476541578,0.297,False,Not significant
S00952,Ibdushi,Hamlet,W012,LGA02,7.321847,10.520494,43.0,Darari,Gwarin,150.0,750.2023613112207,33,1,T12,2026-03-12 15:41:00,2026-03-12 16:13:00,False,True,Accessible,False,33,43.0,1.0,T12,True,5,True,False,Visited (track-confirmed),0.7674418604651163,0,-0.2521623476541578,0.297,False,Not significant
S00110,Ekyosa,Village,W001,LGA01,7.221619,11.129241,54.0,Ekngoyi,Idi-Oro,96.95814825915376,242.3953706478844,0,0,,,,False,False,Accessible,False,35,54.0,1.0,T01,True,5,True,False,Tally-only (no GPS confirmation),0.6481481481481481,0,-1.2136530921098103,0.001,True,Cold spot (well-covered cluster)
S01734,Yemafa,Village,W026,LGA03,7.745043,11.518453,60.0,Kungomi,Katsuma,150.0,404.5793268401464,26,1,T26,2026-03-12 07:19:00,2026-03-12 07:44:00,False,True,Accessible,False,36,60.0,1.0,T26,True,5,True,False,Visited (track-confirmed),0.6,0,-0.2521623476541578,0.297,False,Not significant
S00807,Domade,Village,W009,LGA02,7.479482,11.008172,24.0,Washatu,Gwarin,150.0,1261.7040158609593,0,0,,,,False,False,Accessible,False,25,24.0,1.0,T09,True,5,True,False,Tally-only (no GPS confirmation),1.0416666666666667,0,-0.2521623476541578,0.297,False,Not significant
S01165,Umwama-Arewa,Settlement,W015,LGA01,7.565713,11.256662,102.0,Baluru,Idi-Oro,150.0,527.3065696499513,0,0,,,,False,False,Accessible,False,88,102.0,1.0,T15,True,5,True,False,Tally-only (no GPS confirmation),0.8627450980392157,0,-1.2136530921098103,0.001,True,Cold spot (well-covered cluster)
S02215,Jibeja-Sabo,Settlement,W034,LGA03,8.270142,11.24391,31.0,Dodeta,Katsuma,150.0,657.4495944238571,0,0,,,,False,False,Accessible,False,31,31.0,1.0,T02,True,5,True,False,Tally-only (no GPS confirmation),1.0,0,0.7093283968014948,0.313,False,Not significant
S00432,Kazaru,Hamlet,W006,LGA01,7.19798,11.298649,3.0,Okradu,Idi-Oro,150.0,996.116473687445,0,0,,,,False,False,Accessible,False,3,3.0,1.0,T06,True,5,True,False,Tally-only (no GPS confirmation),1.0,0,-1.2136530921098103,0.001,True,Cold spot (well-covered cluster)
S00232,Olbawo,Urban block,W003,LGA01,7.21854,10.998028,343.0,Satita,Idi-Oro,150.0,838.005573075693,5,1,T03,2026-03-12 11:33:00,2026-03-12 11:37:00,False,True,Accessible,False,0,,,,False,5,True,False,Visited (track-confirmed),0.0,0,0.7093283968014948,0.313,False,Not significant
S00520,Lorata,Settlement,W006,LGA01,7.19661,11.346298,213.0,Okradu,Idi-Oro,58.45600419046329,146.1400104761582,2,1,T06,2026-03-11 07:46:00,2026-03-11 07:59:00,False,True,Accessible,False,0,,,,False,5,True,False,Visited (track-confirmed),0.0,0,1.6708191412571471,0.102,False,Not significant
S00862,Dolari,Village,W010,LGA02,7.401015,10.851367,96.0,Fazafa,Gwarin,150.0,674.948531116417,1,1,T10,2026-03-12 11:27:00,2026-03-12 11:27:00,False,True,Accessible,False,77,96.0,1.0,T10,True,5,True,False,Visited (track-confirmed),0.8020833333333334,0,-0.2521623476541578,0.297,False,Not significant
S02228,Zatsiri-Sabo,Village,W035,LGA04,8.245711,11.010859,23.0,Dazata,Ilela,123.30329415692161,308.258235392304,0,0,,,,False,False,Accessible,False,24,23.0,1.0,T03,True,5,True,True,Tally-only (no GPS confirmation),1.0434782608695652,0,-1.2136530921098103,0.001,True,Cold spot (well-covered cluster)
S00458,Bilufa,Urban block,W006,LGA01,7.242705,11.278547,982.0,Okradu,Idi-Oro,150.0,813.7681402196384,0,0,,,,False,False,Accessible,False,974,982.0,1.0,T06,True,5,True,False,Tally-only (no GPS confirmation),0.9918533604887984,0,0.7093283968014948,0.313,False,Not significant
S00560,Waraba,Settlement,W007,LGA01,7.374448,11.203471,93.0,Bayoyi,Idi-Oro,150.0,1695.401974612603,0,0,,,,False,False,Accessible,False,79,93.0,1.0,T07,True,5,True,False,Tally-only (no GPS confirmation),0.8494623655913979,0,-1.2136530921098103,0.001,True,Cold spot (well-covered cluster)
S00603,Talani,Village,W007,LGA01,7.464384,11.20997,46.0,Bayoyi,Idi-Oro,50.0,71.2115998304883,0,0,,,,False,False,Accessible,True,0,,,,False,5,True,False,Plausible miss,0.0,1,-0.2521623476541578,0.001,True,Cold spot (well-covered cluster)
S00938,Bijiru,Village,W012,LGA02,7.429997,10.468265,91.0,Darari,Gwarin,150.0,475.5938622273121,31,1,T12,2026-03-12 07:13:00,2026-03-12 07:43:00,False,True,Accessible,False,78,91.0,1.0,T12,True,5,True,False,Visited (track-confirmed),0.8571428571428571,0,-1.2136530921098103,0.001,True,Cold spot (well-covered cluster)
S00186,Bibemi-Gabas,Village,W002,LGA01,7.118444,10.72671,63.0,Ekduru,Idi-Oro,150.0,416.934646694099,0,0,,,,False,False,Accessible,False,55,63.0,1.0,T02,True,5,True,False,Tally-only (no GPS confirmation),0.873015873015873,0,0.7093283968014948,0.314,False,Not significant
S01922,Enwani-Arewa,Hamlet,W029,LGA04,7.94189,11.075063,15.0,Wangoni,Ilela,110.8176455382318,277.0441138455795,0,0,,,,False,False,Accessible,False,8,15.0,1.0,T29,True,5,True,False,Tally-only (no GPS confirmation),0.5333333333333333,0,-1.2136530921098103,0.001,True,Cold spot (well-covered cluster)
S02349,Nunani-Kudu,Hamlet,W037,LGA03,8.208408,11.565979,62.0,Longoma,Katsuma,146.9238982805486,367.30974570137147,0,0,,,,False,False,Accessible,False,0,,,,False,5,True,False,Plausible miss,0.0,1,1.6708191412571471,0.314,False,Not significant
S01077,Zashatu-Kudu,Hamlet,W014,LGA01,7.40331,11.460933,18.0,Bishama,Idi-Oro,150.0,396.3289209497694,0,0,,,,False,False,Accessible,False,17,18.0,1.0,T14,True,5,True,False,Tally-only (no GPS confirmation),0.9444444444444444,0,-1.2136530921098103,0.001,True,Cold spot (well-covered cluster)
S00866,Bilade,Hamlet,W010,LGA02,7.429669,10.804972,20.0,Fazafa,Gwarin,150.0,407.4987630999853,5,1,T10,2026-03-09 12:24:00,2026-03-09 12:28:00,False,True,Accessible,False,21,20.0,1.0,T10,True,5,True,False,Visited (track-confirmed),1.05,0,-1.2136530921098103,0.001,True,Cold spot (well-covered cluster)
S02492,Sawaru,Village,W040,LGA04,8.298219,11.109595,48.0,Gujiri,Ilela,150.0,3401.964595138017,0,0,,,,False,False,Accessible,False,43,48.0,1.0,T08,True,5,True,False,Tally-only (no GPS confirmation),0.8958333333333334,0,-1.2136530921098103,0.001,True,Cold spot (well-covered cluster)
S01634,Kujiyi,Village,W023,LGA03,7.914449,11.187027,16.0,Suwade,Katsuma,150.0,1332.0249184182037,30,1,T23,2026-03-09 10:27:00,2026-03-09 10:56:00,False,True,Accessible,False,12,16.0,1.0,T23,True,5,True,False,Visited (track-confirmed),0.75,0,-1.2136530921098103,0.001,True,Cold spot (well-covered cluster)
S02323,Gutsifa,Village,W037,LGA03,8.184308,11.526681,29.0,Longoma,Katsuma,150.0,601.5386922861368,0,0,,,,False,False,Accessible,False,18,29.0,1.0,T05,True,5,True,False,Tally-only (no GPS confirmation),0.6206896551724138,0,0.7093283968014948,0.315,False,Not significant
S02005,Bitsiba,Hamlet,W031,LGA03,7.867084,11.303606,13.0,Satide,Katsuma,150.0,3200.6307048370836,0,0,,,,False,False,Accessible,False,0,,,,False,5,True,False,Plausible miss,0.0,1,2.6323098857128,0.103,False,Not significant
S01232,Irraja,Urban block,W016,LGA02,7.56504,10.43052,72.0,Uzritu,Gwarin,150.0,765.8222874817674,0,0,,,,False,False,Accessible,False,0,,,,False,5,True,False,Plausible miss,0.0,1,-0.2521623476541578,0.001,True,Cold spot (well-covered cluster)
S01921,Mabawa,Settlement,W029,LGA04,7.934009,11.092664,45.0,Wangoni,Ilela,150.0,729.727192460607,0,0,,,,False,False,Accessible,False,25,45.0,1.0,T29,True,5,True,False,Tally-only (no GPS confirmation),0.5555555555555556,0,-1.2136530921098103,0.001,True,Cold spot (well-covered cluster)
S01953,Walumi,Village,W030,LGA04,8.01039,10.588288,25.0,Yeride,Ilela,150.0,2480.3602547158935,0,0,,,,False,False,Accessible,False,18,25.0,1.0,T30,True,5,True,False,Tally-only (no GPS confirmation),0.72,0,-0.2521623476541578,0.297,False,Not significant
S00299,Enshawa,Urban block,W003,LGA01,7.209381,11.069743,431.0,Satita,Idi-Oro,150.0,2181.76247088476,0,0,,,,False,False,Accessible,False,0,,,,False,5,True,False,Plausible miss,0.0,1,1.6708191412571471,0.313,False,Not significant
S02244,Tarimi,Village,W035,LGA04,8.246159,11.068355,62.0,Dazata,Ilela,150.0,1639.16397434134,0,0,,,,False,False,Accessible,False,44,62.0,1.0,T03,True,5,True,True,Tally-only (no GPS confirmation),0.7096774193548387,0,-1.2136530921098103,0.001,True,Cold spot (well-covered cluster)
S01008,Bilatu-Tudun,Urban block,W014,LGA01,7.487661,11.502099,466.0,Bishama,Idi-Oro,150.0,701.8594374336194,25,1,T14,2026-03-09 09:19:00,2026-03-09 09:43:00,False,True,Accessible,False,375,466.0,1.0,T14,True,5,True,False,Visited (track-confirmed),0.8047210300429185,0,-1.2136530921098103,0.001,True,Cold spot (well-covered cluster)
S01971,Fabani,Village,W030,LGA04,7.900882,10.628936,13.0,Yeride,Ilela,119.47750876328242,298.69377190820603,3,1,T30,2026-03-13 07:40:00,2026-03-13 07:42:00,False,True,Accessible,False,10,13.0,1.0,T30,True,5,True,False,Visited (track-confirmed),0.7692307692307693,0,-1.2136530921098103,0.001,True,Cold spot (well-covered cluster)
S01904,Fayoma,Urban block,W029,LGA04,7.973011,10.983914,140.0,Wangoni,Ilela,150.0,1073.04304127675,23,1,T29,2026-03-11 11:22:00,2026-03-13 14:58:00,False,True,Accessible,False,84,140.0,1.0,T29,True,5,True,False,Visited (track-confirmed),0.6,0,-1.2136530921098103,0.001,True,Cold spot (well-covered cluster)
S02013,Kulako-Yamma,Village,W031,LGA03,8.052634,11.256466,55.0,Satide,Katsuma,150.0,1281.350170551063,37,1,T31,2026-03-10 07:49:00,2026-03-10 08:25:00,False,True,Accessible,False,38,55.0,1.0,T31,True,5,True,False,Visited (track-confirmed),0.6909090909090909,0,3.5938006301684524,0.001,True,Hot spot (missed-settlement cluster)
S01076,Matsiwo,Hamlet,W014,LGA01,7.42045,11.45408,27.0,Bishama,Idi-Oro,150.0,611.085217696625,4,1,T14,2026-03-09 13:40:00,2026-03-09 13:43:00,False,True,Accessible,False,0,,,,False,5,True,False,Visited (track-confirmed),0.0,0,-1.2136530921098103,0.001,True,Cold spot (well-covered cluster)
S01496,Sabeyi,Village,W020,LGA01,7.727791,11.215979,99.0,Famade,Idi-Oro,150.0,2333.547991453848,0,0,,,,False,False,Accessible,False,0,,,,False,5,True,False,Plausible miss,0.0,1,-0.2521623476541578,0.001,True,Cold spot (well-covered cluster)
S01736,Adduwo,Settlement,W026,LGA03,7.70389,11.544319,138.0,Kungomi,Katsuma,150.0,1104.9603658784235,0,0,,,,False,False,Accessible,False,0,,,,False,5,True,False,Plausible miss,0.0,1,-0.2521623476541578,0.001,True,Cold spot (well-covered cluster)
S01067,Tanani,Village,W014,LGA01,7.496128,11.516287,21.0,Bishama,Idi-Oro,150.0,378.7394844450446,3,1,T14,2026-03-09 10:27:00,2026-03-10 09:47:00,False,True,Accessible,False,15,21.0,1.0,T14,True,5,True,False,Visited (track-confirmed),0.7142857142857143,0,-1.2136530921098103,0.001,True,Cold spot (well-covered cluster)
S01485,Nushaja,Urban block,W020,LGA01,7.600347,11.108804,,Famade,Idi-Oro,150.0,2210.839507689173,2,1,T20,2026-03-09 09:10:00,2026-03-09 09:11:00,False,True,Accessible,False,0,,,,False,5,True,False,Visited (track-confirmed),,0,-1.2136530921098103,0.001,True,Cold spot (well-covered cluster)
S02453,Hanana,Village,W039,LGA04,8.336625,10.924729,29.0,Nungoni-Arewa,Ilela,150.0,706.4032618783323,0,0,,,,False,False,Accessible,False,17,29.0,1.0,T07,True,5,True,True,Tally-only (no GPS confirmation),0.5862068965517241,0,-1.2136530921098103,0.001,True,Cold spot (well-covered cluster)
S00640,Sazaja,Hamlet,W007,LGA01,7.312417,11.387289,69.0,Bayoyi,Idi-Oro,150.0,2136.0980239279716,0,0,,,,False,False,Accessible,False,0,,,,False,5,True,False,Plausible miss,0.0,1,-0.2521623476541578,0.001,True,Cold spot (well-covered cluster)
S00595,Ekdusa,Settlement,W007,LGA01,7.448747,11.292416,43.0,Bayoyi,Idi-Oro,150.0,2431.566611897096,0,0,,,,False,False,Accessible,False,0,,,,False,5,True,False,Plausible miss,0.0,1,2.6323098857128,0.103,False,Not significant
S02065,Zadedu,Village,W032,LGA04,8.089436,10.834826,73.0,Bisani-Gabas,Ilela,150.0,540.0420402685035,25,1,T32,2026-03-09 10:07:00,2026-03-09 10:31:00,False,True,Accessible,False,61,73.0,1.0,T32,True,5,True,False,Visited (track-confirmed),0.8356164383561644,0,-0.2521623476541578,0.298,False,Not significant
S02263,Kukoko,Village,W035,LGA04,8.28077,10.944633,24.0,Dazata,Ilela,150.0,947.8600066658778,0,0,,,,False,False,Accessible,False,19,24.0,1.0,T03,True,5,True,True,Tally-only (no GPS confirmation),0.7916666666666666,0,-1.2136530921098103,0.001,True,Cold spot (well-covered cluster)
S01541,Sayofa,Hamlet,W021,LGA02,7.874871,10.453862,60.0,Yezata,Gwarin,150.0,1590.1866227769963,20,1,T21,2026-03-09 14:27:00,2026-03-09 14:46:00,False,True,Accessible,False,61,60.0,1.0,T21,True,5,True,False,Visited (track-confirmed),1.0166666666666666,0,-0.2521623476541578,0.298,False,Not significant
S00227,Irduru,Hamlet,W003,LGA01,7.453766,11.006332,6.0,Satita,Idi-Oro,132.93486077233112,332.33715193082776,0,0,,,,False,False,Accessible,False,6,6.0,1.0,T03,True,5,True,False,Tally-only (no GPS confirmation),1.0,0,0.7093283968014948,0.313,False,Not significant
S01954,Gukodu,Settlement,W030,LGA04,7.889799,10.625422,53.0,Yeride,Ilela,150.0,388.08564471517394,0,0,,,,False,False,Accessible,False,37,53.0,1.0,T30,True,5,True,False,Tally-only (no GPS confirmation),0.6981132075471698,0,-0.2521623476541578,0.298,False,Not significant
S01659,Kutsiba,Village,W024,LGA04,7.78635,10.767916,17.0,Kuraba-Kofar,Ilela,150.0,1103.4358618679728,25,1,T24,2026-03-09 07:12:00,2026-03-09 07:36:00,False,True,Accessible,False,13,17.0,1.0,T24,True,5,True,False,Visited (track-confirmed),0.7647058823529411,0,-1.2136530921098103,0.001,True,Cold spot (well-covered cluster)
S01047,Yetide,Hamlet,W014,LGA01,7.518874,11.497556,45.0,Bishama,Idi-Oro,150.0,473.41174413714725,0,0,,,,False,False,Accessible,False,0,,,,False,5,True,False,Plausible miss,0.0,1,0.7093283968014948,0.298,False,Not significant
S01392,Uzjima,Village,W019,LGA04,7.634425,11.025009,56.0,Umzaba-Kofar,Ilela,150.0,1093.212038823747,26,1,T19,2026-03-11 07:28:00,2026-03-11 07:53:00,False,True,Accessible,False,54,56.0,1.0,T19,True,5,True,False,Visited (track-confirmed),0.9642857142857143,0,-1.2136530921098103,0.001,True,Cold spot (well-covered cluster)
S00256,Datsisa,Village,W003,LGA01,7.206036,10.99817,262.0,Satita,Idi-Oro,150.0,1252.9662267305014,6,1,T03,2026-03-12 11:13:00,2026-03-12 11:18:00,False,True,Accessible,False,206,262.0,1.0,T03,True,5,True,False,Visited (track-confirmed),0.7862595419847328,0,1.6708191412571471,0.105,False,Not significant
S00462,Wayoni,Urban block,W006,LGA01,7.260268,11.354922,489.0,Okradu,Idi-Oro,150.0,3325.1747062202485,0,0,,,,False,False,Accessible,False,336,489.0,1.0,T06,True,5,True,False,Tally-only (no GPS confirmation),0.6871165644171779,0,-0.2521623476541578,0.296,False,Not significant
S01482,Saduma,Urban block,W020,LGA01,7.766572,11.133067,307.0,Famade,Idi-Oro,150.0,490.62530126894455,0,0,,,,False,False,Accessible,False,0,,,,False,5,True,False,Plausible miss,0.0,1,2.6323098857128,0.105,False,Not significant
S01032,Ekwawa,Hamlet,W014,LGA01,7.452791,11.476286,47.0,Bishama,Idi-Oro,150.0,1436.2717082563672,32,1,T14,2026-03-10 15:38:00,2026-03-13 09:34:00,False,True,Accessible,False,43,47.0,1.0,T14,True,5,True,False,Visited (track-confirmed),0.9148936170212766,0,0.7093283968014948,0.317,False,Not significant
S00572,Ekwana,Village,W007,LGA01,7.3894,11.279726,213.0,Bayoyi,Idi-Oro,150.0,726.982362554415,0,0,,,,False,False,Accessible,False,0,,,,False,5,True,False,Plausible miss,0.0,1,1.6708191412571471,0.315,False,Not significant
S01169,Salushi,Urban block,W015,LGA01,7.686606,11.263152,391.0,Baluru,Idi-Oro,150.0,445.38991557410105,0,0,,,,False,False,Accessible,False,384,391.0,1.0,T15,True,5,True,False,Tally-only (no GPS confirmation),0.9820971867007673,0,0.7093283968014948,0.318,False,Not significant
S01064,Sanatu,Urban block,W014,LGA01,7.500541,11.513745,387.0,Bishama,Idi-Oro,146.66120161752315,366.65300404380787,0,0,,,,False,False,Accessible,False,371,387.0,1.0,T14,True,5,True,False,Tally-only (no GPS confirmation),0.958656330749354,0,-1.2136530921098103,0.001,True,Cold spot (well-covered cluster)
S00270,Damana,Hamlet,W003,LGA01,7.409874,11.121707,24.0,Satita,Idi-Oro,150.0,1263.452291145855,0,0,,,,False,False,Accessible,False,15,24.0,1.0,T03,True,5,True,False,Tally-only (no GPS confirmation),0.625,0,-0.2521623476541578,0.295,False,Not significant
D00320,Gusawo,Village,W003,LGA01,7.195917,11.024472,168.0,Satita,Idi-Oro,150.0,534.1447912690776,0,0,,,,False,False,Accessible,False,0,,,,False,5,True,False,Plausible miss,0.0,1,1.6708191412571471,0.317,False,Not significant
S01751,Enngoba,Village,W026,LGA03,7.666788,11.410631,22.0,Kungomi,Katsuma,150.0,2132.183554016884,26,1,T26,2026-03-09 17:46:00,2026-03-09 18:11:00,False,True,Accessible,False,17,22.0,1.0,T26,True,5,True,False,Visited (track-confirmed),0.7727272727272727,0,0.7093283968014948,0.317,False,Not significant
S01932,Salawo,Hamlet,W030,LGA04,7.930858,10.598964,18.0,Yeride,Ilela,150.0,1287.1396441583508,0,0,,,,False,False,Accessible,False,0,,,,False,5,True,False,Plausible miss,0.0,1,1.6708191412571471,0.316,False,Not significant
S01255,Bakoko-Gabas,Village,W016,LGA02,7.635615,10.518614,128.0,Uzritu,Gwarin,150.0,990.6774796449849,18,1,T16,2026-03-11 07:30:00,2026-03-11 07:47:00,False,True,Accessible,False,117,128.0,1.0,T16,True,5,True,False,Visited (track-confirmed),0.9140625,0,-1.2136530921098103,0.001,True,Cold spot (well-covered cluster)
S00999,Uzsami-Arewa,Village,W014,LGA01,7.44254,11.490792,215.0,Bishama,Idi-Oro,150.0,519.8803629772676,0,0,,,,False,False,Accessible,False,164,215.0,1.0,T14,True,5,True,False,Tally-only (no GPS confirmation),0.7627906976744186,0,0.7093283968014948,0.316,False,Not significant
S01783,Badeko,Village,W027,LGA03,7.917479,11.461679,35.0,Daberi,Katsuma,114.97256171483903,287.43140428709756,3,1,T27,2026-03-12 09:46:00,2026-03-12 09:48:00,False,True,Accessible,False,36,35.0,1.0,T27,True,5,True,False,Visited (track-confirmed),1.0285714285714285,0,0.7093283968014948,0.316,False,Not significant
S01637,Fatsisa,Hamlet,W024,LGA04,7.777373,10.782198,30.0,Kuraba-Kofar,Ilela,150.0,873.6371568485304,106,1,T24,2026-03-11 12:01:00,2026-03-12 16:22:00,False,True,Accessible,False,31,30.0,1.0,T24,True,5,True,False,Visited (track-confirmed),1.0333333333333334,0,-1.2136530921098103,0.001,True,Cold spot (well-covered cluster)
S01183,Domari,Hamlet,W015,LGA01,7.482806,11.187645,41.0,Baluru,Idi-Oro,150.0,400.1177492232418,0,0,,,,False,False,Accessible,False,0,,,,False,5,True,False,Plausible miss,0.0,1,0.7093283968014948,0.295,False,Not significant
S01326,Biduru,Settlement,W018,LGA02,7.582938,10.63088,31.0,Adwana,Gwarin,150.0,865.510023015272,36,1,T18,2026-03-13 07:17:00,2026-03-13 07:52:00,False,True,Accessible,False,28,31.0,1.0,T18,True,5,True,False,Visited (track-confirmed),0.9032258064516129,0,-1.2136530921098103,0.001,True,Cold spot (well-covered cluster)
S02523,Adkowa-Gabas,Village,W040,LGA04,8.290204,11.192941,41.0,Gujiri,Ilela,150.0,632.2446319886247,4,1,T08,2026-03-10 08:15:00,2026-03-10 08:18:00,False,True,Accessible,False,43,41.0,1.0,T08,True,5,True,False,Visited (track-confirmed),1.048780487804878,0,-1.2136530921098103,0.001,True,Cold spot (well-covered cluster)
S00249,Manadu,Hamlet,W003,LGA01,7.443855,11.009757,75.0,Satita,Idi-Oro,150.0,671.5865486802276,0,0,,,,False,False,Accessible,False,75,75.0,1.0,T03,True,5,True,False,Tally-only (no GPS confirmation),1.0,0,-0.2521623476541578,0.294,False,Not significant
S01808,Oljita,Hamlet,W028,LGA04,7.98275,10.81445,14.0,Wangoja,Ilela,75.20313578218082,188.00783945545206,3,1,T28,2026-03-09 13:26:00,2026-03-09 13:28:00,True,True,Accessible,False,10,14.0,1.0,T28,True,5,True,False,Visited (track-confirmed),0.7142857142857143,0,-0.2521623476541578,0.294,False,Not significant
S02087,Agbami,Village,W032,LGA04,8.069402,10.867176,64.0,Bisani-Gabas,Ilela,150.0,617.1370632263365,34,1,T32,2026-03-09 11:23:00,2026-03-09 11:56:00,False,True,Accessible,False,67,64.0,1.0,T32,True,5,True,False,Visited (track-confirmed),1.046875,0,-0.2521623476541578,0.294,False,Not significant
S00004,Dosari,Village,W001,LGA01,7.161071,11.093949,96.0,Ekngoyi,Idi-Oro,97.6308643506506,244.0771608766265,0,0,,,,False,False,Accessible,False,0,,,,False,5,True,False,Plausible miss,0.0,1,2.6323098857128,0.102,False,Not significant
S01399,Umshashi,Hamlet,W019,LGA04,7.567471,11.025128,15.0,Umzaba-Kofar,Ilela,150.0,1405.6562201402394,0,0,,,,False,False,Accessible,False,10,15.0,1.0,T19,True,5,True,False,Tally-only (no GPS confirmation),0.6666666666666666,0,0.7093283968014948,0.315,False,Not significant
S00930,Enngoni-Yamma,Village,W012,LGA02,7.330937,10.547169,31.0,Darari,Gwarin,150.0,1510.0434045703855,24,1,T12,2026-03-13 07:36:00,2026-03-13 07:59:00,False,True,Accessible,False,18,31.0,1.0,T12,True,5,True,False,Visited (track-confirmed),0.5806451612903226,0,-0.2521623476541578,0.294,False,Not significant
S00585,Agbasa-Sabo,Urban block,W007,LGA01,7.372134,11.25073,266.0,Bayoyi,Idi-Oro,150.0,484.0472866757712,0,0,,,,False,False,Accessible,False,0,,,,False,5,True,False,Plausible miss,0.0,1,1.6708191412571471,0.314,False,Not significant
S01095,Uztija,Hamlet,W015,LGA01,7.499357,11.223715,60.0,Baluru,Idi-Oro,150.0,396.16800837799855,0,0,,,,False,False,Accessible,False,50,60.0,1.0,T15,True,5,True,False,Tally-only (no GPS confirmation),0.8333333333333334,0,-1.2136530921098103,0.001,True,Cold spot (well-covered cluster)
S01132,Lojiwo,Settlement,W015,LGA01,7.655335,11.323681,76.0,Baluru,Idi-Oro,150.0,2189.7545174989427,0,0,,,,False,False,Accessible,False,56,76.0,1.0,T15,True,5,True,False,Tally-only (no GPS confirmation),0.7368421052631579,0,-0.2521623476541578,0.294,False,Not significant
S00391,Danani,Settlement,W005,LGA02,7.254353,10.782416,50.0,Jijile,Gwarin,150.0,2050.9457750835204,0,0,,,,False,False,Accessible,False,40,50.0,1.0,T05,True,5,True,False,Tally-only (no GPS confirmation),0.8,0,-1.2136530921098103,0.001,True,Cold spot (well-covered cluster)
S00251,Susama,Urban block,W003,LGA01,7.395988,11.100397,165.0,Satita,Idi-Oro,150.0,1540.2780478924678,0,0,,,,False,False,Accessible,False,138,165.0,1.0,T03,True,5,True,False,Tally-only (no GPS confirmation),0.8363636363636363,0,-0.2521623476541578,0.294,False,Not significant
S01441,Lolako,Village,W020,LGA01,7.711207,11.149805,167.0,Famade,Idi-Oro,150.0,423.5486545432412,4,1,T20,2026-03-11 11:19:00,2026-03-11 11:50:00,False,True,Accessible,False,166,167.0,1.0,T20,True,5,True,False,Visited (track-confirmed),0.9940119760479041,0,-1.2136530921098103,0.001,True,Cold spot (well-covered cluster)
S01815,Jiwashi,Settlement,W028,LGA04,7.887904,10.875342,65.0,Wangoja,Ilela,150.0,754.668457599762,0,0,,,,False,False,Accessible,False,41,65.0,1.0,T28,True,5,True,False,Tally-only (no GPS confirmation),0.6307692307692307,0,-0.2521623476541578,0.294,False,Not significant
S00710,Ekluyi-Kofar,Village,W008,LGA01,7.357978,10.89852,45.0,Umyosa,Idi-Oro,150.0,804.0853480472248,0,0,,,,False,False,Accessible,False,31,45.0,1.0,T08,True,5,True,False,Tally-only (no GPS confirmation),0.6888888888888889,0,0.7093283968014948,0.315,False,Not significant
S00709,Kayomi,Hamlet,W008,LGA01,7.405195,10.957698,25.0,Umyosa,Idi-Oro,150.0,752.2405634681893,0,0,,,,False,False,Accessible,False,22,25.0,1.0,T08,True,5,True,False,Tally-only (no GPS confirmation),0.88,0,1.6708191412571471,0.102,False,Not significant
S00031,Wamako,Urban block,W001,LGA01,7.037446,10.955953,301.0,Ekngoyi,Idi-Oro,119.44523003127418,298.61307507818543,0,0,,,,False,False,Accessible,False,178,301.0,1.0,T01,True,5,True,False,Tally-only (no GPS confirmation),0.5913621262458472,0,0.7093283968014948,0.315,False,Not significant
S01461,Zabetu-Gabas,Hamlet,W020,LGA01,7.743766,11.142318,18.0,Famade,Idi-Oro,150.0,741.1406837402649,13,1,T20,2026-03-10 18:18:00,2026-03-10 18:30:00,False,True,Accessible,False,13,18.0,1.0,T20,True,5,True,False,Visited (track-confirmed),0.7222222222222222,0,0.7093283968014948,0.315,False,Not significant
S00037,Adtsitu,Village,W001,LGA01,7.060373,10.991454,300.0,Ekngoyi,Idi-Oro,150.0,666.5887715044609,0,0,,,,False,False,Accessible,False,255,300.0,1.0,T01,True,5,True,False,Tally-only (no GPS confirmation),0.85,0,1.6708191412571471,0.102,False,Not significant
S01479,Risani-Gabas,Urban block,W020,LGA01,7.612015,11.080194,458.0,Famade,Idi-Oro,150.0,1087.1106655494693,7,2,"T03,T20",2026-03-09 09:49:00,2026-03-13 16:42:00,False,True,Accessible,False,458,458.0,1.0,T20,True,5,True,False,Visited (track-confirmed),1.0,0,-1.2136530921098103,0.001,True,Cold spot (well-covered cluster)
S01672,Oklafa,Village,W025,LGA04,7.789596,11.119154,115.0,Okriba,Ilela,86.24283694750625,215.6070923687656,107,2,"T01,T25",2026-03-10 15:09:00,2026-03-12 13:39:00,True,True,Accessible,False,0,,,,False,5,True,False,Visited (track-confirmed),0.0,0,-1.2136530921098103,0.001,True,Cold spot (well-covered cluster)
S00470,Enzawo,Urban block,W006,LGA01,7.242573,11.250963,259.0,Okradu,Idi-Oro,150.0,693.6989608573592,0,0,,,,False,False,Accessible,False,0,,,,False,5,True,False,Plausible miss,0.0,1,2.6323098857128,0.101,False,Not significant
S00907,Jibari,Village,W011,LGA02,7.73577,10.405734,39.0,Enyoko-Kofar,Gwarin,150.0,1076.8311408212933,27,1,T11,2026-03-09 12:16:00,2026-03-09 12:42:00,False,True,Accessible,False,39,39.0,1.0,T11,True,5,True,False,Visited (track-confirmed),1.0,0,-0.2521623476541578,0.296,False,Not significant
S00978,Mangoko,Village,W013,LGA02,7.493766,10.651456,25.0,Sashako,Gwarin,150.0,1028.0710160876902,0,0,,,,False,False,Accessible,False,0,,,,False,5,True,False,Plausible miss,0.0,1,0.7093283968014948,0.297,False,Not significant
S02152,Yezawa-Gabas,Urban block,W033,LGA03,8.000888,11.183919,512.0,Tasayi,Katsuma,150.0,772.3915811488575,0,0,,,,False,False,Accessible,False,483,512.0,1.0,T01,True,5,True,False,Tally-only (no GPS confirmation),0.943359375,0,1.6708191412571471,0.101,False,Not significant
S01968,Nukona,Hamlet,W030,LGA04,8.016917,10.642766,11.0,Yeride,Ilela,150.0,4298.533724305869,0,0,,,,False,False,Accessible,False,8,11.0,1.0,T30,True,5,True,False,Tally-only (no GPS confirmation),0.7272727272727273,0,-1.2136530921098103,0.001,True,Cold spot (well-covered cluster)
S00160,Dasatu-Tsakiya,Village,W002,LGA01,7.126375,10.799967,76.0,Ekduru,Idi-Oro,150.0,525.6256405931127,0,0,,,,False,False,Accessible,False,67,76.0,1.0,T02,True,5,True,False,Tally-only (no GPS confirmation),0.881578947368421,0,-0.2521623476541578,0.294,False,Not significant
S01600,Dashami,Hamlet,W023,LGA03,7.827318,11.260695,6.0,Suwade,Katsuma,141.1025915130342,352.75647878258553,0,0,,,,False,False,Accessible,False,0,,,,False,5,True,False,Plausible miss,0.0,1,2.6323098857128,0.1,False,Not significant
S01827,Jimale,Settlement,W028,LGA04,7.7054650513675,10.855649,65.0,Wangoja,Ilela,92.45008668297916,231.1252167074479,0,0,,,,False,False,Accessible,False,64,65.0,1.0,T28,True,5,True,False,Tally-only (no GPS confirmation),0.9846153846153847,0,-1.2136530921098103,0.001,True,Cold spot (well-covered cluster)
S01171,Ummade,Hamlet,W015,LGA01,7.694541,11.300321,21.0,Baluru,Idi-Oro,150.0,521.3858517921709,0,0,,,,False,False,Accessible,False,19,21.0,1.0,T15,True,5,True,False,Tally-only (no GPS confirmation),0.9047619047619048,0,0.7093283968014948,0.32,False,Not significant
S00390,Agsasa,Village,W005,LGA02,7.387564,10.751497,30.0,Jijile,Gwarin,150.0,1993.9531822637214,0,0,,,,False,False,Accessible,False,18,30.0,1.0,T05,True,5,True,False,Tally-only (no GPS confirmation),0.6,0,-1.2136530921098103,0.001,True,Cold spot (well-covered cluster)
S02116,Adshami,Hamlet,W033,LGA03,7.976286,11.178227,21.0,Tasayi,Katsuma,150.0,464.3466056518055,0,0,,,,False,False,Accessible,False,14,21.0,1.0,T01,True,5,True,False,Tally-only (no GPS confirmation),0.6666666666666666,0,1.6708191412571471,0.101,False,Not significant
S00613,Dazaja,Hamlet,W007,LGA01,7.300712,11.286218,26.0,Bayoyi,Idi-Oro,150.0,1661.835300529155,0,0,,,,False,False,Accessible,False,0,,,,False,5,True,False,Plausible miss,0.0,1,1.6708191412571471,0.32,False,Not significant
S01334,Tariba,Village,W018,LGA02,7.551169,10.747542,20.0,Adwana,Gwarin,150.0,3269.427288570385,20,1,T18,2026-03-12 13:39:00,2026-03-12 13:58:00,False,True,Accessible,False,21,20.0,1.0,T18,True,5,True,False,Visited (track-confirmed),1.05,0,1.6708191412571471,0.1,False,Not significant
S00818,Agshari,Village,W009,LGA02,7.547805,10.943579,25.0,Washatu,Gwarin,150.0,1620.5602346360035,20,1,T09,2026-03-11 10:16:00,2026-03-11 10:35:00,False,True,Accessible,False,18,25.0,1.0,T09,True,5,True,False,Visited (track-confirmed),0.72,0,0.7093283968014948,0.321,False,Not significant
S00813,Uzshaja-Arewa,Village,W009,LGA02,7.5898,10.935683,61.0,Washatu,Gwarin,150.0,1741.1112925744949,32,1,T09,2026-03-12 17:59:00,2026-03-12 18:30:00,False,True,Accessible,False,55,61.0,1.0,T09,True,5,True,False,Visited (track-confirmed),0.9016393442622951,0,2.6323098857128,0.019,False,Not significant
S00829,Kutsiwo,Settlement,W010,LGA02,7.437029,10.845626,39.0,Fazafa,Gwarin,150.0,1142.8414310405158,35,1,T10,2026-03-11 09:24:00,2026-03-11 09:58:00,False,True,Accessible,False,24,39.0,1.0,T10,True,5,True,False,Visited (track-confirmed),0.6153846153846154,0,-0.2521623476541578,0.294,False,Not significant
S01376,Yewaba,Village,W019,LGA04,7.726014,10.849493,36.0,Umzaba-Kofar,Ilela,150.0,1787.4021935160767,20,1,T19,2026-03-12 11:45:00,2026-03-12 12:04:00,False,True,Accessible,False,22,36.0,1.0,T19,True,5,True,False,Visited (track-confirmed),0.6111111111111112,0,-1.2136530921098103,0.001,True,Cold spot (well-covered cluster)
S02071,Kawako,Village,W032,LGA04,8.093868,10.916696,65.0,Bisani-Gabas,Ilela,150.0,513.4179032394654,22,1,T32,2026-03-10 10:55:00,2026-03-10 11:16:00,False,True,Accessible,False,40,65.0,1.0,T32,True,5,True,False,Visited (track-confirmed),0.6153846153846154,0,-1.2136530921098103,0.001,True,Cold spot (well-covered cluster)
S00830,Tazari,Village,W010,LGA02,7.429312,10.776243,93.0,Fazafa,Gwarin,63.78075356810865,159.45188392027163,33,1,T10,2026-03-13 10:28:00,2026-03-13 11:00:00,False,True,Accessible,False,65,93.0,1.0,T10,True,5,True,False,Visited (track-confirmed),0.6989247311827957,0,-1.2136530921098103,0.001,True,Cold spot (well-covered cluster)
S01136,Suzade-Tudun,Village,W015,LGA01,7.49998,11.22923,263.0,Baluru,Idi-Oro,96.58740172494788,241.4685043123697,3,1,T06,2026-03-09 16:46:00,2026-03-09 16:48:00,False,True,Accessible,False,175,263.0,1.0,T15,True,5,True,False,Visited (track-confirmed),0.6653992395437263,0,-1.2136530921098103,0.001,True,Cold spot (well-covered cluster)
S01477,Hamako-Kofar,Village,W020,LGA01,7.730583,11.149755,74.0,Famade,Idi-Oro,50.141432392622434,125.35358098155608,0,0,,,,False,False,Accessible,False,58,74.0,1.0,T20,True,5,True,False,Tally-only (no GPS confirmation),0.7837837837837838,0,-0.2521623476541578,0.294,False,Not significant
S01975,Jirana,Hamlet,W030,LGA04,8.110217,10.646204,32.0,Yeride,Ilela,150.0,4332.041205996823,22,1,T30,2026-03-10 07:30:00,2026-03-10 07:51:00,False,True,Accessible,False,33,32.0,1.0,T30,True,5,True,False,Visited (track-confirmed),1.03125,0,-1.2136530921098103,0.001,True,Cold spot (well-covered cluster)
S00009,Uzrita,Hamlet,W001,LGA01,7.146177,11.171176,58.0,Ekngoyi,Idi-Oro,150.0,1144.076826159873,0,0,,,,False,False,Accessible,False,0,,,,False,5,True,False,Plausible miss,0.0,1,0.7093283968014948,0.295,False,Not significant
S00321,Bakota-Yamma,Village,W003,LGA01,7.23939,11.121376,109.0,Satita,Idi-Oro,150.0,1263.241005005305,32,1,T03,2026-03-13 07:23:00,2026-03-13 07:54:00,False,True,Accessible,False,106,109.0,1.0,T03,True,5,True,False,Visited (track-confirmed),0.9724770642201835,0,-1.2136530921098103,0.001,True,Cold spot (well-covered cluster)
S00190,Ekshayi,Village,W002,LGA01,7.111141,10.731173,151.0,Ekduru,Idi-Oro,150.0,396.6151526108834,0,0,,,,False,False,Accessible,False,0,,,,False,5,True,False,Plausible miss,0.0,1,0.7093283968014948,0.293,False,Not significant
D02192,Gunari,Settlement,W034,LGA03,8.111557,11.191186,12.0,Dodeta,Katsuma,110.78246250204023,276.95615625510055,0,0,,,,False,False,Accessible,False,0,,,,False,5,True,False,Plausible miss,0.0,1,1.6708191412571471,0.318,False,Not significant
S00644,Dayode,Settlement,W007,LGA01,7.428058,11.198341,88.0,Bayoyi,Idi-Oro,113.40221940676459,283.50554851691146,6,1,T07,2026-03-11 14:16:00,2026-03-12 08:41:00,True,True,Accessible,False,88,88.0,1.0,T07,True,5,True,False,Visited (track-confirmed),1.0,0,-0.2521623476541578,0.293,False,Not significant
S00701,Fajile,Village,W008,LGA01,7.419953,10.942019,236.0,Umyosa,Idi-Oro,150.0,384.73163248974413,0,0,,,,False,False,Accessible,False,237,236.0,1.0,T08,True,5,True,False,Tally-only (no GPS confirmation),1.0042372881355932,0,-0.2521623476541578,0.293,False,Not significant
S01471,Sazami-Yamma,Hamlet,W020,LGA01,7.733613,11.124923,35.0,Famade,Idi-Oro,150.0,540.622216905744,0,0,,,,False,False,Accessible,False,0,,,,False,5,True,False,Plausible miss,0.0,1,-0.2521623476541578,0.001,True,Cold spot (well-covered cluster)
S01610,Marari,Village,W023,LGA03,7.803446,11.214932,39.0,Suwade,Katsuma,150.0,2327.5363791537848,0,0,,,,False,False,Accessible,False,36,39.0,1.0,T23,True,5,True,False,Tally-only (no GPS confirmation),0.9230769230769231,0,1.6708191412571471,0.1,False,Not significant
S01547,Ibbayi,Village,W021,LGA02,7.877436,10.53469,30.0,Yezata,Gwarin,150.0,1029.960646019076,26,1,T21,2026-03-12 08:48:00,2026-03-12 09:13:00,False,True,Accessible,False,29,30.0,1.0,T21,True,5,True,False,Visited (track-confirmed),0.9666666666666667,0,0.7093283968014948,0.318,False,Not significant
S00095,Kashako,Hamlet,W001,LGA01,7.02251,11.009713,30.0,Ekngoyi,Idi-Oro,150.0,891.9991146068787,0,0,,,,False,False,Accessible,False,0,,,,False,5,True,False,Plausible miss,0.0,1,0.7093283968014948,0.294,False,Not significant
S01875,Kazaba,Village,W029,LGA04,7.878863,10.963283,47.0,Wangoni,Ilela,150.0,2007.6977002329613,24,1,T29,2026-03-09 16:12:00,2026-03-09 16:35:00,False,True,Accessible,False,46,47.0,1.0,T29,True,5,True,False,Visited (track-confirmed),0.9787234042553191,0,-0.2521623476541578,0.294,False,Not significant
S00154,Datsiwo,Village,W002,LGA01,7.034733,10.904278,64.0,Ekduru,Idi-Oro,150.0,1553.223728769202,0,0,,,,False,False,Accessible,False,45,64.0,1.0,T02,True,5,True,False,Tally-only (no GPS confirmation),0.703125,0,-0.2521623476541578,0.294,False,Not significant
S01289,Umdudu-Sabo,Hamlet,W017,LGA03,7.531806,11.397696,12.0,Bazasa,Katsuma,75.82200889605517,189.5550222401379,5,1,T17,2026-03-11 09:13:00,2026-03-13 08:10:00,False,True,Accessible,False,9,12.0,1.0,T17,True,5,True,False,Visited (track-confirmed),0.75,0,-1.2136530921098103,0.001,True,Cold spot (well-covered cluster)
S01651,Umngona,Village,W024,LGA04,7.772529,10.805201,64.0,Kuraba-Kofar,Ilela,150.0,1868.763737160446,21,1,T24,2026-03-12 07:39:00,2026-03-12 07:59:00,False,True,Accessible,False,48,64.0,1.0,T24,True,5,True,False,Visited (track-confirmed),0.75,0,-0.2521623476541578,0.294,False,Not significant
D01839,Gutsile,Village,W028,LGA04,7.883779,10.864316,50.0,Wangoja,Ilela,116.8327499298228,292.08187482455696,0,0,,,,False,False,Accessible,False,0,,,,False,5,True,False,Plausible miss,0.0,1,-0.2521623476541578,0.001,True,Cold spot (well-covered cluster)
S00937,Umsale,Village,W012,LGA02,7.316596,10.526595,115.0,Darari,Gwarin,150.0,886.453255390693,20,1,T12,2026-03-09 08:23:00,2026-03-09 08:42:00,False,True,Accessible,False,115,115.0,1.0,T12,True,5,True,False,Visited (track-confirmed),1.0,0,-0.2521623476541578,0.291,False,Not significant
S01343,Enyoko,Village,W018,LGA02,7.604417,10.628684,82.0,Adwana,Gwarin,150.0,930.9707518780843,39,1,T18,2026-03-11 09:20:00,2026-03-13 15:53:00,False,True,Accessible,False,86,82.0,1.0,T18,True,5,True,False,Visited (track-confirmed),1.048780487804878,0,-1.2136530921098103,0.001,True,Cold spot (well-covered cluster)
S00314,Suyoko,Village,W003,LGA01,7.259548,11.12708,78.0,Satita,Idi-Oro,150.0,629.8332691193554,0,0,,,,False,False,Accessible,False,79,78.0,1.0,T03,True,5,True,False,Tally-only (no GPS confirmation),1.0128205128205128,0,-1.2136530921098103,0.001,True,Cold spot (well-covered cluster)
S00046,Kasama-Tudun,Settlement,W001,LGA01,7.05559,11.09671,31.0,Ekngoyi,Idi-Oro,150.0,1009.7895928614103,36,1,T01,2026-03-11 07:31:00,2026-03-11 08:06:00,False,True,Accessible,False,22,31.0,1.0,T01,True,5,True,False,Visited (track-confirmed),0.7096774193548387,0,1.6708191412571471,0.098,False,Not significant
S01691,Uzshatu,Village,W025,LGA04,7.792168,11.114629,60.0,Okriba,Ilela,150.0,558.5760089278549,90,1,T25,2026-03-09 08:06:00,2026-03-11 16:12:00,False,True,Accessible,False,0,,,,False,5,True,False,Visited (track-confirmed),0.0,0,-1.2136530921098103,0.001,True,Cold spot (well-covered cluster)
S02422,Ibjifa,Urban block,W038,LGA03,8.329334,11.449854,102.0,Sashasa,Katsuma,150.0,1608.3709860075323,0,0,,,,False,False,Accessible,False,98,102.0,1.0,T06,True,5,True,False,Tally-only (no GPS confirmation),0.9607843137254902,0,-1.2136530921098103,0.001,True,Cold spot (well-covered cluster)
S01851,Saduwo-Tsakiya,Settlement,W029,LGA04,8.010251,11.083194,44.0,Wangoni,Ilela,150.0,2342.2041599342087,5,1,T08,2026-03-12 15:57:00,2026-03-12 16:02:00,False,True,Accessible,False,31,44.0,1.0,T29,True,5,True,False,Visited (track-confirmed),0.7045454545454546,0,-1.2136530921098103,0.001,True,Cold spot (well-covered cluster)
S01233,Birafa,Village,W016,LGA02,7.655441,10.481361,102.0,Uzritu,Gwarin,146.43057452217948,366.0764363054487,9,1,T16,2026-03-10 13:16:00,2026-03-10 14:23:00,False,True,Accessible,False,0,,,,False,5,True,False,Visited (track-confirmed),0.0,0,-1.2136530921098103,0.001,True,Cold spot (well-covered cluster)
S00379,Suzawo,Settlement,W005,LGA02,7.423321,10.736466,36.0,Jijile,Gwarin,150.0,2012.5385206765952,0,0,,,,False,False,Accessible,False,28,36.0,1.0,T05,True,5,True,False,Tally-only (no GPS confirmation),0.7777777777777778,0,-0.2521623476541578,0.291,False,Not significant
S00503,Nudeja,Settlement,W006,LGA01,7.212859,11.261414,74.0,Okradu,Idi-Oro,150.0,1216.5594960253259,0,0,,,,False,False,Accessible,False,62,74.0,1.0,T06,True,5,True,False,Tally-only (no GPS confirmation),0.8378378378378378,0,0.7093283968014948,0.319,False,Not significant
S02433,Warifa-Sabo,Village,W039,LGA04,8.309299,10.930682,35.0,Nungoni-Arewa,Ilela,150.0,752.9725679620208,0,0,,,,False,False,Accessible,False,23,35.0,1.0,T07,True,5,True,True,Tally-only (no GPS confirmation),0.6571428571428571,0,-1.2136530921098103,0.001,True,Cold spot (well-covered cluster)
S01280,Uztide,Village,W017,LGA03,7.525886,11.395172,133.0,Bazasa,Katsuma,136.28732360007876,340.7183090001969,7,1,T17,2026-03-11 08:22:00,2026-03-13 07:40:00,False,True,Accessible,False,0,,,,False,5,True,False,Visited (track-confirmed),0.0,0,-1.2136530921098103,0.001,True,Cold spot (well-covered cluster)
S01531,Wasale,Village,W021,LGA02,7.86,10.597298,124.0,Yezata,Gwarin,150.0,2921.3996992530037,0,0,,,,False,False,Accessible,False,131,124.0,1.0,T21,True,5,True,False,Tally-only (no GPS confirmation),1.0564516129032258,0,0.7093283968014948,0.319,False,Not significant
S00760,Olluri,Village,W008,LGA01,7.432979,10.962736,131.0,Umyosa,Idi-Oro,150.0,383.83598088193753,0,0,,,,False,False,Accessible,False,127,131.0,1.0,T08,True,5,True,False,Tally-only (no GPS confirmation),0.9694656488549618,0,-1.2136530921098103,0.001,True,Cold spot (well-covered cluster)
S01384,Bidudu,Urban block,W019,LGA04,7.594472,11.017414,129.0,Umzaba-Kofar,Ilela,142.57510279372903,356.43775698432256,0,0,,,,False,False,Accessible,False,82,129.0,1.0,T19,True,5,True,False,Tally-only (no GPS confirmation),0.6356589147286822,0,-1.2136530921098103,0.001,True,Cold spot (well-covered cluster)
S01892,Gubewo,Village,W029,LGA04,7.962355,10.957669,49.0,Wangoni,Ilela,150.0,1016.6897175848675,0,0,,,,False,False,Accessible,False,36,49.0,1.0,T29,True,5,True,False,Tally-only (no GPS confirmation),0.7346938775510204,0,-1.2136530921098103,0.001,True,Cold spot (well-covered cluster)
S01001,Ibtini-Kofar,Settlement,W014,LGA01,7.54371,11.569928,24.0,Bishama,Idi-Oro,150.0,574.06019303462,0,0,,,,False,False,Accessible,False,0,,,,False,5,True,False,Plausible miss,0.0,1,1.6708191412571471,0.318,False,Not significant
S01957,Jingosa,Urban block,W030,LGA04,7.9499,10.626289,322.0,Yeride,Ilela,150.0,2038.333175832916,25,1,T30,2026-03-09 11:10:00,2026-03-10 18:12:00,False,True,Accessible,False,277,322.0,1.0,T30,True,5,True,False,Visited (track-confirmed),0.860248447204969,0,0.7093283968014948,0.319,False,Not significant
S01794,Yetsiri,Village,W028,LGA04,7.895229,10.866714,45.0,Wangoja,Ilela,150.0,524.9702400708824,3,1,T28,2026-03-09 09:36:00,2026-03-09 09:38:00,False,True,Accessible,False,31,45.0,1.0,T28,True,5,True,False,Visited (track-confirmed),0.6888888888888889,0,-0.2521623476541578,0.289,False,Not significant
S00393,Farawa-Kofar,Settlement,W005,LGA02,7.316138,10.753561,10.0,Jijile,Gwarin,150.0,913.8722760430503,30,1,T05,2026-03-13 07:28:00,2026-03-13 07:57:00,False,True,Accessible,False,6,10.0,1.0,T05,True,5,True,False,Visited (track-confirmed),0.6,0,0.7093283968014948,0.319,False,Not significant
S01107,Wangofa,Settlement,W015,LGA01,7.516744,11.189835,176.0,Baluru,Idi-Oro,132.39759876944507,330.99399692361266,1,1,T15,2026-03-10 15:44:00,2026-03-10 15:44:00,False,True,Accessible,False,137,176.0,1.0,T15,True,5,True,False,Visited (track-confirmed),0.7784090909090909,0,-1.2136530921098103,0.001,True,Cold spot (well-covered cluster)
S01622,Gubasa,Village,W023,LGA03,7.821171,11.283114,78.0,Suwade,Katsuma,150.0,1957.7185208883725,0,0,,,,False,False,Accessible,False,0,,,,False,5,True,False,Plausible miss,0.0,1,3.5938006301684524,0.02,False,Not significant
S01910,Rilama,Urban block,W029,LGA04,7.96314,11.090351,177.0,Wangoni,Ilela,150.0,559.1364319422579,5,1,T29,2026-03-10 14:57:00,2026-03-10 15:01:00,False,True,Accessible,False,185,177.0,1.0,T29,True,5,True,False,Visited (track-confirmed),1.0451977401129944,0,-1.2136530921098103,0.001,True,Cold spot (well-covered cluster)
S01683,Doduba,Urban block,W025,LGA04,7.840818,11.073782,161.0,Okriba,Ilela,150.0,1992.2525611856636,33,1,T25,2026-03-09 11:50:00,2026-03-09 12:22:00,False,True,Accessible,False,0,,,,False,5,True,False,Visited (track-confirmed),0.0,0,-0.2521623476541578,0.288,False,Not significant
S02350,Dazari,Settlement,W037,LGA03,8.201757,11.515577,21.0,Longoma,Katsuma,150.0,655.2961754014235,0,0,,,,False,False,Accessible,False,20,21.0,1.0,T05,True,5,True,False,Tally-only (no GPS confirmation),0.9523809523809523,0,-1.2136530921098103,0.001,True,Cold spot (well-covered cluster)
S01449,Jiwako,Village,W020,LGA01,7.635391,11.195146,163.0,Famade,Idi-Oro,150.0,3727.092968165122,34,1,T20,2026-03-10 14:11:00,2026-03-10 14:47:00,False,True,Accessible,False,157,163.0,1.0,T20,True,5,True,False,Visited (track-confirmed),0.9631901840490797,0,2.6323098857128,0.02,False,Not significant
S00143,Lowade,Hamlet,W002,LGA01,7.026992,10.91861,26.0,Ekduru,Idi-Oro,111.6865413881772,279.216353470443,0,0,,,,False,False,Accessible,False,15,26.0,1.0,T02,True,5,True,False,Tally-only (no GPS confirmation),0.5769230769230769,0,0.7093283968014948,0.322,False,Not significant
S01519,Zasale,Village,W021,LGA02,7.749566,10.609694,69.0,Yezata,Gwarin,150.0,3456.918061795804,20,1,T21,2026-03-09 08:37:00,2026-03-09 08:56:00,False,True,Accessible,False,62,69.0,1.0,T21,True,5,True,False,Visited (track-confirmed),0.8985507246376812,0,1.6708191412571471,0.098,False,Not significant
S00747,Sutsiwo-Kudu,Hamlet,W008,LGA01,7.388858,10.928733,56.0,Umyosa,Idi-Oro,150.0,465.21844772848294,0,0,,,,False,False,Accessible,False,0,,,,False,5,True,False,Plausible miss,0.0,1,1.6708191412571471,0.319,False,Not significant
S02145,Enshaja,Village,W033,LGA03,7.974749,11.182142,78.0,Tasayi,Katsuma,150.0,464.3466056518055,0,0,,,,False,False,Accessible,False,0,,,,False,5,True,False,Plausible miss,0.0,1,1.6708191412571471,0.319,False,Not significant
S01648,Kamaru,Village,W024,LGA04,7.800547,10.681927,89.0,Kuraba-Kofar,Ilela,150.0,1103.9412734008818,31,1,T24,2026-03-09 17:36:00,2026-03-09 18:09:00,False,True,Accessible,False,65,89.0,1.0,T24,True,5,True,False,Visited (track-confirmed),0.7303370786516854,0,0.7093283968014948,0.32,False,Not significant
S02306,Ekwasa,Village,W036,LGA04,8.100279,10.688251,67.0,Mawako,Ilela,150.0,583.3569242199927,0,0,,,,False,False,Accessible,False,67,67.0,1.0,T04,True,5,True,False,Tally-only (no GPS confirmation),1.0,0,-1.2136530921098103,0.001,True,Cold spot (well-covered cluster)
S00544,Warita-Tsakiya,Village,W007,LGA01,7.377235,11.15062,105.0,Bayoyi,Idi-Oro,150.0,772.6794313143178,0,0,,,,False,False,Accessible,False,85,105.0,1.0,T07,True,5,True,False,Tally-only (no GPS confirmation),0.8095238095238095,0,0.7093283968014948,0.32,False,Not significant
S02010,Nuluri,Village,W031,LGA03,7.986118,11.359902,30.0,Satide,Katsuma,150.0,1889.769232974788,0,0,,,,False,False,Accessible,False,18,30.0,1.0,T31,True,5,True,False,Tally-only (no GPS confirmation),0.6,0,-1.2136530921098103,0.001,True,Cold spot (well-covered cluster)
S01643,Yengori,Village,W024,LGA04,7.788318,10.824884,113.0,Kuraba-Kofar,Ilela,150.0,2778.238402608373,0,0,,,,False,False,Accessible,False,0,,,,False,5,True,False,Plausible miss,0.0,1,-0.2521623476541578,0.001,True,Cold spot (well-covered cluster)
S01934,Karata,Settlement,W030,LGA04,7.91064,10.581029,49.0,Yeride,Ilela,150.0,1503.9828446195802,0,0,,,,False,False,Accessible,False,48,49.0,1.0,T30,True,5,True,False,Tally-only (no GPS confirmation),0.9795918367346939,0,-0.2521623476541578,0.292,False,Not significant
S01125,Kutiru,Village,W015,LGA01,7.552834,11.356305,112.0,Baluru,Idi-Oro,150.0,1792.5483554964055,0,0,,,,False,False,Accessible,False,77,112.0,1.0,T15,True,5,True,False,Tally-only (no GPS confirmation),0.6875,0,1.6708191412571471,0.098,False,Not significant
S01731,Kurama,Village,W026,LGA03,7.732093,11.379446,40.0,Kungomi,Katsuma,150.0,616.6763743692821,29,1,T26,2026-03-12 11:18:00,2026-03-12 11:46:00,False,True,Accessible,False,28,40.0,1.0,T26,True,5,True,False,Visited (track-confirmed),0.7,0,-0.2521623476541578,0.292,False,Not significant
S00167,Umluwo,Village,W002,LGA01,7.21536,10.802698,137.0,Ekduru,Idi-Oro,150.0,521.9122147126908,4,1,T02,2026-03-10 10:07:00,2026-03-10 10:10:00,False,True,Accessible,False,110,137.0,1.0,T02,True,5,True,False,Visited (track-confirmed),0.8029197080291971,0,-0.2521623476541578,0.292,False,Not significant
S00633,Ennawa,Village,W007,LGA01,7.345336,11.265597,39.0,Bayoyi,Idi-Oro,150.0,1187.9640096014484,6,1,T07,2026-03-09 11:37:00,2026-03-09 11:42:00,False,True,Accessible,False,36,39.0,1.0,T07,True,5,True,False,Visited (track-confirmed),0.9230769230769231,0,-0.2521623476541578,0.292,False,Not significant
S02392,Olsadu,Village,W038,LGA03,8.278418,11.40136,35.0,Sashasa,Katsuma,150.0,2007.2344181299125,0,0,,,,False,False,Accessible,False,35,35.0,1.0,T06,True,5,True,False,Tally-only (no GPS confirmation),1.0,0,0.7093283968014948,0.322,False,Not significant
S01974,Kaluba,Urban block,W030,LGA04,8.053136,10.573198,449.0,Yeride,Ilela,150.0,1156.149633601131,0,0,,,,False,False,Accessible,False,281,449.0,1.0,T30,True,5,True,False,Tally-only (no GPS confirmation),0.6258351893095768,0,-0.2521623476541578,0.292,False,Not significant
S02078,Adzaja,Village,W032,LGA04,8.086299,10.909424,96.0,Bisani-Gabas,Ilela,150.0,543.5454737513587,26,1,T32,2026-03-12 10:59:00,2026-03-13 11:41:00,False,True,Accessible,False,80,96.0,1.0,T32,True,5,True,False,Visited (track-confirmed),0.8333333333333334,0,-1.2136530921098103,0.001,True,Cold spot (well-covered cluster)
S00780,Oltsini,Urban block,W008,LGA01,7.443641,10.948738,349.0,Umyosa,Idi-Oro,121.52544684760932,303.81361711902326,30,1,T08,2026-03-13 07:16:00,2026-03-13 07:45:00,False,True,Accessible,False,297,349.0,1.0,T08,True,5,True,False,Visited (track-confirmed),0.8510028653295129,0,1.6708191412571471,0.098,False,Not significant
S01861,Famata,Hamlet,W029,LGA04,7.963706,11.095376,7.0,Wangoni,Ilela,120.77723271259946,301.9430817814986,8,1,T29,2026-03-12 11:56:00,2026-03-12 12:34:00,False,True,Accessible,False,5,7.0,1.0,T29,True,5,True,False,Visited (track-confirmed),0.7142857142857143,0,-1.2136530921098103,0.001,True,Cold spot (well-covered cluster)
S00647,Uztsile-Tudun,Urban block,W007,LGA01,7.449474,11.173097,376.0,Bayoyi,Idi-Oro,150.0,849.2444220840958,0,0,,,,False,False,Accessible,False,303,376.0,1.0,T07,True,5,True,False,Tally-only (no GPS confirmation),0.8058510638297872,0,-0.2521623476541578,0.292,False,Not significant
S01330,Daduna,Hamlet,W018,LGA02,7.629789,10.641825,28.0,Adwana,Gwarin,150.0,822.2425512610295,27,1,T18,2026-03-11 10:38:00,2026-03-11 11:07:00,False,True,Accessible,False,16,28.0,1.0,T18,True,5,True,False,Visited (track-confirmed),0.5714285714285714,0,-1.2136530921098103,0.001,True,Cold spot (well-covered cluster)
S01512,Bisaru,Urban block,W020,LGA01,7.739303,11.13727,433.0,Famade,Idi-Oro,150.0,741.1406837402649,16,1,T20,2026-03-13 18:15:00,2026-03-13 18:30:00,False,True,Accessible,False,267,433.0,1.0,T20,True,5,True,False,Visited (track-confirmed),0.6166281755196305,0,-0.2521623476541578,0.292,False,Not significant
S02036,Nurija,Village,W031,LGA03,7.919912,11.340808,15.0,Satide,Katsuma,150.0,1136.2849439835911,34,1,T31,2026-03-11 07:48:00,2026-03-11 08:21:00,False,True,Accessible,False,14,15.0,1.0,T31,True,5,True,False,Visited (track-confirmed),0.9333333333333333,0,0.7093283968014948,0.322,False,Not significant
S01728,Agdesa,Hamlet,W026,LGA03,7.729922,11.421176,5.0,Kungomi,Katsuma,150.0,1286.0977690923742,32,1,T26,2026-03-10 17:17:00,2026-03-10 17:48:00,False,True,Accessible,False,4,5.0,1.0,T26,True,5,True,False,Visited (track-confirmed),0.8,0,-0.2521623476541578,0.292,False,Not significant
S01188,Darile-Arewa,Village,W015,LGA01,7.538967,11.281896,118.0,Baluru,Idi-Oro,150.0,620.2131257061394,0,0,,,,False,False,Accessible,False,0,,,,False,5,True,False,Plausible miss,0.0,1,0.7093283968014948,0.293,False,Not significant
S00764,Adshasa,Settlement,W008,LGA01,7.238616,10.917946,184.0,Umyosa,Idi-Oro,150.0,1697.1990950559627,0,0,,,,False,False,Accessible,False,0,,,,False,5,True,False,Plausible miss,0.0,1,1.6708191412571471,0.321,False,Not significant
S01234,Agngowa,Settlement,W016,LGA02,7.637487,10.494078,30.0,Uzritu,Gwarin,150.0,380.44795499902773,37,1,T16,2026-03-09 12:43:00,2026-03-09 13:19:00,False,True,Accessible,False,19,30.0,1.0,T16,True,5,True,False,Visited (track-confirmed),0.6333333333333333,0,-1.2136530921098103,0.001,True,Cold spot (well-covered cluster)
S00206,Fadeja,Village,W002,LGA01,7.098944,10.773483,79.0,Ekduru,Idi-Oro,80.21639308856676,200.5409827214169,0,0,,,,False,False,Accessible,False,50,79.0,1.0,T02,True,5,True,False,Tally-only (no GPS confirmation),0.6329113924050633,0,0.7093283968014948,0.324,False,Not significant
S02125,Rijimi,Village,W033,LGA03,8.013749,11.150628,72.0,Tasayi,Katsuma,150.0,558.0031086601298,0,0,,,,False,False,Accessible,False,70,72.0,1.0,T01,True,5,True,False,Tally-only (no GPS confirmation),0.9722222222222222,0,-0.2521623476541578,0.292,False,Not significant
S00988,Ibtsina,Village,W013,LGA02,7.495505,10.585959,110.0,Sashako,Gwarin,150.0,2190.5317758771084,102,1,T13,2026-03-10 15:48:00,2026-03-10 17:29:00,False,True,Accessible,False,88,110.0,1.0,T13,True,5,True,False,Visited (track-confirmed),0.8,0,-1.2136530921098103,0.001,True,Cold spot (well-covered cluster)
S01248,Dalawa,Hamlet,W016,LGA02,7.640341,10.504173,38.0,Uzritu,Gwarin,150.0,780.4263333168184,39,1,T16,2026-03-10 07:17:00,2026-03-12 18:30:00,False,True,Accessible,False,25,38.0,1.0,T16,True,5,True,False,Visited (track-confirmed),0.6578947368421053,0,-1.2136530921098103,0.001,True,Cold spot (well-covered cluster)
S02397,Dalani-Gabas,Settlement,W038,LGA03,8.323817,11.418444,26.0,Sashasa,Katsuma,150.0,926.0571261337985,0,0,,,,False,False,Accessible,False,22,26.0,1.0,T06,True,5,True,False,Tally-only (no GPS confirmation),0.8461538461538461,0,-1.2136530921098103,0.001,True,Cold spot (well-covered cluster)
S01116,Tanaba,Village,W015,LGA01,7.518377,11.192356,58.0,Baluru,Idi-Oro,115.0598474446035,287.64961861150874,4,1,T15,2026-03-12 07:41:00,2026-03-12 07:44:00,False,True,Accessible,False,0,,,,False,5,True,False,Visited (track-confirmed),0.0,0,-0.2521623476541578,0.292,False,Not significant
S00615,Ekkoyi,Village,W007,LGA01,7.359143,11.236996,87.0,Bayoyi,Idi-Oro,50.0,26.133700243748777,8,1,T07,2026-03-09 12:35:00,2026-03-09 12:54:00,True,True,Accessible,True,58,87.0,1.0,T07,True,5,True,False,Visited (track-confirmed),0.6666666666666666,0,-0.2521623476541578,0.292,False,Not significant
S02437,Lowale,Village,W039,LGA04,8.348971,10.936532,55.0,Nungoni-Arewa,Ilela,150.0,504.4579639911378,0,0,,,,False,False,Accessible,False,50,55.0,1.0,T07,True,5,True,True,Tally-only (no GPS confirmation),0.9090909090909091,0,-1.2136530921098103,0.001,True,Cold spot (well-covered cluster)
S01352,Kangoko,Village,W018,LGA02,7.616855,10.607705,84.0,Adwana,Gwarin,150.0,974.593914435836,0,0,,,,False,False,Accessible,False,51,84.0,1.0,T18,True,5,True,False,Tally-only (no GPS confirmation),0.6071428571428571,0,-1.2136530921098103,0.001,True,Cold spot (well-covered cluster)
S02143,Ibkomi,Hamlet,W033,LGA03,8.008664,11.151124,15.0,Tasayi,Katsuma,150.0,558.0031086601298,0,0,,,,False,False,Accessible,False,0,,,,False,5,True,False,Plausible miss,0.0,1,-0.2521623476541578,0.001,True,Cold spot (well-covered cluster)
S00282,Fazaba,Settlement,W003,LGA01,7.451318,10.990426,79.0,Satita,Idi-Oro,150.0,972.4580415451435,0,0,,,,False,False,Accessible,False,68,79.0,1.0,T03,True,5,True,False,Tally-only (no GPS confirmation),0.8607594936708861,0,-0.2521623476541578,0.29,False,Not significant
S01020,Ekyoni-Sabo,Hamlet,W014,LGA01,7.405432,11.431155,29.0,Bishama,Idi-Oro,50.35586231829404,125.88965579573508,0,0,,,,False,False,Accessible,False,18,29.0,1.0,T14,True,5,True,False,Tally-only (no GPS confirmation),0.6206896551724138,0,0.7093283968014948,0.325,False,Not significant
S00516,Olzaja,Village,W006,LGA01,7.266685,11.248041,12.0,Okradu,Idi-Oro,119.70543050097857,299.2635762524464,0,0,,,,False,False,Accessible,False,0,,,,False,5,True,False,Plausible miss,0.0,1,0.7093283968014948,0.291,False,Not significant
S02127,Adtini,Village,W033,LGA03,7.994571,11.200945,162.0,Tasayi,Katsuma,77.56129193367785,193.9032298341946,0,0,,,,False,False,Accessible,False,171,162.0,1.0,T01,True,5,True,False,Tally-only (no GPS confirmation),1.0555555555555556,0,-0.2521623476541578,0.289,False,Not significant
S00593,Jiyoma,Hamlet,W007,LGA01,7.356214,11.265799,32.0,Bayoyi,Idi-Oro,150.0,765.1137425066695,0,0,,,,False,False,Accessible,False,20,32.0,1.0,T07,True,5,True,False,Tally-only (no GPS confirmation),0.625,0,0.7093283968014948,0.325,False,Not significant
S00443,Ibtiba,Settlement,W006,LGA01,7.177983,11.3094,39.0,Okradu,Idi-Oro,150.0,479.02160961905395,0,0,,,,False,False,Accessible,False,24,39.0,1.0,T06,True,5,True,False,Tally-only (no GPS confirmation),0.6153846153846154,0,-1.2136530921098103,0.001,True,Cold spot (well-covered cluster)
S02006,Zamaja,Settlement,W031,LGA03,8.006549,11.321064,38.0,Satide,Katsuma,150.0,506.187466438087,6,1,T06,2026-03-12 16:21:00,2026-03-12 16:26:00,False,True,Accessible,False,24,38.0,1.0,T31,True,5,True,False,Visited (track-confirmed),0.631578947368421,0,-1.2136530921098103,0.001,True,Cold spot (well-covered cluster)
S02151,Adshata,Village,W033,LGA03,7.984958,11.201546,80.0,Tasayi,Katsuma,150.0,1051.702499296086,0,0,,,,False,False,Accessible,False,61,80.0,1.0,T01,True,5,True,False,Tally-only (no GPS confirmation),0.7625,0,-0.2521623476541578,0.289,False,Not significant
S01733,Olzadu-Kofar,Village,W026,LGA03,7.777525,11.409366,78.0,Kungomi,Katsuma,150.0,482.07945960859007,31,1,T26,2026-03-11 11:54:00,2026-03-11 12:24:00,False,True,Accessible,False,75,78.0,1.0,T26,True,5,True,False,Visited (track-confirmed),0.9615384615384616,0,0.7093283968014948,0.325,False,Not significant
S00155,Sunako,Urban block,W002,LGA01,7.101642,10.809229,79.0,Ekduru,Idi-Oro,150.0,519.3030647864314,0,0,,,,False,False,Accessible,False,47,79.0,1.0,T02,True,5,True,False,Tally-only (no GPS confirmation),0.5949367088607594,0,-0.2521623476541578,0.289,False,Not significant
S02059,Ritimi,Village,W032,LGA04,8.10807,10.9545,41.0,Bisani-Gabas,Ilela,150.0,1777.8127974964123,0,0,,,,False,False,Accessible,False,0,,,,False,5,True,False,Plausible miss,0.0,1,-0.2521623476541578,0.001,True,Cold spot (well-covered cluster)
S01448,Gumawa,Hamlet,W020,LGA01,7.720671,11.154281,18.0,Famade,Idi-Oro,150.0,699.6550099103147,5,1,T20,2026-03-10 17:31:00,2026-03-10 17:35:00,False,True,Accessible,False,19,18.0,1.0,T20,True,5,True,False,Visited (track-confirmed),1.0555555555555556,0,-0.2521623476541578,0.289,False,Not significant
S01228,Dawako,Village,W015,LGA01,7.516259,11.367413,86.0,Baluru,Idi-Oro,150.0,2420.523368208873,0,0,,,,False,False,Accessible,False,75,86.0,1.0,T15,True,5,True,False,Tally-only (no GPS confirmation),0.872093023255814,0,-0.2521623476541578,0.289,False,Not significant
S01182,Umlatu,Hamlet,W015,LGA01,7.685004,11.237862,92.0,Baluru,Idi-Oro,150.0,2301.5990919064184,0,0,,,,False,False,Accessible,False,90,92.0,1.0,T15,True,5,True,False,Tally-only (no GPS confirmation),0.9782608695652174,0,0.7093283968014948,0.324,False,Not significant
S00203,Zatija,Hamlet,W002,LGA01,7.087951,10.815011,37.0,Ekduru,Idi-Oro,150.0,1556.2762307345565,0,0,,,,False,False,Accessible,False,21,37.0,1.0,T02,True,5,True,False,Tally-only (no GPS confirmation),0.5675675675675675,0,-0.2521623476541578,0.289,False,Not significant
S01551,Zazako,Village,W021,LGA02,7.922076,10.492945,28.0,Yezata,Gwarin,150.0,2396.1729153766105,22,1,T21,2026-03-12 10:42:00,2026-03-12 11:03:00,False,True,Accessible,False,26,28.0,1.0,T21,True,5,True,False,Visited (track-confirmed),0.9285714285714286,0,0.7093283968014948,0.324,False,Not significant
S02147,Adluja,Village,W033,LGA03,7.976238,11.136056,23.0,Tasayi,Katsuma,150.0,386.1134835529827,0,0,,,,False,False,Accessible,False,20,23.0,1.0,T01,True,5,True,False,Tally-only (no GPS confirmation),0.8695652173913043,0,-0.2521623476541578,0.289,False,Not significant
S00665,Irsale,Hamlet,W008,LGA01,7.161797,10.923225,41.0,Umyosa,Idi-Oro,150.0,533.9119639322961,0,0,,,,False,False,Accessible,False,0,,,,False,5,True,False,Plausible miss,0.0,1,0.7093283968014948,0.291,False,Not significant
S01825,Sukodu-Kofar,Settlement,W028,LGA04,7.893172,10.88498,62.0,Wangoja,Ilela,150.0,699.726140413934,0,0,,,,False,False,Accessible,False,55,62.0,1.0,T28,True,5,True,False,Tally-only (no GPS confirmation),0.8870967741935484,0,-1.2136530921098103,0.001,True,Cold spot (well-covered cluster)
S00583,Bideba,Hamlet,W007,LGA01,7.41122,11.150691,31.0,Bayoyi,Idi-Oro,136.20077082537793,340.50192706344484,0,0,,,,False,False,Accessible,False,0,,,,False,5,True,False,Plausible miss,0.0,1,0.7093283968014948,0.288,False,Not significant
S01737,Adkowa,Village,W026,LGA03,7.73373,11.409549,40.0,Kungomi,Katsuma,150.0,1269.145858430347,3,1,T26,2026-03-12 10:32:00,2026-03-12 10:34:00,False,True,Accessible,False,29,40.0,1.0,T26,True,5,True,False,Visited (track-confirmed),0.725,0,-0.2521623476541578,0.288,False,Not significant
S00727,Uzmasa,Hamlet,W008,LGA01,7.416014,10.968359,41.0,Umyosa,Idi-Oro,77.76843943375172,194.4210985843793,0,0,,,,False,False,Accessible,False,37,41.0,1.0,T08,True,5,True,False,Tally-only (no GPS confirmation),0.9024390243902439,0,2.6323098857128,0.022,False,Not significant
S01982,Wamawa,Settlement,W030,LGA04,7.998105,10.676894,27.0,Yeride,Ilela,150.0,1965.5676766085203,0,0,,,,False,False,Accessible,False,18,27.0,1.0,T30,True,5,True,False,Tally-only (no GPS confirmation),0.6666666666666666,0,-1.2136530921098103,0.001,True,Cold spot (well-covered cluster)
S00055,Ibmaja,Village,W001,LGA01,7.182394,11.129532,55.0,Ekngoyi,Idi-Oro,150.0,787.924011008825,0,0,,,,False,False,Accessible,False,0,,,,False,5,True,False,Plausible miss,0.0,1,0.7093283968014948,0.288,False,Not significant
S02126,Kajiwo,Village,W033,LGA03,7.965091,11.185297,90.0,Tasayi,Katsuma,150.0,427.841963285254,0,0,,,,False,False,Accessible,False,66,90.0,1.0,T01,True,5,True,False,Tally-only (no GPS confirmation),0.7333333333333333,0,1.6708191412571471,0.099,False,Not significant
S02015,Oksale,Village,W031,LGA03,8.016225,11.2437,57.0,Satide,Katsuma,150.0,1804.4232306993533,0,0,,,,False,False,Accessible,False,49,57.0,1.0,T31,True,5,True,False,Tally-only (no GPS confirmation),0.8596491228070176,0,1.6708191412571471,0.099,False,Not significant
S00891,Lowatu,Village,W011,LGA02,7.572435,10.399481,50.0,Enyoko-Kofar,Gwarin,150.0,927.6237827565806,0,0,,,,False,False,Accessible,False,43,50.0,1.0,T11,True,5,True,False,Tally-only (no GPS confirmation),0.86,0,-1.2136530921098103,0.001,True,Cold spot (well-covered cluster)
S01760,Rilana-Kudu,Hamlet,W027,LGA03,7.894834,11.46639,14.0,Daberi,Katsuma,150.0,600.2918598421612,0,0,,,,False,False,Accessible,False,0,,,,False,5,True,False,Plausible miss,0.0,1,-0.2521623476541578,0.001,True,Cold spot (well-covered cluster)
S02318,Ekzaba,Hamlet,W037,LGA03,8.23336,11.554803,32.0,Longoma,Katsuma,150.0,673.7744681636739,0,0,,,,False,False,Accessible,False,28,32.0,1.0,T05,True,5,True,False,Tally-only (no GPS confirmation),0.875,0,1.6708191412571471,0.099,False,Not significant
S00935,Ensawo,Village,W012,LGA02,7.344431,10.550346,81.0,Darari,Gwarin,150.0,1518.1693862659185,18,1,T12,2026-03-13 12:53:00,2026-03-13 13:10:00,False,True,Accessible,False,81,81.0,1.0,T12,True,5,True,False,Visited (track-confirmed),1.0,0,-0.2521623476541578,0.285,False,Not significant
S01755,Bakodu,Settlement,W027,LGA03,7.924013,11.466326,27.0,Daberi,Katsuma,56.927309354846116,142.31827338711528,19,1,T27,2026-03-10 14:21:00,2026-03-10 14:39:00,False,True,Accessible,False,21,27.0,1.0,T27,True,5,True,False,Visited (track-confirmed),0.7777777777777778,0,0.7093283968014948,0.32,False,Not significant
S00080,Adnade-Kofar,Village,W001,LGA01,7.206952,11.137924,117.0,Ekngoyi,Idi-Oro,150.0,1013.3768989239486,0,0,,,,False,False,Accessible,False,98,117.0,1.0,T01,True,5,True,False,Tally-only (no GPS confirmation),0.8376068376068376,0,-1.2136530921098103,0.001,True,Cold spot (well-covered cluster)
S00017,Biriyi,Urban block,W001,LGA01,7.201269,11.158669,392.0,Ekngoyi,Idi-Oro,150.0,962.5016200201045,0,0,,,,False,False,Accessible,False,394,392.0,1.0,T01,True,5,True,False,Tally-only (no GPS confirmation),1.0051020408163265,0,-1.2136530921098103,0.001,True,Cold spot (well-covered cluster)
S02335,Suridu,Settlement,W037,LGA03,8.202454,11.547745,26.0,Longoma,Katsuma,50.0,72.32745732695034,0,0,,,,False,False,Accessible,True,0,,,,False,5,True,False,Plausible miss,0.0,1,1.6708191412571471,0.318,False,Not significant
S00656,Okbaba-Tsakiya,Urban block,W007,LGA01,7.383512,11.18231,151.0,Bayoyi,Idi-Oro,150.0,1278.5121581712583,0,0,,,,False,False,Accessible,False,128,151.0,1.0,T07,True,5,True,False,Tally-only (no GPS confirmation),0.847682119205298,0,-0.2521623476541578,0.286,False,Not significant
S00189,Satisa,Settlement,W002,LGA01,7.159981,10.809301,23.0,Ekduru,Idi-Oro,150.0,626.3712521378603,0,0,,,,False,False,Accessible,False,15,23.0,1.0,T02,True,5,True,False,Tally-only (no GPS confirmation),0.6521739130434783,0,1.6708191412571471,0.099,False,Not significant
S01199,Kuluta,Settlement,W015,LGA01,7.531025,11.24428,275.0,Baluru,Idi-Oro,150.0,969.7265170300075,4,1,T15,2026-03-12 11:00:00,2026-03-12 11:03:00,False,True,Accessible,False,217,275.0,1.0,T15,True,5,True,False,Visited (track-confirmed),0.7890909090909091,0,-0.2521623476541578,0.286,False,Not significant
S02287,Olbede,Hamlet,W036,LGA04,8.198511,10.781907,8.0,Mawako,Ilela,150.0,2489.324358591308,0,0,,,,False,False,Accessible,False,7,8.0,1.0,T04,True,5,True,False,Tally-only (no GPS confirmation),0.875,0,-1.2136530921098103,0.001,True,Cold spot (well-covered cluster)
S02405,Sanawo,Village,W038,LGA03,8.34162,11.427553,74.0,Sashasa,Katsuma,150.0,744.3680234868687,0,0,,,,False,False,Accessible,False,48,74.0,1.0,T06,True,5,True,False,Tally-only (no GPS confirmation),0.6486486486486487,0,-1.2136530921098103,0.001,True,Cold spot (well-covered cluster)
S01429,Darana-Arewa,Hamlet,W020,LGA01,7.676089,11.119627,21.0,Famade,Idi-Oro,150.0,1887.3087670046054,28,1,T20,2026-03-12 07:19:00,2026-03-12 07:46:00,False,True,Accessible,False,15,21.0,1.0,T20,True,5,True,False,Visited (track-confirmed),0.7142857142857143,0,-1.2136530921098103,0.001,True,Cold spot (well-covered cluster)
S00485,Okzashi-Tsakiya,Hamlet,W006,LGA01,7.283518,11.242449,83.0,Okradu,Idi-Oro,106.91060720557823,267.2765180139456,0,0,,,,False,False,Accessible,False,88,83.0,1.0,T06,True,5,True,False,Tally-only (no GPS confirmation),1.0602409638554218,0,0.7093283968014948,0.319,False,Not significant
S01439,Suduri,Urban block,W020,LGA01,7.703915,11.140416,457.0,Famade,Idi-Oro,150.0,709.3608251876107,7,1,T20,2026-03-13 16:41:00,2026-03-13 16:47:00,False,True,Accessible,False,344,457.0,1.0,T20,True,5,True,False,Visited (track-confirmed),0.7527352297592997,0,-1.2136530921098103,0.001,True,Cold spot (well-covered cluster)
S02354,Hakoyi,Village,W037,LGA03,8.207828,11.532151,27.0,Longoma,Katsuma,150.0,708.2122594867651,3,1,T05,2026-03-12 08:20:00,2026-03-12 08:22:00,False,True,Accessible,False,18,27.0,1.0,T05,True,5,True,False,Visited (track-confirmed),0.6666666666666666,0,1.6708191412571471,0.099,False,Not significant
S01090,Lolani,Village,W014,LGA01,7.405574,11.44421,51.0,Bishama,Idi-Oro,150.0,448.0862748871331,6,1,T14,2026-03-09 14:14:00,2026-03-09 14:19:00,False,True,Accessible,False,46,51.0,1.0,T14,True,5,True,False,Visited (track-confirmed),0.9019607843137255,0,-0.2521623476541578,0.286,False,Not significant
S02246,Ibngoru,Hamlet,W035,LGA04,8.210854,11.034902,15.0,Dazata,Ilela,150.0,1213.999572142033,0,0,,,,False,False,Accessible,False,15,15.0,1.0,T03,True,5,True,True,Tally-only (no GPS confirmation),1.0,0,-1.2136530921098103,0.001,True,Cold spot (well-covered cluster)
S01856,Olduni,Urban block,W029,LGA04,7.969858,11.086713,187.0,Wangoni,Ilela,150.0,545.6532635819739,5,1,T29,2026-03-12 11:39:00,2026-03-13 08:01:00,False,True,Accessible,False,0,,,,False,5,True,False,Visited (track-confirmed),0.0,0,-1.2136530921098103,0.001,True,Cold spot (well-covered cluster)
S01913,Irnari-Kudu,Village,W029,LGA04,7.969429,10.966818,127.0,Wangoni,Ilela,150.0,1083.5309564261704,3,1,T29,2026-03-09 08:09:00,2026-03-09 08:11:00,False,True,Accessible,False,98,127.0,1.0,T29,True,5,True,False,Visited (track-confirmed),0.7716535433070866,0,-1.2136530921098103,0.001,True,Cold spot (well-covered cluster)
S00298,Dokori,Hamlet,W003,LGA01,7.443838,11.038858,21.0,Satita,Idi-Oro,115.14812170722973,287.87030426807434,1,1,T03,2026-03-11 14:31:00,2026-03-11 14:31:00,False,True,Accessible,False,18,21.0,1.0,T03,True,5,True,False,Visited (track-confirmed),0.8571428571428571,0,1.6708191412571471,0.099,False,Not significant
S00051,Kulama,Village,W001,LGA01,7.147701,11.041319,129.0,Ekngoyi,Idi-Oro,50.0,72.90345519031924,2,1,T01,2026-03-13 13:50:00,2026-03-13 13:51:00,False,True,Accessible,True,79,129.0,1.0,T01,True,5,True,False,Visited (track-confirmed),0.6124031007751938,0,0.7093283968014948,0.319,False,Not significant
S00148,Ribaja,Village,W002,LGA01,7.106366,10.809701,94.0,Ekduru,Idi-Oro,150.0,495.6557230393398,0,0,,,,False,False,Accessible,False,68,94.0,1.0,T02,True,5,True,False,Tally-only (no GPS confirmation),0.723404255319149,0,-0.2521623476541578,0.286,False,Not significant
S00751,Kusayi,Urban block,W008,LGA01,7.19895,10.935172,346.0,Umyosa,Idi-Oro,150.0,507.4283226787835,0,0,,,,False,False,Accessible,False,364,346.0,1.0,T08,True,5,True,False,Tally-only (no GPS confirmation),1.0520231213872833,0,-0.2521623476541578,0.286,False,Not significant
S00903,Halaru,Settlement,W011,LGA02,7.736398,10.465126,12.0,Enyoko-Kofar,Gwarin,150.0,934.7826923393028,32,1,T11,2026-03-11 13:25:00,2026-03-11 13:56:00,False,True,Accessible,False,11,12.0,1.0,T11,True,5,True,False,Visited (track-confirmed),0.9166666666666666,0,-0.2521623476541578,0.286,False,Not significant
S01743,Bamawo,Hamlet,W026,LGA03,7.754148,11.400977,10.0,Kungomi,Katsuma,150.0,703.3212594922595,23,1,T26,2026-03-10 11:34:00,2026-03-10 11:59:00,False,True,Accessible,False,6,10.0,1.0,T26,True,5,True,False,Visited (track-confirmed),0.6,0,1.6708191412571471,0.099,False,Not significant
D00943,Kuriwo,Village,W012,LGA02,7.406669,10.45335,9.0,Darari,Gwarin,150.0,656.6032193479986,3,1,T12,2026-03-11 15:59:00,2026-03-11 16:01:00,False,True,Accessible,False,0,,,,False,5,True,False,Visited (track-confirmed),0.0,0,-0.2521623476541578,0.286,False,Not significant
S00073,Riyoma-Gabas,Urban block,W001,LGA01,7.01783,11.003108,369.0,Ekngoyi,Idi-Oro,150.0,891.9991146068787,0,0,,,,False,False,Accessible,False,204,369.0,1.0,T01,True,5,True,False,Tally-only (no GPS confirmation),0.5528455284552846,0,0.7093283968014948,0.319,False,Not significant
S02302,Nuzako,Village,W036,LGA04,8.170817,10.751764,78.0,Mawako,Ilela,150.0,1427.5563748855454,0,0,,,,False,False,Accessible,False,75,78.0,1.0,T04,True,5,True,False,Tally-only (no GPS confirmation),0.9615384615384616,0,-1.2136530921098103,0.001,True,Cold spot (well-covered cluster)
S01254,Okkoma,Hamlet,W016,LGA02,7.578981,10.438075,18.0,Uzritu,Gwarin,145.49038139369785,363.7259534842446,32,1,T16,2026-03-10 10:37:00,2026-03-10 11:08:00,False,True,Accessible,False,18,18.0,1.0,T16,True,5,True,False,Visited (track-confirmed),1.0,0,-0.2521623476541578,0.286,False,Not significant
S01770,Oldedu,Hamlet,W027,LGA03,7.805738,11.455498,17.0,Daberi,Katsuma,150.0,3525.688062078035,28,1,T27,2026-03-12 12:16:00,2026-03-12 12:43:00,False,True,Accessible,False,12,17.0,1.0,T27,True,5,True,False,Visited (track-confirmed),0.7058823529411765,0,1.6708191412571471,0.099,False,Not significant
S00528,Bamaba,Village,W006,LGA01,7.256204,11.16803,175.0,Okradu,Idi-Oro,150.0,412.3506805411457,7,1,T06,2026-03-09 09:07:00,2026-03-09 09:13:00,False,True,Accessible,False,185,175.0,1.0,T06,True,5,True,False,Visited (track-confirmed),1.0571428571428572,0,-0.2521623476541578,0.286,False,Not significant
S02138,Umduma,Village,W033,LGA03,8.017619,11.17765,65.0,Tasayi,Katsuma,150.0,1478.9692051783827,0,0,,,,False,False,Accessible,False,0,,,,False,5,True,False,Plausible miss,0.0,1,1.6708191412571471,0.319,False,Not significant
S01155,Olzawo,Urban block,W015,LGA01,7.698807,11.264834,311.0,Baluru,Idi-Oro,150.0,427.16473392771644,0,0,,,,False,False,Accessible,False,246,311.0,1.0,T15,True,5,True,False,Tally-only (no GPS confirmation),0.7909967845659164,0,0.7093283968014948,0.32,False,Not significant
S01004,Jiduyi-Sabo,Village,W014,LGA01,7.473827,11.500019,60.0,Bishama,Idi-Oro,150.0,1377.6005278761222,2,1,T14,2026-03-13 11:27:00,2026-03-13 11:28:00,False,True,Accessible,False,49,60.0,1.0,T14,True,5,True,False,Visited (track-confirmed),0.8166666666666667,0,-0.2521623476541578,0.286,False,Not significant
S00034,Jitifa,Hamlet,W001,LGA01,7.072608,10.965498,15.0,Ekngoyi,Idi-Oro,150.0,501.58212478270644,0,0,,,,False,False,Accessible,False,12,15.0,1.0,T01,True,5,True,False,Tally-only (no GPS confirmation),0.8,0,-0.2521623476541578,0.286,False,Not significant
S01578,Lomaba,Village,W022,LGA03,8.148346,11.387,41.0,Sudefa,Katsuma,150.0,5353.8985932086525,23,1,T22,2026-03-12 17:01:00,2026-03-12 17:26:00,False,True,Accessible,False,34,41.0,1.0,T22,True,5,True,False,Visited (track-confirmed),0.8292682926829268,0,-1.2136530921098103,0.001,True,Cold spot (well-covered cluster)
S02359,Adshade-Sabo,Village,W037,LGA03,8.214324,11.503142,85.0,Longoma,Katsuma,150.0,716.8484961474569,36,1,T05,2026-03-12 09:01:00,2026-03-12 09:36:00,False,True,Accessible,False,71,85.0,1.0,T05,True,5,True,False,Visited (track-confirmed),0.8352941176470589,0,-1.2136530921098103,0.001,True,Cold spot (well-covered cluster)
S01354,Bidefa,Village,W018,LGA02,7.577403,10.636471,29.0,Adwana,Gwarin,138.3722028844446,345.9305072111115,27,1,T18,2026-03-10 11:21:00,2026-03-13 16:30:00,False,True,Accessible,False,22,29.0,1.0,T18,True,5,True,False,Visited (track-confirmed),0.7586206896551724,0,-1.2136530921098103,0.001,True,Cold spot (well-covered cluster)
S01732,Addudu-Kudu,Village,W026,LGA03,7.753743,11.53321,43.0,Kungomi,Katsuma,120.192019316437,300.4800482910925,34,1,T26,2026-03-09 07:22:00,2026-03-09 07:55:00,False,True,Accessible,False,26,43.0,1.0,T26,True,5,True,False,Visited (track-confirmed),0.6046511627906976,0,-0.2521623476541578,0.286,False,Not significant
S00278,Adnama,Hamlet,W003,LGA01,7.266009,11.110184,24.0,Satita,Idi-Oro,150.0,524.1756685231592,4,1,T03,2026-03-13 08:28:00,2026-03-13 08:31:00,False,True,Accessible,False,14,24.0,1.0,T03,True,5,True,False,Visited (track-confirmed),0.5833333333333334,0,-0.2521623476541578,0.286,False,Not significant
S01668,Uzngomi,Village,W024,LGA04,7.817669,10.696938,37.0,Kuraba-Kofar,Ilela,150.0,947.1596893058604,0,0,,,,False,False,Accessible,False,0,,,,False,5,True,False,Plausible miss,0.0,1,-0.2521623476541578,0.001,True,Cold spot (well-covered cluster)
S01253,Habaja,Village,W016,LGA02,7.615659,10.488087,105.0,Uzritu,Gwarin,150.0,660.0925925624125,10,1,T16,2026-03-09 10:11:00,2026-03-09 13:55:00,False,True,Accessible,False,108,105.0,1.0,T16,True,5,True,False,Visited (track-confirmed),1.0285714285714285,0,-1.2136530921098103,0.001,True,Cold spot (well-covered cluster)
S02206,Enshadu,Village,W034,LGA03,8.112987,11.282903,50.0,Dodeta,Katsuma,150.0,1083.4823783434688,0,0,,,,False,False,Accessible,False,52,50.0,1.0,T02,True,5,True,False,Tally-only (no GPS confirmation),1.04,0,-0.2521623476541578,0.285,False,Not significant
S00363,Dolaja,Village,W004,LGA02,7.150998,10.66558,17.0,Yesawo,Gwarin,150.0,376.37675808357625,0,0,,,,False,False,Accessible,False,15,17.0,1.0,T04,True,5,True,False,Tally-only (no GPS confirmation),0.8823529411764706,0,-0.2521623476541578,0.285,False,Not significant
S00083,Nuwaja,Urban block,W001,LGA01,7.107215,10.98015,236.0,Ekngoyi,Idi-Oro,150.0,573.57170112151,0,0,,,,False,False,Accessible,False,148,236.0,1.0,T01,True,5,True,False,Tally-only (no GPS confirmation),0.6271186440677966,0,1.6708191412571471,0.1,False,Not significant
S01865,Kumale,Hamlet,W029,LGA04,7.965419,11.07436,4.0,Wangoni,Ilela,115.9566326726583,289.89158168164573,4,2,"T08,T29",2026-03-10 15:28:00,2026-03-12 17:10:00,False,True,Accessible,False,4,4.0,1.0,T29,True,5,True,False,Visited (track-confirmed),1.0,0,-0.2521623476541578,0.285,False,Not significant
S01397,Doderu,Village,W019,LGA04,7.587538,10.997967,48.0,Umzaba-Kofar,Ilela,150.0,909.7536530443131,32,1,T19,2026-03-09 17:20:00,2026-03-11 12:15:00,False,True,Accessible,False,38,48.0,1.0,T19,True,5,True,False,Visited (track-confirmed),0.7916666666666666,0,-0.2521623476541578,0.285,False,Not significant
S02413,Jidede,Village,W038,LGA03,8.360602,11.386577,30.0,Sashasa,Katsuma,150.0,433.90262265648465,0,0,,,,False,False,Accessible,False,0,,,,False,5,True,False,Plausible miss,0.0,1,1.6708191412571471,0.316,False,Not significant
S01196,Olshani,Village,W015,LGA01,7.64106,11.240423,49.0,Baluru,Idi-Oro,150.0,1828.4694056121734,0,0,,,,False,False,Accessible,False,28,49.0,1.0,T15,True,5,True,False,Tally-only (no GPS confirmation),0.5714285714285714,0,0.7093283968014948,0.316,False,Not significant
S00423,Umdemi-Tudun,Village,W006,LGA01,7.261236,11.213228,192.0,Okradu,Idi-Oro,150.0,761.3947830862577,0,0,,,,False,False,Accessible,False,145,192.0,1.0,T06,True,5,True,False,Tally-only (no GPS confirmation),0.7552083333333334,0,0.7093283968014948,0.316,False,Not significant
S01408,Nurimi-Tudun,Village,W019,LGA04,7.692759,10.853195,44.0,Umzaba-Kofar,Ilela,75.97140647460701,189.92851618651753,0,0,,,,False,False,Accessible,False,36,44.0,1.0,T19,True,5,True,False,Tally-only (no GPS confirmation),0.8181818181818182,0,-1.2136530921098103,0.001,True,Cold spot (well-covered cluster)
S02060,Okshawa,Settlement,W032,LGA04,8.119353,10.893777,40.0,Bisani-Gabas,Ilela,150.0,2543.96897232327,17,1,T32,2026-03-13 07:34:00,2026-03-13 07:53:00,False,True,Accessible,False,32,40.0,1.0,T32,True,5,True,False,Visited (track-confirmed),0.8,0,-1.2136530921098103,0.001,True,Cold spot (well-covered cluster)
S00599,Olngosa,Urban block,W007,LGA01,7.321465,11.316399,98.0,Bayoyi,Idi-Oro,150.0,1368.3784395464827,27,1,T07,2026-03-09 09:40:00,2026-03-09 10:06:00,False,True,Accessible,False,62,98.0,1.0,T07,True,5,True,False,Visited (track-confirmed),0.6326530612244898,0,0.7093283968014948,0.316,False,Not significant
S01664,Yetiri,Hamlet,W024,LGA04,7.815808,10.732881,16.0,Kuraba-Kofar,Ilela,150.0,431.2523647356833,116,1,T24,2026-03-10 15:05:00,2026-03-10 17:00:00,False,True,Accessible,False,11,16.0,1.0,T24,True,5,True,False,Visited (track-confirmed),0.6875,0,-0.2521623476541578,0.286,False,Not significant
S00450,Kuwadu,Hamlet,W006,LGA01,7.189684,11.340128,10.0,Okradu,Idi-Oro,150.0,718.8454221100602,0,0,,,,False,False,Accessible,False,6,10.0,1.0,T06,True,5,True,False,Tally-only (no GPS confirmation),0.6,0,0.7093283968014948,0.316,False,Not significant
S02278,Adduri,Urban block,W036,LGA04,8.074167,10.736342,255.0,Mawako,Ilela,150.0,2323.805706072929,0,0,,,,False,False,Accessible,False,0,,,,False,5,True,False,Plausible miss,0.0,1,-0.2521623476541578,0.001,True,Cold spot (well-covered cluster)
S01694,Kulana,Village,W025,LGA04,7.806792,11.127859,46.0,Okriba,Ilela,150.0,776.6856228914988,28,1,T25,2026-03-12 08:42:00,2026-03-12 09:09:00,False,True,Accessible,False,0,,,,False,5,True,False,Visited (track-confirmed),0.0,0,0.7093283968014948,0.318,False,Not significant
S00855,Entima-Sabo,Hamlet,W010,LGA02,7.438405,10.803289,3.0,Fazafa,Gwarin,150.0,376.7606370334893,26,1,T10,2026-03-13 17:25:00,2026-03-13 17:53:00,False,True,Accessible,False,2,3.0,1.0,T10,True,5,True,False,Visited (track-confirmed),0.6666666666666666,0,-1.2136530921098103,0.001,True,Cold spot (well-covered cluster)
S00857,Baludu-Gabas,Hamlet,W010,LGA02,7.420379,10.880013,24.0,Fazafa,Gwarin,91.96724266279912,229.9181066569978,22,1,T10,2026-03-12 17:27:00,2026-03-13 08:01:00,False,True,Accessible,False,16,24.0,1.0,T10,True,5,True,False,Visited (track-confirmed),0.6666666666666666,0,-0.2521623476541578,0.288,False,Not significant
S00658,Waduna,Village,W007,LGA01,7.388288,11.227155,197.0,Bayoyi,Idi-Oro,150.0,508.52777275995675,41,1,T07,2026-03-09 13:48:00,2026-03-12 11:43:00,False,True,Accessible,False,170,197.0,1.0,T07,True,5,True,False,Visited (track-confirmed),0.8629441624365483,0,-0.2521623476541578,0.288,False,Not significant
S01190,Jikoni,Urban block,W015,LGA01,7.56125,11.25484,625.0,Baluru,Idi-Oro,113.29079896516005,283.2269974129001,0,0,,,,False,False,Accessible,False,577,625.0,1.0,T15,True,5,True,False,Tally-only (no GPS confirmation),0.9232,0,-1.2136530921098103,0.001,True,Cold spot (well-covered cluster)
S01566,Karimi-Kudu,Village,W022,LGA03,8.098029,11.565339,38.0,Sudefa,Katsuma,150.0,2730.137079553129,0,0,,,,False,False,Accessible,False,0,,,,False,5,True,False,Plausible miss,0.0,1,2.6323098857128,0.099,False,Not significant
S00781,Yetsifa-Kofar,Village,W008,LGA01,7.214658,10.915732,71.0,Umyosa,Idi-Oro,150.0,727.619189385864,0,0,,,,False,False,Accessible,False,71,71.0,1.0,T08,True,5,True,False,Tally-only (no GPS confirmation),1.0,0,0.7093283968014948,0.32,False,Not significant
S00395,Ekkofa,Village,W005,LGA02,7.311411,10.795249,66.0,Jijile,Gwarin,150.0,1693.8716324159448,0,0,,,,False,False,Accessible,False,46,66.0,1.0,T05,True,5,True,False,Tally-only (no GPS confirmation),0.696969696969697,0,0.7093283968014948,0.32,False,Not significant
S00030,Suriru,Hamlet,W001,LGA01,7.070925,11.029547,22.0,Ekngoyi,Idi-Oro,150.0,988.481466774596,6,1,T01,2026-03-13 11:48:00,2026-03-13 11:53:00,False,True,Accessible,False,13,22.0,1.0,T01,True,5,True,False,Visited (track-confirmed),0.5909090909090909,0,-0.2521623476541578,0.29,False,Not significant
S00258,Uzmashi,Settlement,W003,LGA01,7.221958,10.991247,169.0,Satita,Idi-Oro,74.45704077873278,186.14260194683192,0,0,,,,False,False,Accessible,False,135,169.0,1.0,T03,True,5,True,False,Tally-only (no GPS confirmation),0.7988165680473372,0,-0.2521623476541578,0.29,False,Not significant
S01139,Yeluwa-Tudun,Village,W015,LGA01,7.714317,11.271077,234.0,Baluru,Idi-Oro,150.0,638.2240189202182,0,0,,,,False,False,Accessible,False,186,234.0,1.0,T15,True,5,True,False,Tally-only (no GPS confirmation),0.7948717948717948,0,-1.2136530921098103,0.001,True,Cold spot (well-covered cluster)
S01011,Agjima,Village,W014,LGA01,7.445213,11.46275,225.0,Bishama,Idi-Oro,150.0,517.2399586198133,0,0,,,,False,False,Accessible,False,0,,,,False,5,True,False,Plausible miss,0.0,1,0.7093283968014948,0.29,False,Not significant
S01355,Zanawa,Hamlet,W018,LGA02,7.638907,10.626288,22.0,Adwana,Gwarin,150.0,581.5668990422306,23,2,"T04,T18",2026-03-12 10:16:00,2026-03-13 17:34:00,False,True,Accessible,False,20,22.0,1.0,T18,True,5,True,False,Visited (track-confirmed),0.9090909090909091,0,-1.2136530921098103,0.001,True,Cold spot (well-covered cluster)
S02260,Nunana,Village,W035,LGA04,8.310102,10.992787,84.0,Dazata,Ilela,150.0,1351.909038629731,0,0,,,,False,False,Accessible,False,65,84.0,1.0,T03,True,5,True,True,Tally-only (no GPS confirmation),0.7738095238095238,0,-1.2136530921098103,0.001,True,Cold spot (well-covered cluster)
S02075,Uzzaru,Village,W032,LGA04,8.164051,10.932919,135.0,Bisani-Gabas,Ilela,150.0,811.9659035944018,0,0,,,,False,False,Accessible,False,108,135.0,1.0,T32,True,5,True,False,Tally-only (no GPS confirmation),0.8,0,-1.2136530921098103,0.001,True,Cold spot (well-covered cluster)
S01626,Dosani,Settlement,W023,LGA03,7.776686,11.159058,78.0,Suwade,Katsuma,150.0,2125.5631411683635,0,0,,,,False,False,Accessible,False,0,,,,False,5,True,False,Plausible miss,0.0,1,3.5938006301684524,0.024,False,Not significant
D00230,Entile-Yamma,Village,W003,LGA01,7.436794,11.044931,52.0,Satita,Idi-Oro,143.871043612999,359.67760903249746,0,0,,,,False,False,Accessible,False,0,,,,False,5,True,False,Plausible miss,0.0,1,1.6708191412571471,0.319,False,Not significant
S01078,Subafa,Settlement,W014,LGA01,7.545265,11.544992,33.0,Bishama,Idi-Oro,150.0,931.2054519946662,19,1,T14,2026-03-10 07:27:00,2026-03-10 07:45:00,False,True,Accessible,False,27,33.0,1.0,T14,True,5,True,False,Visited (track-confirmed),0.8181818181818182,0,1.6708191412571471,0.101,False,Not significant
S01666,Irrayi,Hamlet,W024,LGA04,7.820442,10.764013,3.0,Kuraba-Kofar,Ilela,150.0,1456.9770655471925,29,1,T24,2026-03-10 11:10:00,2026-03-10 11:38:00,False,True,Accessible,False,3,3.0,1.0,T24,True,5,True,False,Visited (track-confirmed),1.0,0,-1.2136530921098103,0.001,True,Cold spot (well-covered cluster)
S00078,Lolale,Hamlet,W001,LGA01,7.047479,11.0183,18.0,Ekngoyi,Idi-Oro,150.0,697.2258279540204,0,0,,,,False,False,Accessible,False,0,,,,False,5,True,False,Plausible miss,0.0,1,-0.2521623476541578,0.001,True,Cold spot (well-covered cluster)
S01417,Baride,Village,W019,LGA04,7.595724,11.029643,14.0,Umzaba-Kofar,Ilela,150.0,918.4806511055427,25,1,T19,2026-03-11 08:43:00,2026-03-11 09:07:00,False,True,Accessible,False,12,14.0,1.0,T19,True,5,True,False,Visited (track-confirmed),0.8571428571428571,0,-1.2136530921098103,0.001,True,Cold spot (well-covered cluster)
S02303,Agbashi,Settlement,W036,LGA04,8.107982,10.747277,62.0,Mawako,Ilela,150.0,986.0921897644852,0,0,,,,False,False,Accessible,False,43,62.0,1.0,T04,True,5,True,False,Tally-only (no GPS confirmation),0.6935483870967742,0,0.7093283968014948,0.321,False,Not significant
S02329,Bishasa,Village,W037,LGA03,8.179227,11.54387,72.0,Longoma,Katsuma,150.0,663.9350867382601,0,0,,,,False,False,Accessible,False,47,72.0,1.0,T05,True,5,True,False,Tally-only (no GPS confirmation),0.6527777777777778,0,-0.2521623476541578,0.292,False,Not significant
S00036,Ridewo-Gabas,Settlement,W001,LGA01,7.042721,11.073816,115.0,Ekngoyi,Idi-Oro,150.0,646.3565475917062,0,0,,,,False,False,Accessible,False,66,115.0,1.0,T01,True,5,True,False,Tally-only (no GPS confirmation),0.5739130434782609,0,-0.2521623476541578,0.292,False,Not significant
S00733,Agzari,Urban block,W008,LGA01,7.190205,10.909051,523.0,Umyosa,Idi-Oro,84.63017752210982,211.57544380527455,0,0,,,,False,False,Accessible,False,508,523.0,1.0,T08,True,5,True,False,Tally-only (no GPS confirmation),0.97131931166348,0,-0.2521623476541578,0.292,False,Not significant
S01026,Dokoja,Hamlet,W014,LGA01,7.491483,11.495231,34.0,Bishama,Idi-Oro,90.0512505332096,225.12812633302397,0,0,,,,False,False,Accessible,False,26,34.0,1.0,T14,True,5,True,False,Tally-only (no GPS confirmation),0.7647058823529411,0,-1.2136530921098103,0.001,True,Cold spot (well-covered cluster)
S00279,Adrana,Village,W003,LGA01,7.207393,11.025773,251.0,Satita,Idi-Oro,150.0,931.2012533958068,0,0,,,,False,False,Accessible,False,161,251.0,1.0,T03,True,5,True,False,Tally-only (no GPS confirmation),0.6414342629482072,0,1.6708191412571471,0.101,False,Not significant
S01305,Wangori,Hamlet,W017,LGA03,7.550073,11.391115,7.0,Bazasa,Katsuma,150.0,566.3571640176287,117,1,T17,2026-03-09 12:16:00,2026-03-13 10:43:00,False,True,Accessible,False,4,7.0,1.0,T17,True,5,True,False,Visited (track-confirmed),0.5714285714285714,0,1.6708191412571471,0.101,False,Not significant
S02470,Ringodu-Yamma,Village,W039,LGA04,8.248525,10.85605,13.0,Nungoni-Arewa,Ilela,150.0,683.3660474977123,0,0,,,,False,False,Accessible,False,10,13.0,1.0,T07,True,5,True,True,Tally-only (no GPS confirmation),0.7692307692307693,0,-1.2136530921098103,0.001,True,Cold spot (well-covered cluster)
S01038,Dajiyi,Village,W014,LGA01,7.474386,11.455978,167.0,Bishama,Idi-Oro,150.0,594.2563736522792,0,0,,,,False,False,Accessible,False,119,167.0,1.0,T14,True,5,True,False,Tally-only (no GPS confirmation),0.7125748502994012,0,2.6323098857128,0.024,False,Not significant
S01488,Sabawo,Village,W020,LGA01,7.678044,11.139258,204.0,Famade,Idi-Oro,150.0,1827.5580541629583,0,0,,,,False,False,Accessible,False,119,204.0,1.0,T20,True,5,True,False,Tally-only (no GPS confirmation),0.5833333333333334,0,-1.2136530921098103,0.001,True,Cold spot (well-covered cluster)
S00842,Zashako,Village,W010,LGA02,7.395016,10.873188,110.0,Fazafa,Gwarin,150.0,727.3139611911747,3,1,T02,2026-03-10 14:19:00,2026-03-10 14:21:00,False,True,Accessible,False,101,110.0,1.0,T10,True,5,True,False,Visited (track-confirmed),0.9181818181818182,0,-0.2521623476541578,0.292,False,Not significant
S00099,Ribeni,Village,W001,LGA01,7.05907,10.958079,63.0,Ekngoyi,Idi-Oro,150.0,577.6226576322895,0,0,,,,False,False,Accessible,False,0,,,,False,5,True,False,Plausible miss,0.0,1,0.7093283968014948,0.293,False,Not significant
S02028,Ennami-Sabo,Hamlet,W031,LGA03,7.947958,11.361963,20.0,Satide,Katsuma,150.0,402.03114069288165,1,1,T31,2026-03-10 17:51:00,2026-03-10 17:51:00,False,True,Accessible,False,0,,,,False,5,True,False,Visited (track-confirmed),0.0,0,-1.2136530921098103,0.001,True,Cold spot (well-covered cluster)
S00015,Binako,Settlement,W001,LGA01,7.102302,11.171373,36.0,Ekngoyi,Idi-Oro,150.0,3909.3612309580253,0,0,,,,False,False,Accessible,False,33,36.0,1.0,T01,True,5,True,False,Tally-only (no GPS confirmation),0.9166666666666666,0,0.7093283968014948,0.325,False,Not significant
S00756,Tasata,Village,W008,LGA01,7.41651,10.939477,64.0,Umyosa,Idi-Oro,134.69048409785086,336.7262102446271,0,0,,,,False,False,Accessible,False,0,,,,False,5,True,False,Plausible miss,0.0,1,-0.2521623476541578,0.001,True,Cold spot (well-covered cluster)
S00191,Agyole-Tsakiya,Urban block,W002,LGA01,7.054225,10.900399,99.0,Ekduru,Idi-Oro,150.0,2174.059011586445,0,0,,,,False,False,Accessible,False,68,99.0,1.0,T02,True,5,True,False,Tally-only (no GPS confirmation),0.6868686868686869,0,-0.2521623476541578,0.29,False,Not significant
S01209,Sashale,Hamlet,W015,LGA01,7.610237,11.285009,35.0,Baluru,Idi-Oro,150.0,650.1427210622796,4,1,T15,2026-03-09 12:02:00,2026-03-09 12:05:00,False,True,Accessible,False,36,35.0,1.0,T15,True,5,True,False,Visited (track-confirmed),1.0285714285714285,0,0.7093283968014948,0.325,False,Not significant
D00511,Jiyoni,Village,W006,LGA01,7.255908,11.270816,213.0,Okradu,Idi-Oro,123.0849954492532,307.71248862313297,0,0,,,,False,False,Accessible,False,0,,,,False,5,True,False,Plausible miss,0.0,1,0.7093283968014948,0.29,False,Not significant
S01049,Talusa,Urban block,W014,LGA01,7.547972,11.517211,372.0,Bishama,Idi-Oro,150.0,1880.9139381485172,0,0,,,,False,False,Accessible,False,0,,,,False,5,True,False,Plausible miss,0.0,1,1.6708191412571471,0.325,False,Not significant
S00271,Bishana,Settlement,W003,LGA01,7.226032,10.992225,165.0,Satita,Idi-Oro,113.87372931061041,284.684323276526,0,0,,,,False,False,Accessible,False,142,165.0,1.0,T03,True,5,True,False,Tally-only (no GPS confirmation),0.8606060606060606,0,-0.2521623476541578,0.29,False,Not significant
S00199,Bijidu,Village,W002,LGA01,7.092771,10.788268,126.0,Ekduru,Idi-Oro,150.0,658.9327352160932,0,0,,,,False,False,Accessible,False,81,126.0,1.0,T02,True,5,True,False,Tally-only (no GPS confirmation),0.6428571428571429,0,-0.2521623476541578,0.29,False,Not significant
S00936,Nuderi,Hamlet,W012,LGA02,7.432699,10.471632,20.0,Darari,Gwarin,150.0,475.5938622273121,4,1,T12,2026-03-10 12:20:00,2026-03-10 12:23:00,False,True,Accessible,False,13,20.0,1.0,T12,True,5,True,False,Visited (track-confirmed),0.65,0,-1.2136530921098103,0.001,True,Cold spot (well-covered cluster)
S00645,Yezako-Kofar,Hamlet,W007,LGA01,7.352844,11.251902,89.0,Bayoyi,Idi-Oro,150.0,674.991294439376,5,1,T07,2026-03-09 12:05:00,2026-03-09 12:09:00,False,True,Accessible,False,63,89.0,1.0,T07,True,5,True,False,Visited (track-confirmed),0.7078651685393258,0,0.7093283968014948,0.325,False,Not significant
S01822,Ibduwo,Village,W028,LGA04,7.940678,10.779548,36.0,Wangoja,Ilela,150.0,2250.0180311272416,25,1,T28,2026-03-13 11:22:00,2026-03-13 11:46:00,False,True,Accessible,False,30,36.0,1.0,T28,True,5,True,False,Visited (track-confirmed),0.8333333333333334,0,-0.2521623476541578,0.29,False,Not significant
S01295,Maberu,Hamlet,W017,LGA03,7.54716,11.384025,28.0,Bazasa,Katsuma,121.0683528938888,302.670882234722,107,1,T17,2026-03-09 12:26:00,2026-03-09 14:26:00,False,True,Accessible,False,27,28.0,1.0,T17,True,5,True,False,Visited (track-confirmed),0.9642857142857143,0,1.6708191412571471,0.103,False,Not significant
S01681,Ritsisa,Hamlet,W025,LGA04,7.795377,11.061543,34.0,Okriba,Ilela,150.0,729.4036012138348,26,1,T25,2026-03-11 17:41:00,2026-03-11 18:06:00,False,True,Accessible,False,0,,,,False,5,True,False,Visited (track-confirmed),0.0,0,-0.2521623476541578,0.29,False,Not significant
S02370,Bizari,Village,W038,LGA03,8.246692,11.405789,79.0,Sashasa,Katsuma,144.96581936416018,362.41454841040047,0,0,,,,False,False,Accessible,False,64,79.0,1.0,T06,True,5,True,False,Tally-only (no GPS confirmation),0.810126582278481,0,1.6708191412571471,0.103,False,Not significant
S01321,Agkoja,Village,W017,LGA03,7.606978,11.412736,75.0,Bazasa,Katsuma,150.0,864.1123382882391,0,0,,,,False,False,Accessible,False,0,,,,False,5,True,False,Plausible miss,0.0,1,1.6708191412571471,0.323,False,Not significant
S01037,Kabeyi-Arewa,Village,W014,LGA01,7.489201,11.471158,166.0,Bishama,Idi-Oro,150.0,2128.5730358824285,0,0,,,,False,False,Accessible,False,0,,,,False,5,True,False,Plausible miss,0.0,1,2.6323098857128,0.102,False,Not significant
S01985,Nulule,Urban block,W030,LGA04,8.0036,10.566888,317.0,Yeride,Ilela,150.0,1120.2447571390333,0,0,,,,False,False,Accessible,False,0,,,,False,5,True,False,Plausible miss,0.0,1,0.7093283968014948,0.29,False,Not significant
S02120,Subewa-Kudu,Hamlet,W033,LGA03,8.067918,11.232669,13.0,Tasayi,Katsuma,150.0,3051.7585167540637,0,0,,,,False,False,Accessible,False,0,,,,False,5,True,False,Plausible miss,0.0,1,2.6323098857128,0.102,False,Not significant
S00712,Gulako,Urban block,W008,LGA01,7.440981,10.949535,463.0,Umyosa,Idi-Oro,121.52544684760932,303.81361711902326,1,1,T08,2026-03-13 07:15:00,2026-03-13 07:15:00,False,True,Accessible,False,318,463.0,1.0,T08,True,5,True,False,Visited (track-confirmed),0.6868250539956804,0,0.7093283968014948,0.326,False,Not significant
S00822,Agdeko,Hamlet,W009,LGA02,7.522954,10.954546,28.0,Washatu,Gwarin,150.0,2074.429104205372,39,1,T09,2026-03-09 14:23:00,2026-03-11 16:08:00,False,True,Accessible,False,22,28.0,1.0,T09,True,5,True,False,Visited (track-confirmed),0.7857142857142857,0,-0.2521623476541578,0.288,False,Not significant
S00093,Lobaba,Settlement,W001,LGA01,7.135917,11.186389,163.0,Ekngoyi,Idi-Oro,150.0,375.2261458985873,0,0,,,,False,False,Accessible,False,172,163.0,1.0,T01,True,5,True,False,Tally-only (no GPS confirmation),1.0552147239263803,0,1.6708191412571471,0.103,False,Not significant
S01261,Talufa,Hamlet,W016,LGA02,7.678957,10.484553,49.0,Uzritu,Gwarin,150.0,1113.8034614756205,25,1,T16,2026-03-13 09:51:00,2026-03-13 10:15:00,False,True,Accessible,False,39,49.0,1.0,T16,True,5,True,False,Visited (track-confirmed),0.7959183673469388,0,-1.2136530921098103,0.001,True,Cold spot (well-covered cluster)
S01596,Umladu,Village,W023,LGA03,7.911742,11.207755,60.0,Suwade,Katsuma,126.09007228669937,315.2251807167484,33,1,T23,2026-03-12 17:04:00,2026-03-12 17:36:00,False,True,Accessible,False,43,60.0,1.0,T23,True,5,True,False,Visited (track-confirmed),0.7166666666666667,0,-0.2521623476541578,0.288,False,Not significant
S02218,Agkoni,Village,W035,LGA04,8.221053,11.030542,100.0,Dazata,Ilela,150.0,1071.9826932649037,0,0,,,,False,False,Accessible,False,102,100.0,1.0,T03,True,5,True,True,Tally-only (no GPS confirmation),1.02,0,-1.2136530921098103,0.001,True,Cold spot (well-covered cluster)
S00630,Enwadu,Urban block,W007,LGA01,7.391227,11.259915,158.0,Bayoyi,Idi-Oro,150.0,1443.1557931712996,0,0,,,,False,False,Accessible,False,117,158.0,1.0,T07,True,5,True,False,Tally-only (no GPS confirmation),0.740506329113924,0,0.7093283968014948,0.326,False,Not significant
S00523,Agrifa,Settlement,W006,LGA01,7.247981,11.148954,47.0,Okradu,Idi-Oro,150.0,608.0224540901474,0,0,,,,False,False,Accessible,False,28,47.0,1.0,T06,True,5,True,False,Tally-only (no GPS confirmation),0.5957446808510638,0,0.7093283968014948,0.326,False,Not significant
S01801,Uzkodu,Village,W028,LGA04,7.97257,10.888123,39.0,Wangoja,Ilela,150.0,2598.1133362500877,0,0,,,,False,False,Accessible,False,26,39.0,1.0,T28,True,5,True,False,Tally-only (no GPS confirmation),0.6666666666666666,0,-1.2136530921098103,0.001,True,Cold spot (well-covered cluster)
S00414,Bitsiri,Hamlet,W006,LGA01,7.185903,11.298059,23.0,Okradu,Idi-Oro,79.95647998280617,199.89119995701543,0,0,,,,False,False,Accessible,False,20,23.0,1.0,T06,True,5,True,False,Tally-only (no GPS confirmation),0.8695652173913043,0,-0.2521623476541578,0.288,False,Not significant
S01908,Yeluru,Village,W029,LGA04,7.94439,11.075485,102.0,Wangoni,Ilela,110.8176455382318,277.0441138455795,17,1,T29,2026-03-10 12:47:00,2026-03-10 13:03:00,False,True,Accessible,False,66,102.0,1.0,T29,True,5,True,False,Visited (track-confirmed),0.6470588235294118,0,-1.2136530921098103,0.001,True,Cold spot (well-covered cluster)
S02402,Mangodu,Settlement,W038,LGA03,8.405262,11.319682,12.0,Sashasa,Katsuma,150.0,1126.2443034539465,0,0,,,,False,False,Accessible,False,7,12.0,1.0,T06,True,5,True,False,Tally-only (no GPS confirmation),0.5833333333333334,0,-0.2521623476541578,0.288,False,Not significant
S00757,Ibkodu,Hamlet,W008,LGA01,7.426184,10.972645,13.0,Umyosa,Idi-Oro,139.589379729021,348.9734493225525,0,0,,,,False,False,Accessible,False,0,,,,False,5,True,False,Plausible miss,0.0,1,0.7093283968014948,0.289,False,Not significant
S00684,Dobaja,Village,W008,LGA01,7.423676,10.934728,91.0,Umyosa,Idi-Oro,150.0,560.1790767548767,0,0,,,,False,False,Accessible,False,93,91.0,1.0,T08,True,5,True,False,Tally-only (no GPS confirmation),1.021978021978022,0,-0.2521623476541578,0.287,False,Not significant
S00137,Lotisa,Hamlet,W002,LGA01,7.069988,10.783365,32.0,Ekduru,Idi-Oro,150.0,493.3277463647066,0,0,,,,False,False,Accessible,False,0,,,,False,5,True,False,Plausible miss,0.0,1,0.7093283968014948,0.289,False,Not significant
S01847,Dajitu-Yamma,Village,W029,LGA04,7.883892,10.980744,90.0,Wangoni,Ilela,150.0,898.9328817744652,19,1,T29,2026-03-10 07:42:00,2026-03-10 08:00:00,False,True,Accessible,False,61,90.0,1.0,T29,True,5,True,False,Visited (track-confirmed),0.6777777777777778,0,-0.2521623476541578,0.288,False,Not significant
S00909,Zabale,Settlement,W011,LGA02,7.739704,10.415343,60.0,Enyoko-Kofar,Gwarin,135.84465952841234,339.6116488210308,11,1,T11,2026-03-12 18:20:00,2026-03-12 18:30:00,False,True,Accessible,False,39,60.0,1.0,T11,True,5,True,False,Visited (track-confirmed),0.65,0,-0.2521623476541578,0.288,False,Not significant
S00986,Kawadu,Settlement,W013,LGA02,7.456414,10.555696,39.0,Sashako,Gwarin,150.0,877.2738696063615,4,1,T13,2026-03-12 16:42:00,2026-03-12 16:45:00,False,True,Accessible,False,37,39.0,1.0,T13,True,5,True,False,Visited (track-confirmed),0.9487179487179487,0,-1.2136530921098103,0.001,True,Cold spot (well-covered cluster)
S02111,Rijiri,Settlement,W033,LGA03,8.031581,11.159581,17.0,Tasayi,Katsuma,150.0,1560.95566426246,0,0,,,,False,False,Accessible,False,13,17.0,1.0,T01,True,5,True,False,Tally-only (no GPS confirmation),0.7647058823529411,0,0.7093283968014948,0.324,False,Not significant
S01623,Risatu,Hamlet,W023,LGA03,7.830464,11.259967,13.0,Suwade,Katsuma,141.1025915130342,352.75647878258553,23,1,T23,2026-03-12 08:30:00,2026-03-12 08:52:00,False,True,Accessible,False,14,13.0,1.0,T23,True,5,True,False,Visited (track-confirmed),1.0769230769230769,0,2.6323098857128,0.024,False,Not significant
S01350,Enwatu,Settlement,W018,LGA02,7.637722200850346,10.711325,20.0,Adwana,Gwarin,150.0,2742.4480858099114,0,0,,,,False,False,Accessible,False,14,20.0,1.0,T18,True,5,True,False,Tally-only (no GPS confirmation),0.7,0,-1.2136530921098103,0.001,True,Cold spot (well-covered cluster)
S01436,Ibyosa,Hamlet,W020,LGA01,7.737007,11.144667,104.0,Famade,Idi-Oro,150.0,768.2013990556817,5,1,T20,2026-03-10 18:05:00,2026-03-10 18:09:00,False,True,Accessible,False,59,104.0,1.0,T20,True,5,True,False,Visited (track-confirmed),0.5673076923076923,0,-0.2521623476541578,0.288,False,Not significant
S01313,Kangode,Village,W017,LGA03,7.514418,11.408594,168.0,Bazasa,Katsuma,150.0,430.0762236033869,25,1,T17,2026-03-10 18:06:00,2026-03-10 18:30:00,False,True,Accessible,False,134,168.0,1.0,T17,True,5,True,False,Visited (track-confirmed),0.7976190476190477,0,-0.2521623476541578,0.288,False,Not significant
S00852,Susaba-Kofar,Village,W010,LGA02,7.446788,10.841926,20.0,Fazafa,Gwarin,150.0,1142.8414310405158,0,0,,,,False,False,Accessible,False,19,20.0,1.0,T10,True,5,True,False,Tally-only (no GPS confirmation),0.95,0,-1.2136530921098103,0.001,True,Cold spot (well-covered cluster)
S02118,Irshasa,Hamlet,W033,LGA03,8.077047,11.100033,17.0,Tasayi,Katsuma,150.0,922.3443088466414,0,0,,,,False,False,Accessible,False,11,17.0,1.0,T01,True,5,True,False,Tally-only (no GPS confirmation),0.6470588235294118,0,-0.2521623476541578,0.288,False,Not significant
S01268,Bakori,Village,W016,LGA02,7.587255,10.459452,43.0,Uzritu,Gwarin,150.0,693.0239607512976,36,1,T16,2026-03-12 09:27:00,2026-03-12 15:15:00,False,True,Accessible,False,38,43.0,1.0,T16,True,5,True,False,Visited (track-confirmed),0.8837209302325582,0,-1.2136530921098103,0.001,True,Cold spot (well-covered cluster)
S01298,Wasadu,Village,W017,LGA03,7.535106,11.412217,8.0,Bazasa,Katsuma,150.0,449.4439392497646,31,1,T17,2026-03-09 09:42:00,2026-03-09 10:12:00,False,True,Accessible,False,6,8.0,1.0,T17,True,5,True,False,Visited (track-confirmed),0.75,0,-1.2136530921098103,0.001,True,Cold spot (well-covered cluster)
S01022,Yekoja,Village,W014,LGA01,7.402477,11.506913,206.0,Bishama,Idi-Oro,150.0,645.4475555611378,0,0,,,,False,False,Accessible,False,170,206.0,1.0,T14,True,5,True,False,Tally-only (no GPS confirmation),0.8252427184466019,0,-0.2521623476541578,0.288,False,Not significant
S01568,Oktishi,Village,W022,LGA03,8.094154,11.496044,41.0,Sudefa,Katsuma,150.0,2440.522176085206,115,1,T22,2026-03-12 11:56:00,2026-03-12 13:50:00,False,True,Accessible,False,36,41.0,1.0,T22,True,5,True,False,Visited (track-confirmed),0.8780487804878049,0,1.6708191412571471,0.102,False,Not significant
S02051,Tashako,Village,W032,LGA04,8.068506,10.83438,33.0,Bisani-Gabas,Ilela,50.0,107.32906460978661,0,0,,,,False,False,Accessible,False,23,33.0,1.0,T32,True,5,True,False,Tally-only (no GPS confirmation),0.696969696969697,0,-1.2136530921098103,0.001,True,Cold spot (well-covered cluster)
S00339,Agbeja,Village,W004,LGA02,7.241039,10.572897,95.0,Yesawo,Gwarin,150.0,703.4146280404708,2,1,T04,2026-03-13 08:57:00,2026-03-13 08:58:00,False,True,Accessible,False,73,95.0,1.0,T04,True,5,True,False,Visited (track-confirmed),0.7684210526315789,0,-0.2521623476541578,0.288,False,Not significant
S00471,Zamari,Urban block,W006,LGA01,7.258859,11.241392,280.0,Okradu,Idi-Oro,150.0,719.379363715999,0,0,,,,False,False,Accessible,False,209,280.0,1.0,T06,True,5,True,False,Tally-only (no GPS confirmation),0.7464285714285714,0,0.7093283968014948,0.324,False,Not significant
S01091,Ritiru,Hamlet,W014,LGA01,7.48468,11.513954,43.0,Bishama,Idi-Oro,150.0,657.059817621519,5,1,T14,2026-03-10 10:01:00,2026-03-10 10:05:00,False,True,Accessible,False,0,,,,False,5,True,False,Visited (track-confirmed),0.0,0,-1.2136530921098103,0.001,True,Cold spot (well-covered cluster)
S02366,Yesari,Village,W038,LGA03,8.315392,11.42476,97.0,Sashasa,Katsuma,150.0,881.0688014900888,0,0,,,,False,False,Accessible,False,67,97.0,1.0,T06,True,5,True,False,Tally-only (no GPS confirmation),0.6907216494845361,0,-1.2136530921098103,0.001,True,Cold spot (well-covered cluster)
S01818,Kashadu,Settlement,W028,LGA04,7.883728,10.899975,27.0,Wangoja,Ilela,150.0,1306.7627443464942,0,0,,,,False,False,Accessible,False,20,27.0,1.0,T28,True,5,True,False,Tally-only (no GPS confirmation),0.7407407407407407,0,-1.2136530921098103,0.001,True,Cold spot (well-covered cluster)
S01753,Kabewa,Village,W026,LGA03,7.734186,11.52234,18.0,Kungomi,Katsuma,150.0,964.1952843892492,96,1,T26,2026-03-13 12:18:00,2026-03-13 14:54:00,False,True,Accessible,False,11,18.0,1.0,T26,True,5,True,False,Visited (track-confirmed),0.6111111111111112,0,-0.2521623476541578,0.288,False,Not significant
S02490,Sujidu-Yamma,Settlement,W040,LGA04,8.305169,11.211323,20.0,Gujiri,Ilela,150.0,426.02711754226027,0,0,,,,False,False,Accessible,False,14,20.0,1.0,T08,True,5,True,False,Tally-only (no GPS confirmation),0.7,0,-0.2521623476541578,0.288,False,Not significant
S01698,Bitsini,Village,W025,LGA04,7.80772,11.111359,57.0,Okriba,Ilela,150.0,741.343262680375,29,1,T25,2026-03-09 13:24:00,2026-03-10 17:50:00,False,True,Accessible,False,0,,,,False,5,True,False,Visited (track-confirmed),0.0,0,-0.2521623476541578,0.288,False,Not significant
S01031,Nurima,Urban block,W014,LGA01,7.479367,11.453805,147.0,Bishama,Idi-Oro,150.0,594.2563736522792,0,0,,,,False,False,Accessible,False,0,,,,False,5,True,False,Plausible miss,0.0,1,2.6323098857128,0.101,False,Not significant
S00763,Dazako,Village,W008,LGA01,7.425445,10.928942,293.0,Umyosa,Idi-Oro,150.0,668.566783022388,0,0,,,,False,False,Accessible,False,259,293.0,1.0,T08,True,5,True,False,Tally-only (no GPS confirmation),0.8839590443686007,0,-0.2521623476541578,0.289,False,Not significant
S01186,Ekdema,Village,W015,LGA01,7.496018,11.254443,67.0,Baluru,Idi-Oro,150.0,1593.4673817208843,0,0,,,,False,False,Accessible,False,0,,,,False,5,True,False,Plausible miss,0.0,1,-0.2521623476541578,0.001,True,Cold spot (well-covered cluster)
S00726,Tasale,Hamlet,W008,LGA01,7.183499,10.918202,13.0,Umyosa,Idi-Oro,69.38751213038728,173.4687803259682,0,0,,,,False,False,Accessible,False,13,13.0,1.0,T08,True,5,True,False,Tally-only (no GPS confirmation),1.0,0,-0.2521623476541578,0.289,False,Not significant
S02500,Okduri-Tudun,Village,W040,LGA04,8.274625,11.157703,120.0,Gujiri,Ilela,150.0,1173.448857882489,0,0,,,,False,False,Accessible,False,114,120.0,1.0,T08,True,5,True,False,Tally-only (no GPS confirmation),0.95,0,-0.2521623476541578,0.289,False,Not significant
S02083,Olshadu,Village,W032,LGA04,8.067164,10.855422,105.0,Bisani-Gabas,Ilela,96.10256159488587,240.25640398721467,2,1,T32,2026-03-10 17:29:00,2026-03-10 17:30:00,False,True,Accessible,False,61,105.0,1.0,T32,True,5,True,False,Visited (track-confirmed),0.580952380952381,0,-0.2521623476541578,0.289,False,Not significant
S00532,Wabeyi,Urban block,W006,LGA01,7.105729,11.283697,1380.0,Okradu,Idi-Oro,150.0,4200.998917040504,0,0,,,,False,False,Accessible,False,1192,1380.0,1.0,T06,True,5,True,False,Tally-only (no GPS confirmation),0.863768115942029,0,1.6708191412571471,0.101,False,Not significant
S01501,Dabeba,Village,W020,LGA01,7.728702,11.125533,71.0,Famade,Idi-Oro,150.0,540.622216905744,0,0,,,,False,False,Accessible,False,46,71.0,1.0,T20,True,5,True,False,Tally-only (no GPS confirmation),0.647887323943662,0,-0.2521623476541578,0.289,False,Not significant
S01656,Satsishi-Kudu,Hamlet,W024,LGA04,7.798701,10.748964,40.0,Kuraba-Kofar,Ilela,150.0,1585.5219583728351,15,1,T24,2026-03-12 18:16:00,2026-03-12 18:30:00,False,True,Accessible,False,40,40.0,1.0,T24,True,5,True,False,Visited (track-confirmed),1.0,0,-1.2136530921098103,0.001,True,Cold spot (well-covered cluster)
S01424,Ibbasa,Village,W020,LGA01,7.549404,11.119672,132.0,Famade,Idi-Oro,150.0,961.2637357507529,0,0,,,,False,False,Accessible,False,88,132.0,1.0,T20,True,5,True,False,Tally-only (no GPS confirmation),0.6666666666666666,0,-0.2521623476541578,0.289,False,Not significant
S01406,Adshako,Village,W019,LGA04,7.707436,10.854893,24.0,Umzaba-Kofar,Ilela,92.45008668297916,231.1252167074479,0,0,,,,False,False,Accessible,False,18,24.0,1.0,T19,True,5,True,False,Tally-only (no GPS confirmation),0.75,0,-1.2136530921098103,0.001,True,Cold spot (well-covered cluster)
S00394,Olbana-Tsakiya,Village,W005,LGA02,7.358284,10.704053,134.0,Jijile,Gwarin,150.0,888.4986141736771,0,0,,,,False,False,Accessible,False,0,,,,False,5,True,False,Plausible miss,0.0,1,1.6708191412571471,0.322,False,Not significant
S00594,Jilama,Settlement,W007,LGA01,7.46777,11.196293,83.0,Bayoyi,Idi-Oro,150.0,1052.7389595175623,35,1,T07,2026-03-11 09:44:00,2026-03-11 10:18:00,False,True,Accessible,False,67,83.0,1.0,T07,True,5,True,False,Visited (track-confirmed),0.8072289156626506,0,0.7093283968014948,0.322,False,Not significant
S00738,Nuzashi,Hamlet,W008,LGA01,7.409595,10.966843,43.0,Umyosa,Idi-Oro,150.0,721.3353557076657,0,0,,,,False,False,Accessible,False,0,,,,False,5,True,False,Plausible miss,0.0,1,2.6323098857128,0.101,False,Not significant
S01558,Umshari,Hamlet,W022,LGA03,8.17524,11.427496,12.0,Sudefa,Katsuma,150.0,806.3882533613189,13,1,T22,2026-03-10 18:18:00,2026-03-10 18:30:00,False,True,Accessible,False,10,12.0,1.0,T22,True,5,True,False,Visited (track-confirmed),0.8333333333333334,0,-0.2521623476541578,0.289,False,Not significant
S01542,Daluta,Settlement,W021,LGA02,7.725235,10.55961,65.0,Yezata,Gwarin,150.0,6145.567430791364,0,0,,,,False,False,Accessible,False,0,,,,False,5,True,False,Plausible miss,0.0,1,0.7093283968014948,0.29,False,Not significant
S01450,Sabewo-Gabas,Urban block,W020,LGA01,7.698592,11.144091,1036.0,Famade,Idi-Oro,141.42595153814918,353.5648788453729,0,0,,,,False,False,Accessible,False,661,1036.0,1.0,T20,True,5,True,False,Tally-only (no GPS confirmation),0.638030888030888,0,-1.2136530921098103,0.001,True,Cold spot (well-covered cluster)
S01704,Ibzana,Settlement,W025,LGA04,7.781227,11.118662,84.0,Okriba,Ilela,150.0,703.7029883673572,144,2,"T01,T25",2026-03-12 13:49:00,2026-03-13 14:46:00,False,True,Accessible,False,0,,,,False,5,True,False,Visited (track-confirmed),0.0,0,-1.2136530921098103,0.001,True,Cold spot (well-covered cluster)
S01229,Rikoni-Sabo,Urban block,W015,LGA01,7.514325,11.198398,580.0,Baluru,Idi-Oro,150.0,530.8784331542777,9,1,T15,2026-03-10 15:25:00,2026-03-12 08:16:00,False,True,Accessible,False,527,580.0,1.0,T15,True,5,True,False,Visited (track-confirmed),0.9086206896551724,0,-1.2136530921098103,0.001,True,Cold spot (well-covered cluster)
S00420,Badede,Urban block,W006,LGA01,7.16296,11.28031,379.0,Okradu,Idi-Oro,150.0,1333.2705422471852,0,0,,,,False,False,Accessible,False,225,379.0,1.0,T06,True,5,True,False,Tally-only (no GPS confirmation),0.5936675461741425,0,0.7093283968014948,0.323,False,Not significant
S02510,Adlude,Village,W040,LGA04,8.402551,11.203558,37.0,Gujiri,Ilela,76.19502665036764,190.48756662591907,0,0,,,,False,False,Accessible,False,0,,,,False,5,True,False,Plausible miss,0.0,1,1.6708191412571471,0.322,False,Not significant
S01311,Makoni,Village,W017,LGA03,7.557902,11.393048,73.0,Bazasa,Katsuma,101.41299411608904,253.53248529022258,36,1,T17,2026-03-10 07:23:00,2026-03-12 10:00:00,False,True,Accessible,False,59,73.0,1.0,T17,True,5,True,False,Visited (track-confirmed),0.8082191780821918,0,0.7093283968014948,0.322,False,Not significant
S00313,Suduwo,Village,W003,LGA01,7.26032,10.979019,169.0,Satita,Idi-Oro,150.0,526.4484747565208,28,1,T03,2026-03-11 07:38:00,2026-03-11 08:05:00,False,True,Accessible,False,124,169.0,1.0,T03,True,5,True,False,Visited (track-confirmed),0.7337278106508875,0,0.7093283968014948,0.322,False,Not significant
S00116,Enriru-Kofar,Settlement,W001,LGA01,7.033939,11.006895,0.0,Ekngoyi,Idi-Oro,104.31657893875376,260.7914473468844,1,1,T01,2026-03-13 09:33:00,2026-03-13 09:33:00,False,True,Accessible,False,42,43.0,1.0,T01,True,5,True,False,Visited (track-confirmed),,0,0.7093283968014948,0.322,False,Not significant
S00303,Umkoru,Village,W003,LGA01,7.245708,11.10832,129.0,Satita,Idi-Oro,150.0,1106.2729265567748,0,0,,,,False,False,Accessible,False,120,129.0,1.0,T03,True,5,True,False,Tally-only (no GPS confirmation),0.9302325581395349,0,-0.2521623476541578,0.287,False,Not significant
S01279,Yebeba-Tudun,Hamlet,W017,LGA03,7.528544,11.396788,23.0,Bazasa,Katsuma,131.69640190822795,329.2410047705699,37,1,T17,2026-03-11 07:42:00,2026-03-11 08:18:00,False,True,Accessible,False,16,23.0,1.0,T17,True,5,True,False,Visited (track-confirmed),0.6956521739130435,0,-1.2136530921098103,0.001,True,Cold spot (well-covered cluster)
S01235,Uzjiba,Village,W016,LGA02,7.570645,10.440412,21.0,Uzritu,Gwarin,134.33483708036349,335.83709270090867,24,1,T16,2026-03-10 10:04:00,2026-03-10 10:27:00,False,True,Accessible,False,13,21.0,1.0,T16,True,5,True,False,Visited (track-confirmed),0.6190476190476191,0,-0.2521623476541578,0.287,False,Not significant
S01714,Ibraja,Hamlet,W026,LGA03,7.716355,11.526259,26.0,Kungomi,Katsuma,150.0,927.9040229672582,26,1,T26,2026-03-09 13:50:00,2026-03-09 14:15:00,False,True,Accessible,False,18,26.0,1.0,T26,True,5,True,False,Visited (track-confirmed),0.6923076923076923,0,-0.2521623476541578,0.287,False,Not significant
S01950,Biduja,Village,W030,LGA04,7.90101,10.631634,54.0,Yeride,Ilela,50.0,63.50563568409182,1,1,T30,2026-03-11 15:34:00,2026-03-11 15:34:00,False,True,Accessible,True,0,,,,False,5,True,False,Visited (track-confirmed),0.0,0,-1.2136530921098103,0.001,True,Cold spot (well-covered cluster)
S02222,Suzatu,Hamlet,W035,LGA04,8.321809,11.052772,35.0,Dazata,Ilela,150.0,2936.0982227852855,0,0,,,,False,False,Accessible,False,28,35.0,1.0,T03,True,5,True,True,Tally-only (no GPS confirmation),0.8,0,-1.2136530921098103,0.001,True,Cold spot (well-covered cluster)
S02436,Ibberi-Yamma,Village,W039,LGA04,8.245854,10.838786,12.0,Nungoni-Arewa,Ilela,61.62000189144121,154.05000472860303,0,0,,,,False,False,Accessible,False,10,12.0,1.0,T07,True,5,True,True,Tally-only (no GPS confirmation),0.8333333333333334,0,-1.2136530921098103,0.001,True,Cold spot (well-covered cluster)
S01319,Kajiba,Village,W017,LGA03,7.533401,11.383324,49.0,Bazasa,Katsuma,150.0,1094.8156895279653,0,0,,,,False,False,Accessible,False,0,,,,False,5,True,False,Plausible miss,0.0,1,0.7093283968014948,0.287,False,Not significant
S01838,Umtsisa,Hamlet,W028,LGA04,7.999175,10.74903,40.0,Wangoja,Ilela,150.0,663.4305300332109,0,0,,,,False,False,Accessible,False,0,,,,False,5,True,False,Plausible miss,0.0,1,0.7093283968014948,0.287,False,Not significant
S01241,Zaluyi,Hamlet,W016,LGA02,7.571533,10.45816,20.0,Uzritu,Gwarin,150.0,648.6366024454062,23,1,T16,2026-03-12 07:37:00,2026-03-12 07:59:00,False,True,Accessible,False,16,20.0,1.0,T16,True,5,True,False,Visited (track-confirmed),0.8,0,-0.2521623476541578,0.286,False,Not significant
S00667,Adyole,Village,W008,LGA01,7.323871,10.860991,58.0,Umyosa,Idi-Oro,150.0,611.5865850943633,0,0,,,,False,False,Accessible,False,45,58.0,1.0,T08,True,5,True,False,Tally-only (no GPS confirmation),0.7758620689655172,0,-0.2521623476541578,0.286,False,Not significant
S02146,Gutimi,Settlement,W033,LGA03,7.984263,11.129898,50.0,Tasayi,Katsuma,150.0,702.0404559563362,0,0,,,,False,False,Accessible,False,53,50.0,1.0,T01,True,5,True,False,Tally-only (no GPS confirmation),1.06,0,-1.2136530921098103,0.001,True,Cold spot (well-covered cluster)
S01194,Enwama,Urban block,W015,LGA01,7.705836,11.277647,575.0,Baluru,Idi-Oro,150.0,542.9773726467185,0,0,,,,False,False,Accessible,False,431,575.0,1.0,T15,True,5,True,False,Tally-only (no GPS confirmation),0.7495652173913043,0,-1.2136530921098103,0.001,True,Cold spot (well-covered cluster)
S02448,Umtsifa-Kofar,Village,W039,LGA04,8.275666,10.85616,101.0,Nungoni-Arewa,Ilela,57.89891146784505,144.74727866961263,0,0,,,,False,False,Accessible,False,81,101.0,1.0,T07,True,5,True,True,Tally-only (no GPS confirmation),0.801980198019802,0,-1.2136530921098103,0.001,True,Cold spot (well-covered cluster)
S00063,Ringowa,Urban block,W001,LGA01,7.174387,11.04608,137.0,Ekngoyi,Idi-Oro,150.0,2241.8989015752963,25,1,T01,2026-03-13 14:31:00,2026-03-13 14:55:00,False,True,Accessible,False,98,137.0,1.0,T01,True,5,True,False,Visited (track-confirmed),0.7153284671532847,0,1.6708191412571471,0.1,False,Not significant
S00584,Uznatu,Urban block,W007,LGA01,7.310246,11.310883,127.0,Bayoyi,Idi-Oro,150.0,654.4241382598419,0,0,,,,False,False,Accessible,False,97,127.0,1.0,T07,True,5,True,False,Tally-only (no GPS confirmation),0.7637795275590551,0,0.7093283968014948,0.323,False,Not significant
S01796,Harini-Kudu,Village,W028,LGA04,7.99269,10.81684,92.0,Wangoja,Ilela,150.0,1118.396146137127,0,0,,,,False,False,Accessible,False,81,92.0,1.0,T28,True,5,True,False,Tally-only (no GPS confirmation),0.8804347826086957,0,-1.2136530921098103,0.001,True,Cold spot (well-covered cluster)
S01786,Harana,Village,W027,LGA03,7.913459,11.477113,50.0,Daberi,Katsuma,71.78364295783904,179.45910739459757,1,1,T27,2026-03-13 08:23:00,2026-03-13 08:23:00,False,True,Accessible,False,0,,,,False,5,True,False,Visited (track-confirmed),0.0,0,-1.2136530921098103,0.001,True,Cold spot (well-covered cluster)
S00893,Sashaba,Hamlet,W011,LGA02,7.730796,10.471925,47.0,Enyoko-Kofar,Gwarin,150.0,970.2579213869274,0,0,,,,False,False,Accessible,False,33,47.0,1.0,T11,True,5,True,False,Tally-only (no GPS confirmation),0.7021276595744681,0,-0.2521623476541578,0.286,False,Not significant
S00951,Wamama,Settlement,W012,LGA02,7.325056,10.50828,57.0,Darari,Gwarin,150.0,657.3982878020878,23,1,T12,2026-03-09 11:33:00,2026-03-11 07:25:00,False,True,Accessible,False,48,57.0,1.0,T12,True,5,True,False,Visited (track-confirmed),0.8421052631578947,0,-1.2136530921098103,0.001,True,Cold spot (well-covered cluster)
S02372,Umjide,Village,W038,LGA03,8.235076,11.403724,34.0,Sashasa,Katsuma,150.0,1153.0525956260863,0,0,,,,False,False,Accessible,False,36,34.0,1.0,T06,True,5,True,False,Tally-only (no GPS confirmation),1.0588235294117647,0,1.6708191412571471,0.1,False,Not significant
S02491,Zadefa-Kudu,Village,W040,LGA04,8.317449,11.17838,77.0,Gujiri,Ilela,150.0,1459.2362613095709,0,0,,,,False,False,Accessible,False,71,77.0,1.0,T08,True,5,True,False,Tally-only (no GPS confirmation),0.922077922077922,0,0.7093283968014948,0.323,False,Not significant
S00983,Surima-Gabas,Settlement,W013,LGA02,7.476944,10.577674,53.0,Sashako,Gwarin,111.73013003369783,279.3253250842446,32,1,T13,2026-03-11 07:18:00,2026-03-13 10:35:00,False,True,Accessible,False,43,53.0,1.0,T13,True,5,True,False,Visited (track-confirmed),0.8113207547169812,0,-1.2136530921098103,0.001,True,Cold spot (well-covered cluster)
S01276,Nujija,Settlement,W016,LGA02,7.585348,10.453266,23.0,Uzritu,Gwarin,150.0,471.2958554068229,132,1,T16,2026-03-10 09:36:00,2026-03-12 13:39:00,False,True,Accessible,False,20,23.0,1.0,T16,True,5,True,False,Visited (track-confirmed),0.8695652173913043,0,-1.2136530921098103,0.001,True,Cold spot (well-covered cluster)
S01387,Ritsima,Hamlet,W019,LGA04,7.597933,11.010327,27.0,Umzaba-Kofar,Ilela,120.51489729242985,301.2872432310746,2,1,T19,2026-03-10 08:02:00,2026-03-10 08:03:00,False,True,Accessible,False,0,,,,False,5,True,False,Visited (track-confirmed),0.0,0,-1.2136530921098103,0.001,True,Cold spot (well-covered cluster)
S02046,Gurami,Village,W031,LGA03,8.013759,11.259834,24.0,Satide,Katsuma,150.0,1804.4232306993533,0,0,,,,False,False,Accessible,False,0,,,,False,5,True,False,Plausible miss,0.0,1,2.6323098857128,0.1,False,Not significant
S02309,Kutima,Hamlet,W036,LGA04,8.156282,10.727973,12.0,Mawako,Ilela,150.0,922.0039362236001,0,0,,,,False,False,Accessible,False,9,12.0,1.0,T04,True,5,True,False,Tally-only (no GPS confirmation),0.75,0,-1.2136530921098103,0.001,True,Cold spot (well-covered cluster)
S02307,Agtitu-Tudun,Village,W036,LGA04,8.167294,10.661604,73.0,Mawako,Ilela,150.0,926.640436434033,0,0,,,,False,False,Accessible,False,47,73.0,1.0,T04,True,5,True,False,Tally-only (no GPS confirmation),0.6438356164383562,0,-1.2136530921098103,0.001,True,Cold spot (well-covered cluster)
S02440,Dakosa,Village,W039,LGA04,8.346238,10.91443,58.0,Nungoni-Arewa,Ilela,150.0,734.2296848103402,0,0,,,,False,False,Accessible,False,56,58.0,1.0,T07,True,5,True,True,Tally-only (no GPS confirmation),0.9655172413793104,0,-1.2136530921098103,0.001,True,Cold spot (well-covered cluster)
S00480,Sulufa-Yamma,Urban block,W006,LGA01,7.235263,11.25266,356.0,Okradu,Idi-Oro,150.0,820.029134367665,0,0,,,,False,False,Accessible,False,309,356.0,1.0,T06,True,5,True,False,Tally-only (no GPS confirmation),0.8679775280898876,0,2.6323098857128,0.022,False,Not significant
S02476,Olrale,Village,W040,LGA04,8.384541,11.195212,132.0,Gujiri,Ilela,150.0,806.8979482420262,0,0,,,,False,False,Accessible,False,76,132.0,1.0,T08,True,5,True,False,Tally-only (no GPS confirmation),0.5757575757575758,0,0.7093283968014948,0.323,False,Not significant
S02225,Loduni,Village,W035,LGA04,8.258246,11.003884,15.0,Dazata,Ilela,150.0,687.7365290380382,0,0,,,,False,False,Accessible,False,14,15.0,1.0,T03,True,5,True,True,Tally-only (no GPS confirmation),0.9333333333333333,0,-1.2136530921098103,0.001,True,Cold spot (well-covered cluster)
S01389,Doradu,Hamlet,W019,LGA04,7.604064,11.005583,18.0,Umzaba-Kofar,Ilela,92.59507895440933,231.4876973860233,29,2,"T05,T19",2026-03-09 16:07:00,2026-03-13 15:54:00,False,True,Accessible,False,17,18.0,1.0,T19,True,5,True,False,Visited (track-confirmed),0.9444444444444444,0,-1.2136530921098103,0.001,True,Cold spot (well-covered cluster)
S00413,Bideyi,Settlement,W006,LGA01,7.207739,11.176705,199.0,Okradu,Idi-Oro,150.0,2116.6922855393004,0,0,,,,False,False,Accessible,False,184,199.0,1.0,T06,True,5,True,False,Tally-only (no GPS confirmation),0.9246231155778895,0,-0.2521623476541578,0.285,False,Not significant
S00342,Okbele,Hamlet,W004,LGA02,7.195427,10.669986,3.0,Yesawo,Gwarin,102.53581516901976,256.33953792254937,0,0,,,,False,False,Accessible,False,3,3.0,1.0,T04,True,5,True,False,Tally-only (no GPS confirmation),1.0,0,-1.2136530921098103,0.001,True,Cold spot (well-covered cluster)
S00550,Yeriri,Settlement,W007,LGA01,7.381281,11.246381,168.0,Bayoyi,Idi-Oro,54.02893444784831,135.07233611962076,0,0,,,,False,False,Accessible,False,154,168.0,1.0,T07,True,5,True,False,Tally-only (no GPS confirmation),0.9166666666666666,0,-0.2521623476541578,0.285,False,Not significant
S01274,Ibtsiri,Village,W016,LGA02,7.656724,10.518936,49.0,Uzritu,Gwarin,150.0,2310.5898198288264,19,1,T16,2026-03-09 11:46:00,2026-03-09 12:04:00,False,True,Accessible,False,31,49.0,1.0,T16,True,5,True,False,Visited (track-confirmed),0.6326530612244898,0,-1.2136530921098103,0.001,True,Cold spot (well-covered cluster)
S01941,Biluja,Hamlet,W030,LGA04,8.030519,10.572812,5.0,Yeride,Ilela,150.0,773.5320118471785,0,0,,,,False,False,Accessible,False,4,5.0,1.0,T30,True,5,True,False,Tally-only (no GPS confirmation),0.8,0,0.7093283968014948,0.323,False,Not significant
S00500,Zazana,Urban block,W006,LGA01,7.205802,11.22368,528.0,Okradu,Idi-Oro,150.0,2079.8030152136753,0,0,,,,False,False,Accessible,False,515,528.0,1.0,T06,True,5,True,False,Tally-only (no GPS confirmation),0.9753787878787878,0,-1.2136530921098103,0.001,True,Cold spot (well-covered cluster)
S01530,Mawani,Hamlet,W021,LGA02,7.875689,10.501819,14.0,Yezata,Gwarin,50.0,21.532265570551704,6,1,T21,2026-03-09 16:21:00,2026-03-09 18:03:00,True,True,Accessible,True,0,,,,False,5,True,False,Visited (track-confirmed),0.0,0,-1.2136530921098103,0.001,True,Cold spot (well-covered cluster)
S01175,Jizani,Settlement,W015,LGA01,7.518164,11.245769,52.0,Baluru,Idi-Oro,77.86607472466622,194.66518681166554,0,0,,,,False,False,Accessible,False,33,52.0,1.0,T15,True,5,True,False,Tally-only (no GPS confirmation),0.6346153846153846,0,-1.2136530921098103,0.001,True,Cold spot (well-covered cluster)
S00092,Agtsiko-Gabas,Village,W001,LGA01,7.159108,11.092896,90.0,Ekngoyi,Idi-Oro,97.6308643506506,244.0771608766265,0,0,,,,False,False,Accessible,False,0,,,,False,5,True,False,Plausible miss,0.0,1,1.6708191412571471,0.322,False,Not significant
S02367,Uzyode,Urban block,W038,LGA03,8.37749,11.378918,248.0,Sashasa,Katsuma,150.0,2027.9188967369373,0,0,,,,False,False,Accessible,False,167,248.0,1.0,T06,True,5,True,False,Tally-only (no GPS confirmation),0.6733870967741935,0,1.6708191412571471,0.099,False,Not significant
S01748,Bangofa,Village,W026,LGA03,7.742536,11.515757,48.0,Kungomi,Katsuma,150.0,404.5793268401464,34,1,T26,2026-03-10 14:42:00,2026-03-12 07:15:00,False,True,Accessible,False,34,48.0,1.0,T26,True,5,True,False,Visited (track-confirmed),0.7083333333333334,0,-0.2521623476541578,0.284,False,Not significant
S01012,Bidude,Urban block,W014,LGA01,7.484911,11.494052,430.0,Bishama,Idi-Oro,150.0,413.96123283965915,3,1,T14,2026-03-13 10:21:00,2026-03-13 10:23:00,False,True,Accessible,False,300,430.0,1.0,T14,True,5,True,False,Visited (track-confirmed),0.6976744186046512,0,-1.2136530921098103,0.001,True,Cold spot (well-covered cluster)
S00330,Baritu,Village,W004,LGA02,7.195187,10.68726,95.0,Yesawo,Gwarin,150.0,396.80624037142695,0,0,,,,False,False,Accessible,False,82,95.0,1.0,T04,True,5,True,False,Tally-only (no GPS confirmation),0.8631578947368421,0,-1.2136530921098103,0.001,True,Cold spot (well-covered cluster)
S00229,Tajija,Hamlet,W003,LGA01,7.386991,11.087803,22.0,Satita,Idi-Oro,150.0,1146.695022824332,7,1,T01,2026-03-09 15:10:00,2026-03-09 15:17:00,False,True,Accessible,False,0,,,,False,5,True,False,Visited (track-confirmed),0.0,0,0.7093283968014948,0.322,False,Not significant
S01700,Wasayi-Kofar,Settlement,W025,LGA04,7.806569,11.073819,29.0,Okriba,Ilela,150.0,479.9898207059535,27,1,T25,2026-03-13 11:13:00,2026-03-13 16:42:00,False,True,Accessible,False,0,,,,False,5,True,False,Visited (track-confirmed),0.0,0,-0.2521623476541578,0.284,False,Not significant
D01686,Ibmayi,Settlement,W025,LGA04,7.837077,11.019785,25.0,Okriba,Ilela,150.0,899.9071630608672,0,0,,,,False,False,Accessible,False,0,,,,False,5,True,False,Plausible miss,0.0,1,1.6708191412571471,0.322,False,Not significant
S00365,Lotide-Kofar,Hamlet,W004,LGA02,7.212726,10.690471,13.0,Yesawo,Gwarin,150.0,611.1376270809003,0,0,,,,False,False,Accessible,False,0,,,,False,5,True,False,Plausible miss,0.0,1,0.7093283968014948,0.284,False,Not significant
S00981,Ringomi,Settlement,W013,LGA02,7.514493,10.680411,40.0,Sashako,Gwarin,150.0,1053.579513669544,28,1,T13,2026-03-09 10:56:00,2026-03-09 11:23:00,False,True,Accessible,False,40,40.0,1.0,T13,True,5,True,False,Visited (track-confirmed),1.0,0,0.7093283968014948,0.324,False,Not significant
S02462,Dowadu-Kudu,Village,W039,LGA04,8.324557,10.918764,52.0,Nungoni-Arewa,Ilela,150.0,1371.180596580711,0,0,,,,False,False,Accessible,False,51,52.0,1.0,T07,True,5,True,True,Tally-only (no GPS confirmation),0.9807692307692307,0,-1.2136530921098103,0.001,True,Cold spot (well-covered cluster)
S00745,Enyoba,Hamlet,W008,LGA01,7.242207,10.891844,33.0,Umyosa,Idi-Oro,150.0,1772.192024969569,0,0,,,,False,False,Accessible,False,24,33.0,1.0,T08,True,5,True,False,Tally-only (no GPS confirmation),0.7272727272727273,0,0.7093283968014948,0.324,False,Not significant
S00290,Olnayi,Village,W003,LGA01,7.377468,11.110334,47.0,Satita,Idi-Oro,150.0,847.9744235019564,0,0,,,,False,False,Accessible,False,30,47.0,1.0,T03,True,5,True,False,Tally-only (no GPS confirmation),0.6382978723404256,0,0.7093283968014948,0.324,False,Not significant
S00135,Yebede,Village,W002,LGA01,7.072203,10.928203,58.0,Ekduru,Idi-Oro,150.0,2489.6651648062884,0,0,,,,False,False,Accessible,False,39,58.0,1.0,T02,True,5,True,False,Tally-only (no GPS confirmation),0.6724137931034483,0,0.7093283968014948,0.324,False,Not significant
S02074,Jingode,Settlement,W032,LGA04,7.991996749463848,10.914919,18.0,Bisani-Gabas,Ilela,150.0,1189.968362970235,0,0,,,,False,False,Accessible,False,17,18.0,1.0,T32,True,5,True,False,Tally-only (no GPS confirmation),0.9444444444444444,0,-1.2136530921098103,0.001,True,Cold spot (well-covered cluster)
S02110,Fangodu,Village,W033,LGA03,7.994622,11.151983,32.0,Tasayi,Katsuma,108.83402186746758,272.08505466866893,0,0,,,,False,False,Accessible,False,22,32.0,1.0,T01,True,5,True,False,Tally-only (no GPS confirmation),0.6875,0,-1.2136530921098103,0.001,True,Cold spot (well-covered cluster)
S01719,Uzwafa,Hamlet,W026,LGA03,7.750435,11.546149,12.0,Kungomi,Katsuma,133.50566854502887,333.76417136257214,30,1,T26,2026-03-10 07:38:00,2026-03-10 08:07:00,False,True,Accessible,False,12,12.0,1.0,T26,True,5,True,False,Visited (track-confirmed),1.0,0,-0.2521623476541578,0.283,False,Not significant
S00158,Hangoshi,Urban block,W002,LGA01,7.130201,10.761549,87.0,Ekduru,Idi-Oro,150.0,604.4637179532527,0,0,,,,False,False,Accessible,False,51,87.0,1.0,T02,True,5,True,False,Tally-only (no GPS confirmation),0.5862068965517241,0,-1.2136530921098103,0.001,True,Cold spot (well-covered cluster)
S00558,Okdutu,Village,W007,LGA01,7.379712,11.161591,155.0,Bayoyi,Idi-Oro,150.0,1240.435842610426,0,0,,,,False,False,Accessible,False,88,155.0,1.0,T07,True,5,True,False,Tally-only (no GPS confirmation),0.567741935483871,0,-0.2521623476541578,0.283,False,Not significant
S01863,Balaba,Hamlet,W029,LGA04,7.990207,10.988249,16.0,Wangoni,Ilela,105.47255556632291,263.68138891580725,2,1,T29,2026-03-13 11:22:00,2026-03-13 11:23:00,False,True,Accessible,False,9,16.0,1.0,T29,True,5,True,False,Visited (track-confirmed),0.5625,0,-0.2521623476541578,0.283,False,Not significant
D01175,Jizani,Settlement,W015,LGA01,7.515576,11.239785,52.0,Baluru,Idi-Oro,150.0,551.0089583839269,5,1,T15,2026-03-12 10:36:00,2026-03-12 10:40:00,False,True,Accessible,False,0,,,,False,5,True,False,Visited (track-confirmed),0.0,0,-1.2136530921098103,0.001,True,Cold spot (well-covered cluster)
S00959,Dodetu,Hamlet,W013,LGA02,7.49633,10.537451,30.0,Sashako,Gwarin,150.0,1069.4599259097806,37,1,T13,2026-03-10 07:16:00,2026-03-10 07:52:00,False,True,Accessible,False,21,30.0,1.0,T13,True,5,True,False,Visited (track-confirmed),0.7,0,-1.2136530921098103,0.001,True,Cold spot (well-covered cluster)
S00724,Okwale,Village,W008,LGA01,7.428093,10.975174,99.0,Umyosa,Idi-Oro,139.589379729021,348.9734493225525,0,0,,,,False,False,Accessible,False,95,99.0,1.0,T08,True,5,True,False,Tally-only (no GPS confirmation),0.9595959595959596,0,0.7093283968014948,0.324,False,Not significant
S00689,Olwatu,Urban block,W008,LGA01,7.329201,10.847348,158.0,Umyosa,Idi-Oro,150.0,982.4037600031558,3,1,T02,2026-03-10 12:47:00,2026-03-10 12:49:00,False,True,Accessible,False,92,158.0,1.0,T08,True,5,True,False,Visited (track-confirmed),0.5822784810126582,0,-0.2521623476541578,0.283,False,Not significant
S00662,Jibena,Village,W008,LGA01,7.204619,10.913538,166.0,Umyosa,Idi-Oro,128.65806910613327,321.64517276533314,0,0,,,,False,False,Accessible,False,124,166.0,1.0,T08,True,5,True,False,Tally-only (no GPS confirmation),0.7469879518072289,0,-0.2521623476541578,0.283,False,Not significant
S00345,Falama,Village,W004,LGA02,7.204952,10.59458,64.0,Yesawo,Gwarin,150.0,1601.2841383543707,0,0,,,,False,False,Accessible,False,39,64.0,1.0,T04,True,5,True,False,Tally-only (no GPS confirmation),0.609375,0,-1.2136530921098103,0.001,True,Cold spot (well-covered cluster)
S00659,Ektsitu,Hamlet,W007,LGA01,7.361624,11.261403,12.0,Bayoyi,Idi-Oro,150.0,765.1137425066695,17,1,T07,2026-03-13 07:16:00,2026-03-13 07:35:00,False,True,Accessible,False,9,12.0,1.0,T07,True,5,True,False,Visited (track-confirmed),0.75,0,0.7093283968014948,0.324,False,Not significant
S00058,Umratu,Village,W001,LGA01,7.079446,11.047238,166.0,Ekngoyi,Idi-Oro,150.0,1269.837353713383,0,0,,,,False,False,Accessible,False,163,166.0,1.0,T01,True,5,True,False,Tally-only (no GPS confirmation),0.9819277108433735,0,-1.2136530921098103,0.001,True,Cold spot (well-covered cluster)
S00574,Kangoru,Village,W007,LGA01,7.388417,11.242439,174.0,Bayoyi,Idi-Oro,117.38500010778233,293.4625002694558,4,1,T07,2026-03-12 13:10:00,2026-03-12 13:13:00,False,True,Accessible,False,164,174.0,1.0,T07,True,5,True,False,Visited (track-confirmed),0.9425287356321839,0,-0.2521623476541578,0.283,False,Not significant
S01949,Uzdude,Village,W030,LGA04,7.892708,10.620936,71.0,Yeride,Ilela,150.0,534.2201060476784,0,0,,,,False,False,Accessible,False,71,71.0,1.0,T30,True,5,True,False,Tally-only (no GPS confirmation),1.0,0,-0.2521623476541578,0.283,False,Not significant
S01677,Jibeyi-Arewa,Village,W025,LGA04,7.797814,11.108725,40.0,Okriba,Ilela,150.0,591.7654901700222,34,1,T25,2026-03-12 07:08:00,2026-03-12 07:41:00,False,True,Accessible,False,0,,,,False,5,True,False,Visited (track-confirmed),0.0,0,-0.2521623476541578,0.283,False,Not significant
S00006,Bishaja-Gabas,Hamlet,W001,LGA01,7.114381,11.056097,69.0,Ekngoyi,Idi-Oro,150.0,2094.1182343576033,0,0,,,,False,False,Accessible,False,65,69.0,1.0,T01,True,5,True,False,Tally-only (no GPS confirmation),0.9420289855072463,0,-0.2521623476541578,0.283,False,Not significant
S00179,Yezawo,Village,W002,LGA01,7.109247,10.728116,392.0,Ekduru,Idi-Oro,150.0,396.6151526108834,0,0,,,,False,False,Accessible,False,314,392.0,1.0,T02,True,5,True,False,Tally-only (no GPS confirmation),0.8010204081632653,0,0.7093283968014948,0.324,False,Not significant
S00425,Kawama,Hamlet,W006,LGA01,7.133459590526011,11.188759,36.0,Okradu,Idi-Oro,150.0,375.2261458985873,0,0,,,,False,False,Accessible,False,25,36.0,1.0,T06,True,5,True,False,Tally-only (no GPS confirmation),0.6944444444444444,0,1.6708191412571471,0.099,False,Not significant
S01866,Jideyi,Village,W029,LGA04,7.980657,11.088125,18.0,Wangoni,Ilela,150.0,452.95705841014166,23,1,T29,2026-03-12 13:00:00,2026-03-13 07:46:00,False,True,Accessible,False,10,18.0,1.0,T29,True,5,True,False,Visited (track-confirmed),0.5555555555555556,0,-1.2136530921098103,0.001,True,Cold spot (well-covered cluster)
S02166,Halayi,Hamlet,W034,LGA03,8.271553,11.230602,11.0,Dodeta,Katsuma,150.0,690.5642586338997,0,0,,,,False,False,Accessible,False,9,11.0,1.0,T02,True,5,True,False,Tally-only (no GPS confirmation),0.8181818181818182,0,-0.2521623476541578,0.283,False,Not significant
S00477,Kalule,Village,W006,LGA01,7.170799,11.292885,58.0,Okradu,Idi-Oro,130.2392876245699,325.59821906142474,0,0,,,,False,False,Accessible,False,0,,,,False,5,True,False,Plausible miss,0.0,1,-0.2521623476541578,0.001,True,Cold spot (well-covered cluster)
S02401,Uzkoshi,Village,W038,LGA03,8.322425,11.35036,26.0,Sashasa,Katsuma,150.0,2833.0761171184517,23,1,T06,2026-03-12 07:33:00,2026-03-12 07:55:00,False,True,Accessible,False,27,26.0,1.0,T06,True,5,True,False,Visited (track-confirmed),1.0384615384615385,0,1.6708191412571471,0.099,False,Not significant
S00075,Fashale-Kofar,Hamlet,W001,LGA01,7.080786,11.001601,71.0,Ekngoyi,Idi-Oro,150.0,1991.9294409387594,0,0,,,,False,False,Accessible,False,0,,,,False,5,True,False,Plausible miss,0.0,1,1.6708191412571471,0.324,False,Not significant
S01540,Ekshashi,Village,W021,LGA02,7.847146,10.574144,183.0,Yezata,Gwarin,150.0,1175.2636383906204,123,1,T21,2026-03-10 15:46:00,2026-03-10 17:48:00,False,True,Accessible,False,182,183.0,1.0,T21,True,5,True,False,Visited (track-confirmed),0.994535519125683,0,-0.2521623476541578,0.287,False,Not significant
S00965,Fatsiwa,Village,W013,LGA02,7.502212,10.552474,109.0,Sashako,Gwarin,126.45430192023316,316.1357548005829,32,1,T13,2026-03-09 07:17:00,2026-03-12 12:00:00,False,True,Accessible,False,76,109.0,1.0,T13,True,5,True,False,Visited (track-confirmed),0.6972477064220184,0,-1.2136530921098103,0.001,True,Cold spot (well-covered cluster)
S00060,Fanaja,Hamlet,W001,LGA01,7.152214,11.045123,29.0,Ekngoyi,Idi-Oro,56.66713233914559,141.66783084786397,0,0,,,,False,False,Accessible,False,0,,,,False,5,True,False,Plausible miss,0.0,1,0.7093283968014948,0.288,False,Not significant
S01752,Yengoko,Hamlet,W026,LGA03,7.76576,11.423556,29.0,Kungomi,Katsuma,150.0,807.3605679479907,37,1,T26,2026-03-13 08:17:00,2026-03-13 08:53:00,False,True,Accessible,False,24,29.0,1.0,T26,True,5,True,False,Visited (track-confirmed),0.8275862068965517,0,1.6708191412571471,0.098,False,Not significant
S00791,Kujidu,Settlement,W009,LGA02,7.623405,10.797477,52.0,Washatu,Gwarin,150.0,3643.952143649264,0,0,,,,False,False,Accessible,False,40,52.0,1.0,T09,True,5,True,False,Tally-only (no GPS confirmation),0.7692307692307693,0,-1.2136530921098103,0.001,True,Cold spot (well-covered cluster)
S01563,Kuluna,Village,W022,LGA03,8.065922,11.519368,49.0,Sudefa,Katsuma,150.0,632.6177232650758,29,1,T22,2026-03-11 16:11:00,2026-03-11 16:39:00,False,True,Accessible,False,39,49.0,1.0,T22,True,5,True,False,Visited (track-confirmed),0.7959183673469388,0,1.6708191412571471,0.098,False,Not significant
S01168,Dasharu,Urban block,W015,LGA01,7.657826,11.262971,198.0,Baluru,Idi-Oro,150.0,500.7427040445004,1,1,T15,2026-03-11 13:19:00,2026-03-11 13:19:00,False,True,Accessible,False,121,198.0,1.0,T15,True,5,True,False,Visited (track-confirmed),0.6111111111111112,0,0.7093283968014948,0.324,False,Not significant
S01223,Ektide,Village,W015,LGA01,7.703457,11.269393,213.0,Baluru,Idi-Oro,150.0,715.5059328008726,0,0,,,,False,False,Accessible,False,156,213.0,1.0,T15,True,5,True,False,Tally-only (no GPS confirmation),0.7323943661971831,0,-0.2521623476541578,0.287,False,Not significant
S00838,Yewami,Village,W010,LGA02,7.422735,10.766297,45.0,Fazafa,Gwarin,150.0,1241.8800864603231,36,1,T10,2026-03-10 07:22:00,2026-03-10 07:57:00,False,True,Accessible,False,28,45.0,1.0,T10,True,5,True,False,Visited (track-confirmed),0.6222222222222222,0,-1.2136530921098103,0.001,True,Cold spot (well-covered cluster)
S01134,Jilari,Settlement,W015,LGA01,7.570117,11.24628,184.0,Baluru,Idi-Oro,150.0,864.5100074626199,0,0,,,,False,False,Accessible,False,191,184.0,1.0,T15,True,5,True,False,Tally-only (no GPS confirmation),1.0380434782608696,0,-0.2521623476541578,0.287,False,Not significant
S01717,Adrari,Hamlet,W026,LGA03,7.699843,11.525242,13.0,Kungomi,Katsuma,150.0,1196.2198886827257,0,0,,,,False,False,Accessible,False,8,13.0,1.0,T26,True,5,True,False,Tally-only (no GPS confirmation),0.6153846153846154,0,-0.2521623476541578,0.287,False,Not significant
S01564,Okngotu,Village,W022,LGA03,8.058612,11.437872,124.0,Sudefa,Katsuma,150.0,4888.375722622112,36,1,T22,2026-03-09 07:26:00,2026-03-09 08:01:00,False,True,Accessible,False,102,124.0,1.0,T22,True,5,True,False,Visited (track-confirmed),0.8225806451612904,0,-1.2136530921098103,0.001,True,Cold spot (well-covered cluster)
S00242,Gulushi,Settlement,W003,LGA01,7.403844,11.11196,103.0,Satita,Idi-Oro,150.0,1263.452291145855,0,0,,,,False,False,Accessible,False,66,103.0,1.0,T03,True,5,True,False,Tally-only (no GPS confirmation),0.6407766990291263,0,-1.2136530921098103,0.001,True,Cold spot (well-covered cluster)
S00492,Suludu,Urban block,W006,LGA01,7.17985,11.356634,360.0,Okradu,Idi-Oro,150.0,437.71573014192234,0,0,,,,False,False,Accessible,False,0,,,,False,5,True,False,Plausible miss,0.0,1,0.7093283968014948,0.287,False,Not significant
S00056,Ibrawo,Urban block,W001,LGA01,7.035921,11.035611,666.0,Ekngoyi,Idi-Oro,150.0,379.51951148029013,0,0,,,,False,False,Accessible,False,0,,,,False,5,True,False,Plausible miss,0.0,1,-0.2521623476541578,0.001,True,Cold spot (well-covered cluster)
S01523,Adlufa,Village,W021,LGA02,7.871392,10.515694,34.0,Yezata,Gwarin,150.0,479.34534917042294,4,1,T21,2026-03-09 18:22:00,2026-03-09 18:25:00,False,True,Accessible,False,0,,,,False,5,True,False,Visited (track-confirmed),0.0,0,-0.2521623476541578,0.287,False,Not significant
S01206,Bashashi,Hamlet,W015,LGA01,7.557546,11.269784,49.0,Baluru,Idi-Oro,150.0,712.3503521528093,5,1,T15,2026-03-10 08:37:00,2026-03-10 08:41:00,False,True,Accessible,False,0,,,,False,5,True,False,Visited (track-confirmed),0.0,0,-0.2521623476541578,0.287,False,Not significant
S00759,Tatsishi,Urban block,W008,LGA01,7.414458,10.971537,409.0,Umyosa,Idi-Oro,134.98593419772294,337.46483549430735,0,0,,,,False,False,Accessible,False,386,409.0,1.0,T08,True,5,True,False,Tally-only (no GPS confirmation),0.9437652811735942,0,2.6323098857128,0.023,False,Not significant
S00840,Dajile,Urban block,W010,LGA02,7.399693,10.877864,193.0,Fazafa,Gwarin,150.0,727.3139611911747,0,0,,,,False,False,Accessible,False,112,193.0,1.0,T10,True,5,True,False,Tally-only (no GPS confirmation),0.5803108808290155,0,-0.2521623476541578,0.287,False,Not significant
S02128,Oldede,Hamlet,W033,LGA03,7.968726,11.169152,10.0,Tasayi,Katsuma,150.0,762.4345013423325,0,0,,,,False,False,Accessible,False,10,10.0,1.0,T01,True,5,True,False,Tally-only (no GPS confirmation),1.0,0,1.6708191412571471,0.096,False,Not significant
S01878,Loduwo-Kofar,Settlement,W029,LGA04,7.937905,11.051723,59.0,Wangoni,Ilela,150.0,1096.0001479665211,20,1,T29,2026-03-09 10:43:00,2026-03-09 11:02:00,False,True,Accessible,False,36,59.0,1.0,T29,True,5,True,False,Visited (track-confirmed),0.6101694915254238,0,-1.2136530921098103,0.001,True,Cold spot (well-covered cluster)
S01396,Bayowa-Kudu,Village,W019,LGA04,7.671422,10.821992,33.0,Umzaba-Kofar,Ilela,150.0,3970.229986854483,0,0,,,,False,False,Accessible,False,32,33.0,1.0,T19,True,5,True,False,Tally-only (no GPS confirmation),0.9696969696969697,0,-1.2136530921098103,0.001,True,Cold spot (well-covered cluster)
S01325,Fadeba,Village,W018,LGA02,7.561081,10.636897,16.0,Adwana,Gwarin,102.58608170078782,256.4652042519695,0,0,,,,False,False,Accessible,False,0,,,,False,5,True,False,Plausible miss,0.0,1,-0.2521623476541578,0.001,True,Cold spot (well-covered cluster)
S02212,Ekrile,Settlement,W034,LGA03,8.207244,11.238904,40.0,Dodeta,Katsuma,150.0,2745.621999733688,0,0,,,,False,False,Accessible,False,31,40.0,1.0,T02,True,5,True,False,Tally-only (no GPS confirmation),0.775,0,-0.2521623476541578,0.286,False,Not significant
S00014,Zasafa,Urban block,W001,LGA01,7.147327,11.206474,324.0,Ekngoyi,Idi-Oro,150.0,820.9059851130265,0,0,,,,False,False,Accessible,False,227,324.0,1.0,T01,True,5,True,False,Tally-only (no GPS confirmation),0.7006172839506173,0,1.6708191412571471,0.095,False,Not significant
D00752,Jitile,Village,W008,LGA01,7.417054,10.969785,173.0,Umyosa,Idi-Oro,50.0,7.549469542769716,0,0,,,,False,False,Accessible,True,0,,,,False,5,True,False,Plausible miss,0.0,1,2.6323098857128,0.095,False,Not significant
S02066,Mabeko,Village,W032,LGA04,8.143933,10.879718,99.0,Bisani-Gabas,Ilela,150.0,3103.9433548973584,0,0,,,,False,False,Accessible,False,73,99.0,1.0,T32,True,5,True,False,Tally-only (no GPS confirmation),0.7373737373737373,0,-1.2136530921098103,0.001,True,Cold spot (well-covered cluster)
S00851,Okbami,Village,W010,LGA02,7.420985,10.901499,32.0,Fazafa,Gwarin,86.3010199541543,215.75254988538572,0,0,,,,False,False,Accessible,False,23,32.0,1.0,T10,True,5,True,False,Tally-only (no GPS confirmation),0.71875,0,-1.2136530921098103,0.001,True,Cold spot (well-covered cluster)
S01935,Adberu,Village,W030,LGA04,7.965318,10.68576,18.0,Yeride,Ilela,150.0,2040.558881258174,27,1,T30,2026-03-11 17:32:00,2026-03-11 17:58:00,False,True,Accessible,False,12,18.0,1.0,T30,True,5,True,False,Visited (track-confirmed),0.6666666666666666,0,-1.2136530921098103,0.001,True,Cold spot (well-covered cluster)
S00097,Agbawo,Urban block,W001,LGA01,7.054834,10.968352,534.0,Ekngoyi,Idi-Oro,150.0,578.5690699063769,0,0,,,,False,False,Accessible,False,402,534.0,1.0,T01,True,5,True,False,Tally-only (no GPS confirmation),0.7528089887640449,0,0.7093283968014948,0.325,False,Not significant
S01104,Satsiri,Village,W015,LGA01,7.526689,11.181268,66.0,Baluru,Idi-Oro,150.0,1372.0137178147143,4,1,T07,2026-03-09 17:52:00,2026-03-09 17:55:00,False,True,Accessible,False,50,66.0,1.0,T15,True,5,True,False,Visited (track-confirmed),0.7575757575757576,0,-0.2521623476541578,0.288,False,Not significant
S00144,Zazashi,Village,W002,LGA01,7.232992,10.80643,133.0,Ekduru,Idi-Oro,90.20818197753894,225.52045494384734,0,0,,,,False,False,Accessible,False,74,133.0,1.0,T02,True,5,True,False,Tally-only (no GPS confirmation),0.556390977443609,0,-0.2521623476541578,0.288,False,Not significant
S02154,Zayoba,Settlement,W033,LGA03,8.001252,11.198387,,Tasayi,Katsuma,100.14273142449986,250.35682856124964,0,0,,,,False,False,Accessible,False,74,81.0,1.0,T01,True,5,True,False,Tally-only (no GPS confirmation),0.9135802469135802,0,-0.2521623476541578,0.288,False,Not significant
S01386,Ektsija,Village,W019,LGA04,7.570157,10.999661,42.0,Umzaba-Kofar,Ilela,116.49389540541688,291.2347385135422,29,1,T19,2026-03-12 17:52:00,2026-03-12 18:20:00,False,True,Accessible,False,30,42.0,1.0,T19,True,5,True,False,Visited (track-confirmed),0.7142857142857143,0,-0.2521623476541578,0.288,False,Not significant
S02417,Ritsiru,Village,W038,LGA03,8.347124,11.442369,175.0,Sashasa,Katsuma,150.0,1145.257373616343,38,1,T06,2026-03-10 07:35:00,2026-03-10 08:12:00,False,True,Accessible,False,158,175.0,1.0,T06,True,5,True,False,Visited (track-confirmed),0.9028571428571428,0,-1.2136530921098103,0.001,True,Cold spot (well-covered cluster)
S00002,Haduni,Urban block,W001,LGA01,7.150789,11.15951,538.0,Ekngoyi,Idi-Oro,150.0,964.6559402177119,0,0,,,,False,False,Accessible,False,542,538.0,1.0,T01,True,5,True,False,Tally-only (no GPS confirmation),1.0074349442379182,0,0.7093283968014948,0.325,False,Not significant
S00755,Kutsile,Village,W008,LGA01,7.325127,10.915601,253.0,Umyosa,Idi-Oro,150.0,2008.2200250081899,0,0,,,,False,False,Accessible,False,155,253.0,1.0,T08,True,5,True,False,Tally-only (no GPS confirmation),0.6126482213438735,0,0.7093283968014948,0.325,False,Not significant
S02049,Habefa-Tudun,Hamlet,W032,LGA04,8.058445,10.898215,12.0,Bisani-Gabas,Ilela,107.70037373312174,269.2509343328043,32,1,T32,2026-03-10 12:14:00,2026-03-12 10:20:00,False,True,Accessible,False,11,12.0,1.0,T32,True,5,True,False,Visited (track-confirmed),0.9166666666666666,0,-1.2136530921098103,0.001,True,Cold spot (well-covered cluster)
S02167,Lolaba,Village,W034,LGA03,8.277302,11.210549,59.0,Dodeta,Katsuma,150.0,616.7173455902469,0,0,,,,False,False,Accessible,False,41,59.0,1.0,T02,True,5,True,False,Tally-only (no GPS confirmation),0.6949152542372882,0,-0.2521623476541578,0.288,False,Not significant
S01264,Aglana,Hamlet,W016,LGA02,7.55964,10.602954,23.0,Uzritu,Gwarin,150.0,2865.9241046025863,0,0,,,,False,False,Accessible,False,20,23.0,1.0,T16,True,5,True,False,Tally-only (no GPS confirmation),0.8695652173913043,0,-0.2521623476541578,0.288,False,Not significant
S00517,Fawaba,Village,W006,LGA01,7.266246,11.196443,143.0,Okradu,Idi-Oro,150.0,790.0211231384114,0,0,,,,False,False,Accessible,False,93,143.0,1.0,T06,True,5,True,False,Tally-only (no GPS confirmation),0.6503496503496503,0,0.7093283968014948,0.325,False,Not significant
S00989,Jingona,Hamlet,W013,LGA02,7.504177,10.652844,45.0,Sashako,Gwarin,150.0,899.0459904692736,33,1,T13,2026-03-09 12:01:00,2026-03-09 12:33:00,False,True,Accessible,False,26,45.0,1.0,T13,True,5,True,False,Visited (track-confirmed),0.5777777777777777,0,0.7093283968014948,0.325,False,Not significant
S00540,Adzafa-Yamma,Hamlet,W007,LGA01,7.362619,11.235724,36.0,Bayoyi,Idi-Oro,150.0,381.8678779891745,6,1,T07,2026-03-09 12:59:00,2026-03-09 13:04:00,False,True,Accessible,False,0,,,,False,5,True,False,Visited (track-confirmed),0.0,0,0.7093283968014948,0.325,False,Not significant
S00878,Wazami,Hamlet,W011,LGA02,7.716025,10.405903,10.0,Enyoko-Kofar,Gwarin,150.0,1051.691189060429,22,1,T11,2026-03-13 09:32:00,2026-03-13 09:59:00,False,True,Accessible,False,6,10.0,1.0,T11,True,5,True,False,Visited (track-confirmed),0.6,0,-0.2521623476541578,0.288,False,Not significant
S01114,Lokota,Village,W015,LGA01,7.698389,11.29083,242.0,Baluru,Idi-Oro,150.0,628.322398574892,0,0,,,,False,False,Accessible,False,255,242.0,1.0,T15,True,5,True,False,Tally-only (no GPS confirmation),1.0537190082644627,0,0.7093283968014948,0.325,False,Not significant
S00839,Guluma,Settlement,W010,LGA02,7.412295,10.900244,79.0,Fazafa,Gwarin,70.21977865335525,175.5494466333881,16,1,T10,2026-03-11 11:15:00,2026-03-11 11:30:00,False,True,Accessible,False,82,79.0,1.0,T10,True,5,True,False,Visited (track-confirmed),1.0379746835443038,0,-1.2136530921098103,0.001,True,Cold spot (well-covered cluster)
S01075,Uzkoba,Village,W014,LGA01,7.394613,11.426419,41.0,Bishama,Idi-Oro,150.0,803.3467346431812,5,1,T14,2026-03-12 07:34:00,2026-03-12 07:38:00,False,True,Accessible,False,26,41.0,1.0,T14,True,5,True,False,Visited (track-confirmed),0.6341463414634146,0,-0.2521623476541578,0.288,False,Not significant
S01481,Domade-Yamma,Village,W020,LGA01,7.598608,11.088889,89.0,Famade,Idi-Oro,150.0,1351.7406361458584,0,0,,,,False,False,Accessible,False,52,89.0,1.0,T20,True,5,True,False,Tally-only (no GPS confirmation),0.5842696629213483,0,-1.2136530921098103,0.001,True,Cold spot (well-covered cluster)
S01853,Yeraba,Village,W029,LGA04,7.950862,10.986106,60.0,Wangoni,Ilela,150.0,1373.3812349590498,0,0,,,,False,False,Accessible,False,45,60.0,1.0,T29,True,5,True,False,Tally-only (no GPS confirmation),0.75,0,-1.2136530921098103,0.001,True,Cold spot (well-covered cluster)
S01426,Warashi,Village,W020,LGA01,7.726344,11.132617,28.0,Famade,Idi-Oro,76.44673555620409,191.11683889051022,24,1,T20,2026-03-11 14:02:00,2026-03-11 14:25:00,False,True,Accessible,False,24,28.0,1.0,T20,True,5,True,False,Visited (track-confirmed),0.8571428571428571,0,-0.2521623476541578,0.288,False,Not significant
S00490,Ibsayi,Urban block,W006,LGA01,7.1764,11.333968,536.0,Okradu,Idi-Oro,150.0,995.5301387795763,0,0,,,,False,False,Accessible,False,0,,,,False,5,True,False,Plausible miss,0.0,1,0.7093283968014948,0.289,False,Not significant
S01129,Okrawa,Village,W015,LGA01,7.565458,11.188418,258.0,Baluru,Idi-Oro,150.0,2445.41655352435,30,1,T15,2026-03-10 10:42:00,2026-03-10 11:11:00,False,True,Accessible,False,243,258.0,1.0,T15,True,5,True,False,Visited (track-confirmed),0.9418604651162791,0,2.6323098857128,0.023,False,Not significant
S02104,Kariri,Settlement,W033,LGA03,8.014032,11.139375,24.0,Tasayi,Katsuma,150.0,671.8906380176657,0,0,,,,False,False,Accessible,False,23,24.0,1.0,T01,True,5,True,False,Tally-only (no GPS confirmation),0.9583333333333334,0,-0.2521623476541578,0.289,False,Not significant
S00410,Watsija,Village,W006,LGA01,7.282484,11.22323,60.0,Okradu,Idi-Oro,150.0,652.6670980802653,0,0,,,,False,False,Accessible,False,57,60.0,1.0,T06,True,5,True,False,Tally-only (no GPS confirmation),0.95,0,0.7093283968014948,0.323,False,Not significant
S00834,Susayi,Village,W010,LGA02,7.42613,10.866783,22.0,Fazafa,Gwarin,150.0,1489.9179688363017,25,1,T10,2026-03-09 07:59:00,2026-03-12 07:30:00,False,True,Accessible,False,19,22.0,1.0,T10,True,5,True,False,Visited (track-confirmed),0.8636363636363636,0,-0.2521623476541578,0.289,False,Not significant
S02494,Domale,Village,W040,LGA04,8.334285,11.213958,27.0,Gujiri,Ilela,150.0,845.8827626123766,0,0,,,,False,False,Accessible,False,28,27.0,1.0,T08,True,5,True,False,Tally-only (no GPS confirmation),1.037037037037037,0,-0.2521623476541578,0.289,False,Not significant
S01329,Enluri,Settlement,W018,LGA02,7.609117,10.614121,10.0,Adwana,Gwarin,146.64538035002792,366.61345087506976,0,0,,,,False,False,Accessible,False,10,10.0,1.0,T18,True,5,True,False,Tally-only (no GPS confirmation),1.0,0,-1.2136530921098103,0.001,True,Cold spot (well-covered cluster)
S02281,Oktide,Village,W036,LGA04,8.171737,10.654469,23.0,Mawako,Ilela,150.0,926.640436434033,0,0,,,,False,False,Accessible,False,15,23.0,1.0,T04,True,5,True,False,Tally-only (no GPS confirmation),0.6521739130434783,0,-1.2136530921098103,0.001,True,Cold spot (well-covered cluster)
S01069,Hazayi,Village,W014,LGA01,7.468257,11.46729,63.0,Bishama,Idi-Oro,50.0,65.39049684043071,0,0,,,,False,False,Accessible,True,0,,,,False,5,True,False,Plausible miss,0.0,1,1.6708191412571471,0.321,False,Not significant
S01989,Ollawa,Urban block,W030,LGA04,7.956037,10.554798,295.0,Yeride,Ilela,150.0,2688.8170600268877,0,0,,,,False,False,Accessible,False,182,295.0,1.0,T30,True,5,True,False,Tally-only (no GPS confirmation),0.6169491525423729,0,1.6708191412571471,0.096,False,Not significant
S00032,Okmaba,Village,W001,LGA01,7.049927,11.056509,108.0,Ekngoyi,Idi-Oro,150.0,407.5645159521091,0,0,,,,False,False,Accessible,False,62,108.0,1.0,T01,True,5,True,False,Tally-only (no GPS confirmation),0.5740740740740741,0,-0.2521623476541578,0.288,False,Not significant
S02503,Harashi,Settlement,W040,LGA04,8.392489,11.194898,15.0,Gujiri,Ilela,150.0,573.5635897552089,0,0,,,,False,False,Accessible,False,0,,,,False,5,True,False,Plausible miss,0.0,1,0.7093283968014948,0.289,False,Not significant
S00618,Irbefa-Arewa,Settlement,W007,LGA01,7.380048,11.246283,29.0,Bayoyi,Idi-Oro,54.02893444784831,135.07233611962076,0,0,,,,False,False,Accessible,False,20,29.0,1.0,T07,True,5,True,False,Tally-only (no GPS confirmation),0.6896551724137931,0,-0.2521623476541578,0.289,False,Not significant
S02441,Enjina,Village,W039,LGA04,8.314895,10.910853,83.0,Nungoni-Arewa,Ilela,150.0,839.976493866105,0,0,,,,False,False,Accessible,False,56,83.0,1.0,T07,True,5,True,True,Tally-only (no GPS confirmation),0.6746987951807228,0,-1.2136530921098103,0.001,True,Cold spot (well-covered cluster)
S00235,Ekwawo,Urban block,W003,LGA01,7.272188,10.982645,422.0,Satita,Idi-Oro,150.0,697.3734946424593,5,1,T03,2026-03-11 08:19:00,2026-03-11 08:23:00,False,True,Accessible,False,402,422.0,1.0,T03,True,5,True,False,Visited (track-confirmed),0.95260663507109,0,0.7093283968014948,0.321,False,Not significant
S00976,Ekyoni,Village,W013,LGA02,7.513388,10.663949,100.0,Sashako,Gwarin,150.0,1218.5341137960197,4,1,T13,2026-03-09 10:31:00,2026-03-09 10:34:00,False,True,Accessible,False,64,100.0,1.0,T13,True,5,True,False,Visited (track-confirmed),0.64,0,0.7093283968014948,0.321,False,Not significant
S00949,Ennale,Village,W012,LGA02,7.365524,10.511387,15.0,Darari,Gwarin,150.0,2509.309883188345,0,0,,,,False,False,Accessible,False,0,,,,False,5,True,False,Plausible miss,0.0,1,0.7093283968014948,0.289,False,Not significant
S01920,Wanawa,Settlement,W029,LGA04,7.929695,10.975349,23.0,Wangoni,Ilela,150.0,2307.297068275324,0,0,,,,False,False,Accessible,False,21,23.0,1.0,T29,True,5,True,False,Tally-only (no GPS confirmation),0.9130434782608695,0,-1.2136530921098103,0.001,True,Cold spot (well-covered cluster)
S00889,Oktsini,Hamlet,W011,LGA02,7.61746,10.424557,13.0,Enyoko-Kofar,Gwarin,150.0,1145.7427048644072,32,1,T11,2026-03-09 08:11:00,2026-03-12 10:12:00,False,True,Accessible,False,7,13.0,1.0,T11,True,5,True,False,Visited (track-confirmed),0.5384615384615384,0,-1.2136530921098103,0.001,True,Cold spot (well-covered cluster)
S02178,Ekzaru,Village,W034,LGA03,8.129364,11.19837,62.0,Dodeta,Katsuma,150.0,816.3756400370237,0,0,,,,False,False,Accessible,False,0,,,,False,5,True,False,Plausible miss,0.0,1,1.6708191412571471,0.317,False,Not significant
S00408,Longoko,Hamlet,W006,LGA01,7.272505,11.203974,36.0,Okradu,Idi-Oro,150.0,980.870419147991,0,0,,,,False,False,Accessible,False,0,,,,False,5,True,False,Plausible miss,0.0,1,0.7093283968014948,0.289,False,Not significant
S00817,Jijiwo,Hamlet,W009,LGA02,7.555314,10.956213,8.0,Washatu,Gwarin,150.0,429.48252111714737,0,0,,,,False,False,Accessible,False,0,,,,False,5,True,False,Plausible miss,0.0,1,1.6708191412571471,0.317,False,Not significant
S01385,Hajiru,Village,W019,LGA04,7.574191,10.999905,43.0,Umzaba-Kofar,Ilela,112.45450995421916,281.1362748855479,0,0,,,,False,False,Accessible,False,34,43.0,1.0,T19,True,5,True,False,Tally-only (no GPS confirmation),0.7906976744186046,0,-0.2521623476541578,0.288,False,Not significant
S00422,Umlami,Urban block,W006,LGA01,7.28246,11.216829,508.0,Okradu,Idi-Oro,150.0,464.59570100205644,0,0,,,,False,False,Accessible,False,533,508.0,1.0,T06,True,5,True,False,Tally-only (no GPS confirmation),1.0492125984251968,0,0.7093283968014948,0.32,False,Not significant
S01707,Jibasa,Hamlet,W026,LGA03,7.755439,11.535351,17.0,Kungomi,Katsuma,120.192019316437,300.4800482910925,31,1,T26,2026-03-09 07:20:00,2026-03-12 15:44:00,False,True,Accessible,False,11,17.0,1.0,T26,True,5,True,False,Visited (track-confirmed),0.6470588235294118,0,-0.2521623476541578,0.288,False,Not significant
S00637,Sutita,Hamlet,W007,LGA01,7.408171,11.151332,29.0,Bayoyi,Idi-Oro,136.20077082537793,340.50192706344484,0,0,,,,False,False,Accessible,False,29,29.0,1.0,T07,True,5,True,False,Tally-only (no GPS confirmation),1.0,0,-0.2521623476541578,0.288,False,Not significant
S01200,Ektina,Urban block,W015,LGA01,7.716918,11.27706,785.0,Baluru,Idi-Oro,150.0,375.3017538360816,0,0,,,,False,False,Accessible,False,592,785.0,1.0,T15,True,5,True,False,Tally-only (no GPS confirmation),0.7541401273885351,0,-1.2136530921098103,0.001,True,Cold spot (well-covered cluster)
S01854,Wabama,Hamlet,W029,LGA04,7.948728,11.075291,24.0,Wangoni,Ilela,131.5411955819435,328.85298895485874,4,1,T29,2026-03-10 12:41:00,2026-03-10 12:44:00,False,True,Accessible,False,0,,,,False,5,True,False,Visited (track-confirmed),0.0,0,-1.2136530921098103,0.001,True,Cold spot (well-covered cluster)
S02418,Ektiyi,Hamlet,W038,LGA03,8.275016,11.313425,15.0,Sashasa,Katsuma,150.0,6270.416560086623,0,0,,,,False,False,Accessible,False,14,15.0,1.0,T06,True,5,True,False,Tally-only (no GPS confirmation),0.9333333333333333,0,0.7093283968014948,0.32,False,Not significant
S00302,Zabayi-Yamma,Village,W003,LGA01,7.21624,11.008435,261.0,Satita,Idi-Oro,150.0,673.246843089341,0,0,,,,False,False,Accessible,False,202,261.0,1.0,T03,True,5,True,False,Tally-only (no GPS confirmation),0.7739463601532567,0,0.7093283968014948,0.32,False,Not significant
S00882,Bimaba-Kofar,Settlement,W011,LGA02,7.718791,10.420122,57.0,Enyoko-Kofar,Gwarin,142.0118507368156,355.02962684203897,22,1,T11,2026-03-09 11:47:00,2026-03-13 11:59:00,False,True,Accessible,False,54,57.0,1.0,T11,True,5,True,False,Visited (track-confirmed),0.9473684210526315,0,-0.2521623476541578,0.288,False,Not significant
S02142,Balawo-Kofar,Hamlet,W033,LGA03,7.985631,11.177647,35.0,Tasayi,Katsuma,150.0,610.7026517895531,0,0,,,,False,False,Accessible,False,0,,,,False,5,True,False,Plausible miss,0.0,1,0.7093283968014948,0.289,False,Not significant
S01625,Marari-Kofar,Village,W023,LGA03,7.937443,11.194857,60.0,Suwade,Katsuma,96.60354886262178,241.50887215655445,17,1,T23,2026-03-13 07:16:00,2026-03-13 07:32:00,False,True,Accessible,False,64,60.0,1.0,T23,True,5,True,False,Visited (track-confirmed),1.0666666666666667,0,-1.2136530921098103,0.001,True,Cold spot (well-covered cluster)
S02183,Irmawo-Kofar,Settlement,W034,LGA03,8.198089,11.122053,50.0,Dodeta,Katsuma,150.0,5015.244590040019,0,0,,,,False,False,Accessible,False,33,50.0,1.0,T02,True,5,True,False,Tally-only (no GPS confirmation),0.66,0,-1.2136530921098103,0.001,True,Cold spot (well-covered cluster)
S00513,Okshami,Hamlet,W006,LGA01,7.144084,11.280733,18.0,Okradu,Idi-Oro,150.0,2061.6795112630866,0,0,,,,False,False,Accessible,False,0,,,,False,5,True,False,Plausible miss,0.0,1,1.6708191412571471,0.317,False,Not significant
S02399,Ibshata-Kudu,Settlement,W038,LGA03,8.331516,11.414917,34.0,Sashasa,Katsuma,150.0,926.0571261337985,0,0,,,,False,False,Accessible,False,33,34.0,1.0,T06,True,5,True,False,Tally-only (no GPS confirmation),0.9705882352941176,0,-1.2136530921098103,0.001,True,Cold spot (well-covered cluster)
S01318,Irmami,Hamlet,W017,LGA03,7.552848,11.416146,18.0,Bazasa,Katsuma,148.19649912608944,370.4912478152236,35,1,T17,2026-03-09 09:07:00,2026-03-11 10:23:00,False,True,Accessible,False,14,18.0,1.0,T17,True,5,True,False,Visited (track-confirmed),0.7777777777777778,0,-1.2136530921098103,0.001,True,Cold spot (well-covered cluster)
S00943,Kuriwo,Village,W012,LGA02,7.400692,10.452861,9.0,Darari,Gwarin,150.0,656.6032193479986,20,1,T12,2026-03-11 16:08:00,2026-03-11 16:27:00,False,True,Accessible,False,7,9.0,1.0,T12,True,5,True,False,Visited (track-confirmed),0.7777777777777778,0,-0.2521623476541578,0.289,False,Not significant
S01403,Nunawa-Kofar,Village,W019,LGA04,7.71222,10.858169,21.0,Umzaba-Kofar,Ilela,150.0,636.2415904601605,0,0,,,,False,False,Accessible,False,20,21.0,1.0,T19,True,5,True,False,Tally-only (no GPS confirmation),0.9523809523809523,0,-1.2136530921098103,0.001,True,Cold spot (well-covered cluster)
S02324,Agtsimi-Kudu,Village,W037,LGA03,8.190454,11.541879,74.0,Longoma,Katsuma,88.05345639423649,220.1336409855912,0,0,,,,False,False,Accessible,False,51,74.0,1.0,T05,True,5,True,False,Tally-only (no GPS confirmation),0.6891891891891891,0,0.7093283968014948,0.319,False,Not significant
S00400,Eksana,Hamlet,W005,LGA02,7.373919,10.642449,14.0,Jijile,Gwarin,150.0,4233.9507973579075,0,0,,,,False,False,Accessible,False,15,14.0,1.0,T05,True,5,True,False,Tally-only (no GPS confirmation),1.0714285714285714,0,0.7093283968014948,0.319,False,Not significant
S00437,Subatu,Hamlet,W006,LGA01,7.188853,11.346574,61.0,Okradu,Idi-Oro,150.0,631.2521477906139,0,0,,,,False,False,Accessible,False,0,,,,False,5,True,False,Plausible miss,0.0,1,0.7093283968014948,0.291,False,Not significant
S01833,Kasaru,Village,W028,LGA04,7.868025,10.855773,46.0,Wangoja,Ilela,150.0,1551.2910808880406,0,0,,,,False,False,Accessible,False,47,46.0,1.0,T28,True,5,True,False,Tally-only (no GPS confirmation),1.0217391304347827,0,-0.2521623476541578,0.291,False,Not significant
S00289,Lozawa,Settlement,W003,LGA01,7.22623,11.030926,96.0,Satita,Idi-Oro,150.0,1237.438925488097,6,1,T03,2026-03-12 08:39:00,2026-03-12 08:44:00,False,True,Accessible,False,60,96.0,1.0,T03,True,5,True,False,Visited (track-confirmed),0.625,0,-0.2521623476541578,0.291,False,Not significant
S00273,Kamata,Urban block,W003,LGA01,7.271782,11.003609,139.0,Satita,Idi-Oro,150.0,2061.2057971304293,0,0,,,,False,False,Accessible,False,0,,,,False,5,True,False,Plausible miss,0.0,1,0.7093283968014948,0.293,False,Not significant
S00128,Bakoyi,Village,W002,LGA01,7.232322,10.777203,330.0,Ekduru,Idi-Oro,150.0,755.0318575668679,23,1,T02,2026-03-11 16:05:00,2026-03-11 16:27:00,False,True,Accessible,False,195,330.0,1.0,T02,True,5,True,False,Visited (track-confirmed),0.5909090909090909,0,-1.2136530921098103,0.001,True,Cold spot (well-covered cluster)
S01871,Irriko,Hamlet,W029,LGA04,7.971001,10.945976,9.0,Wangoni,Ilela,150.0,1224.4091625996798,0,0,,,,False,False,Accessible,False,6,9.0,1.0,T29,True,5,True,False,Tally-only (no GPS confirmation),0.6666666666666666,0,-1.2136530921098103,0.001,True,Cold spot (well-covered cluster)
S00375,Zajina,Hamlet,W005,LGA02,7.31031,10.76456,7.0,Jijile,Gwarin,150.0,922.0585964497394,0,0,,,,False,False,Accessible,False,4,7.0,1.0,T05,True,5,True,False,Tally-only (no GPS confirmation),0.5714285714285714,0,0.7093283968014948,0.319,False,Not significant
S00067,Sayowa,Hamlet,W001,LGA01,7.054602,11.021144,29.0,Ekngoyi,Idi-Oro,150.0,779.8636808141046,0,0,,,,False,False,Accessible,False,22,29.0,1.0,T01,True,5,True,False,Tally-only (no GPS confirmation),0.7586206896551724,0,-0.2521623476541578,0.291,False,Not significant
S00735,Zaduko-Arewa,Village,W008,LGA01,7.221134,10.92922,76.0,Umyosa,Idi-Oro,150.0,636.4305816605861,0,0,,,,False,False,Accessible,False,52,76.0,1.0,T08,True,5,True,False,Tally-only (no GPS confirmation),0.6842105263157895,0,-0.2521623476541578,0.291,False,Not significant
S00252,Admako,Settlement,W003,LGA01,7.428989,11.009129,69.0,Satita,Idi-Oro,150.0,722.8284431904883,0,0,,,,False,False,Accessible,False,62,69.0,1.0,T03,True,5,True,False,Tally-only (no GPS confirmation),0.8985507246376812,0,-1.2136530921098103,0.001,True,Cold spot (well-covered cluster)
S02150,Uzdede,Hamlet,W033,LGA03,7.956415,11.114367,16.0,Tasayi,Katsuma,150.0,763.5691816606758,0,0,,,,False,False,Accessible,False,12,16.0,1.0,T01,True,5,True,False,Tally-only (no GPS confirmation),0.75,0,-1.2136530921098103,0.001,True,Cold spot (well-covered cluster)
S00607,Tasari,Settlement,W007,LGA01,7.395796,11.172709,30.0,Bayoyi,Idi-Oro,150.0,1711.1093762911266,0,0,,,,False,False,Accessible,False,30,30.0,1.0,T07,True,5,True,False,Tally-only (no GPS confirmation),1.0,0,-0.2521623476541578,0.291,False,Not significant
S00672,Hangodu-Kudu,Urban block,W008,LGA01,7.322456,10.853215,387.0,Umyosa,Idi-Oro,150.0,873.9496946149897,0,0,,,,False,False,Accessible,False,369,387.0,1.0,T08,True,5,True,False,Tally-only (no GPS confirmation),0.9534883720930233,0,-0.2521623476541578,0.291,False,Not significant
S02016,Faladu-Yamma,Village,W031,LGA03,8.008737,11.337486,35.0,Satide,Katsuma,150.0,815.5383548710165,4,1,T31,2026-03-09 16:43:00,2026-03-09 16:46:00,False,True,Accessible,False,0,,,,False,5,True,False,Visited (track-confirmed),0.0,0,-1.2136530921098103,0.001,True,Cold spot (well-covered cluster)
S02197,Olderu,Hamlet,W034,LGA03,8.265135,11.205058,5.0,Dodeta,Katsuma,150.0,435.99627956451474,0,0,,,,False,False,Accessible,False,3,5.0,1.0,T02,True,5,True,False,Tally-only (no GPS confirmation),0.6,0,-1.2136530921098103,0.001,True,Cold spot (well-covered cluster)
S00284,Adtile,Village,W003,LGA01,7.455408,11.031074,115.0,Satita,Idi-Oro,81.07355539062294,202.68388847655734,33,1,T03,2026-03-11 13:36:00,2026-03-11 14:08:00,False,True,Accessible,False,68,115.0,1.0,T03,True,5,True,False,Visited (track-confirmed),0.591304347826087,0,-0.2521623476541578,0.291,False,Not significant
S02163,Zamaru,Village,W033,LGA03,7.968385,11.195808,91.0,Tasayi,Katsuma,150.0,962.0903510148313,0,0,,,,False,False,Accessible,False,0,,,,False,5,True,False,Plausible miss,0.0,1,0.7093283968014948,0.293,False,Not significant
S01455,Zazata,Urban block,W020,LGA01,7.67212,11.067962,446.0,Famade,Idi-Oro,150.0,1793.4539523882145,0,0,,,,False,False,Accessible,False,325,446.0,1.0,T20,True,5,True,False,Tally-only (no GPS confirmation),0.7286995515695067,0,-1.2136530921098103,0.001,True,Cold spot (well-covered cluster)
S00228,Doduja,Settlement,W003,LGA01,7.265373,11.079524,84.0,Satita,Idi-Oro,150.0,2229.8014648741587,0,0,,,,False,False,Accessible,False,61,84.0,1.0,T03,True,5,True,False,Tally-only (no GPS confirmation),0.7261904761904762,0,0.7093283968014948,0.317,False,Not significant
S01383,Bikotu,Urban block,W019,LGA04,7.703806,10.850877,202.0,Umzaba-Kofar,Ilela,150.0,558.0646830383334,0,0,,,,False,False,Accessible,False,138,202.0,1.0,T19,True,5,True,False,Tally-only (no GPS confirmation),0.6831683168316832,0,-1.2136530921098103,0.001,True,Cold spot (well-covered cluster)
S02249,Zangota-Tudun,Village,W035,LGA04,8.238792,11.013661,77.0,Dazata,Ilela,124.15425256718783,310.38563141796953,0,0,,,,False,False,Accessible,False,69,77.0,1.0,T03,True,5,True,True,Tally-only (no GPS confirmation),0.8961038961038961,0,-1.2136530921098103,0.001,True,Cold spot (well-covered cluster)
S01500,Umsade,Hamlet,W020,LGA01,7.690805,11.12857,37.0,Famade,Idi-Oro,150.0,1164.2368329981718,0,0,,,,False,False,Accessible,False,29,37.0,1.0,T20,True,5,True,False,Tally-only (no GPS confirmation),0.7837837837837838,0,-1.2136530921098103,0.001,True,Cold spot (well-covered cluster)
S02195,Biyode,Hamlet,W034,LGA03,8.125531,11.233684,3.0,Dodeta,Katsuma,150.0,1509.8851991208996,0,0,,,,False,False,Accessible,False,3,3.0,1.0,T02,True,5,True,False,Tally-only (no GPS confirmation),1.0,0,1.6708191412571471,0.094,False,Not significant
S00293,Biwawo,Village,W003,LGA01,7.429449,11.040967,163.0,Satita,Idi-Oro,150.0,714.1450553878748,0,0,,,,False,False,Accessible,False,0,,,,False,5,True,False,Plausible miss,0.0,1,1.6708191412571471,0.317,False,Not significant
S00629,Uztiru,Settlement,W007,LGA01,7.427895,11.200899,46.0,Bayoyi,Idi-Oro,113.40221940676459,283.50554851691146,2,1,T07,2026-03-11 14:14:00,2026-03-11 14:15:00,False,True,Accessible,False,42,46.0,1.0,T07,True,5,True,False,Visited (track-confirmed),0.9130434782608695,0,-0.2521623476541578,0.292,False,Not significant
S00948,Kamasa,Village,W012,LGA02,7.33167,10.500264,54.0,Darari,Gwarin,150.0,639.5951971522663,35,1,T12,2026-03-11 07:42:00,2026-03-13 09:17:00,False,True,Accessible,False,37,54.0,1.0,T12,True,5,True,False,Visited (track-confirmed),0.6851851851851852,0,-1.2136530921098103,0.001,True,Cold spot (well-covered cluster)
S00285,Enrishi-Tsakiya,Urban block,W003,LGA01,7.44522,11.015677,229.0,Satita,Idi-Oro,150.0,671.5865486802276,0,0,,,,False,False,Accessible,False,141,229.0,1.0,T03,True,5,True,False,Tally-only (no GPS confirmation),0.6157205240174672,0,-0.2521623476541578,0.292,False,Not significant
S00604,Adtiri,Village,W007,LGA01,7.393713,11.240346,78.0,Bayoyi,Idi-Oro,150.0,622.9212765464694,4,1,T07,2026-03-12 13:02:00,2026-03-12 13:05:00,False,True,Accessible,False,56,78.0,1.0,T07,True,5,True,False,Visited (track-confirmed),0.717948717948718,0,-0.2521623476541578,0.292,False,Not significant
S00627,Irluri,Village,W007,LGA01,7.367023,11.236562,159.0,Bayoyi,Idi-Oro,150.0,488.20296880570953,2,1,T07,2026-03-09 13:08:00,2026-03-09 13:10:00,False,True,Accessible,False,124,159.0,1.0,T07,True,5,True,False,Visited (track-confirmed),0.779874213836478,0,0.7093283968014948,0.32,False,Not significant
S00622,Entsishi,Village,W007,LGA01,7.45448,11.178972,80.0,Bayoyi,Idi-Oro,150.0,849.2444220840958,0,0,,,,False,False,Accessible,False,61,80.0,1.0,T07,True,5,True,False,Tally-only (no GPS confirmation),0.7625,0,-0.2521623476541578,0.292,False,Not significant
S00742,Tawana,Village,W008,LGA01,7.184732,10.927088,149.0,Umyosa,Idi-Oro,117.39713101604741,293.4928275401185,0,0,,,,False,False,Accessible,False,88,149.0,1.0,T08,True,5,True,False,Tally-only (no GPS confirmation),0.5906040268456376,0,-0.2521623476541578,0.292,False,Not significant
S00192,Zajitu,Village,W002,LGA01,7.159032,10.784975,94.0,Ekduru,Idi-Oro,150.0,2040.999956026616,0,0,,,,False,False,Accessible,False,67,94.0,1.0,T02,True,5,True,False,Tally-only (no GPS confirmation),0.7127659574468085,0,1.6708191412571471,0.093,False,Not significant
S00403,Ekngofa,Settlement,W005,LGA02,7.344049,10.734988,72.0,Jijile,Gwarin,150.0,1827.321897912471,0,0,,,,False,False,Accessible,False,61,72.0,1.0,T05,True,5,True,False,Tally-only (no GPS confirmation),0.8472222222222222,0,0.7093283968014948,0.32,False,Not significant
S01208,Gungole,Hamlet,W015,LGA01,7.729566,11.294697,28.0,Baluru,Idi-Oro,150.0,676.0904166837307,32,1,T15,2026-03-13 16:59:00,2026-03-13 17:30:00,False,True,Accessible,False,29,28.0,1.0,T15,True,5,True,False,Visited (track-confirmed),1.0357142857142858,0,-0.2521623476541578,0.292,False,Not significant
S00338,Kunawo,Hamlet,W004,LGA02,7.194944,10.683681,22.0,Yesawo,Gwarin,150.0,396.80624037142695,0,0,,,,False,False,Accessible,False,15,22.0,1.0,T04,True,5,True,False,Tally-only (no GPS confirmation),0.6818181818181818,0,-1.2136530921098103,0.001,True,Cold spot (well-covered cluster)
S02038,Ribesa,Settlement,W031,LGA03,7.982017,11.329181,18.0,Satide,Katsuma,150.0,422.9794637928799,35,1,T31,2026-03-11 15:01:00,2026-03-13 13:09:00,False,True,Accessible,False,15,18.0,1.0,T31,True,5,True,False,Visited (track-confirmed),0.8333333333333334,0,-1.2136530921098103,0.001,True,Cold spot (well-covered cluster)
S00681,Jimadu,Village,W008,LGA01,7.38405,10.944467,109.0,Umyosa,Idi-Oro,150.0,419.4302296285028,0,0,,,,False,False,Accessible,False,0,,,,False,5,True,False,Plausible miss,0.0,1,2.6323098857128,0.093,False,Not significant
S02279,Okdefa,Village,W036,LGA04,8.111726,10.696295,84.0,Mawako,Ilela,75.87693922714105,189.6923480678526,0,0,,,,False,False,Accessible,False,84,84.0,1.0,T04,True,5,True,False,Tally-only (no GPS confirmation),1.0,0,-1.2136530921098103,0.001,True,Cold spot (well-covered cluster)
S01454,Uzrani,Urban block,W020,LGA01,7.682881,11.167405,552.0,Famade,Idi-Oro,150.0,1271.1610981920176,36,1,T20,2026-03-11 09:29:00,2026-03-11 10:04:00,False,True,Accessible,False,500,552.0,1.0,T20,True,5,True,False,Visited (track-confirmed),0.9057971014492754,0,0.7093283968014948,0.321,False,Not significant
S01782,Ensadu,Village,W027,LGA03,7.912132,11.493044,31.0,Daberi,Katsuma,150.0,590.9037034986762,10,1,T27,2026-03-10 10:39:00,2026-03-12 17:36:00,False,True,Accessible,False,0,,,,False,5,True,False,Visited (track-confirmed),0.0,0,-1.2136530921098103,0.001,True,Cold spot (well-covered cluster)
S02034,Bishari,Hamlet,W031,LGA03,8.103631,11.305884,27.0,Satide,Katsuma,150.0,2652.1191951850415,0,0,,,,False,False,Accessible,False,20,27.0,1.0,T31,True,5,True,False,Tally-only (no GPS confirmation),0.7407407407407407,0,0.7093283968014948,0.321,False,Not significant
S02014,Mangona-Gabas,Village,W031,LGA03,8.054633,11.279191,12.0,Satide,Katsuma,150.0,773.552387784045,130,1,T31,2026-03-12 10:59:00,2026-03-12 13:11:00,False,True,Accessible,False,10,12.0,1.0,T31,True,5,True,False,Visited (track-confirmed),0.8333333333333334,0,2.6323098857128,0.024,False,Not significant
S02466,Tadeko,Village,W039,LGA04,8.279199,10.840848,80.0,Nungoni-Arewa,Ilela,50.0,71.11188052505939,0,0,,,,False,False,Accessible,True,50,80.0,1.0,T07,True,5,True,True,Tally-only (no GPS confirmation),0.625,0,-1.2136530921098103,0.001,True,Cold spot (well-covered cluster)
S01030,Batsiba-Tudun,Settlement,W014,LGA01,7.448976,11.459906,159.0,Bishama,Idi-Oro,117.24023220544487,293.10058051361216,19,1,T14,2026-03-10 14:59:00,2026-03-10 15:17:00,False,True,Accessible,False,149,159.0,1.0,T14,True,5,True,False,Visited (track-confirmed),0.9371069182389937,0,0.7093283968014948,0.321,False,Not significant
S01889,Watsima-Tudun,Hamlet,W029,LGA04,8.009979,10.939206,20.0,Wangoni,Ilela,150.0,2296.6448431374797,34,1,T29,2026-03-13 12:38:00,2026-03-13 13:11:00,False,True,Accessible,False,18,20.0,1.0,T29,True,5,True,False,Visited (track-confirmed),0.9,0,-0.2521623476541578,0.291,False,Not significant
S00511,Jiyoni,Village,W006,LGA01,7.25749,11.273118,213.0,Okradu,Idi-Oro,50.0,99.98870088714364,0,0,,,,False,False,Accessible,True,203,213.0,1.0,T06,True,5,True,False,Tally-only (no GPS confirmation),0.9530516431924883,0,0.7093283968014948,0.321,False,Not significant
S01180,Kazani,Village,W015,LGA01,7.516372,11.222577,147.0,Baluru,Idi-Oro,50.0,63.347871514461325,0,0,,,,False,False,Accessible,True,95,147.0,1.0,T15,True,5,True,False,Tally-only (no GPS confirmation),0.6462585034013606,0,-1.2136530921098103,0.001,True,Cold spot (well-covered cluster)
S00074,Guluna,Settlement,W001,LGA01,7.189576,11.159293,68.0,Ekngoyi,Idi-Oro,150.0,453.80259369873875,0,0,,,,False,False,Accessible,False,42,68.0,1.0,T01,True,5,True,False,Tally-only (no GPS confirmation),0.6176470588235294,0,-1.2136530921098103,0.001,True,Cold spot (well-covered cluster)
S01890,Ekdutu,Urban block,W029,LGA04,7.913761,11.061333,207.0,Wangoni,Ilela,150.0,761.002092696706,29,1,T29,2026-03-13 18:01:00,2026-03-13 18:30:00,False,True,Accessible,False,144,207.0,1.0,T29,True,5,True,False,Visited (track-confirmed),0.6956521739130435,0,-1.2136530921098103,0.001,True,Cold spot (well-covered cluster)
S01013,Olngoru,Village,W014,LGA01,7.507698,11.513119,154.0,Bishama,Idi-Oro,150.0,607.3560400912818,0,0,,,,False,False,Accessible,False,116,154.0,1.0,T14,True,5,True,False,Tally-only (no GPS confirmation),0.7532467532467533,0,-0.2521623476541578,0.291,False,Not significant
S02513,Ekmako,Hamlet,W040,LGA04,8.40681,11.21643,25.0,Gujiri,Ilela,150.0,1489.0674459646648,0,0,,,,False,False,Accessible,False,0,,,,False,5,True,False,Plausible miss,0.0,1,0.7093283968014948,0.291,False,Not significant
S01473,Agmawa,Hamlet,W020,LGA01,7.60247,11.077278,63.0,Famade,Idi-Oro,150.0,956.3003651170835,4,1,T20,2026-03-12 14:18:00,2026-03-12 14:21:00,False,True,Accessible,False,0,,,,False,5,True,False,Visited (track-confirmed),0.0,0,-1.2136530921098103,0.001,True,Cold spot (well-covered cluster)
S01798,Zazami,Village,W028,LGA04,7.867376,10.833874,81.0,Wangoja,Ilela,150.0,2422.8563350046916,0,0,,,,False,False,Accessible,False,72,81.0,1.0,T28,True,5,True,False,Tally-only (no GPS confirmation),0.8888888888888888,0,-0.2521623476541578,0.291,False,Not significant
S02404,Fawashi,Village,W038,LGA03,8.29263,11.254938,49.0,Sashasa,Katsuma,150.0,2130.4980948931393,0,0,,,,False,False,Accessible,False,0,,,,False,5,True,False,Plausible miss,0.0,1,0.7093283968014948,0.294,False,Not significant
S00134,Agdede,Hamlet,W002,LGA01,7.02892,10.920265,30.0,Ekduru,Idi-Oro,111.6865413881772,279.216353470443,0,0,,,,False,False,Accessible,False,23,30.0,1.0,T02,True,5,True,False,Tally-only (no GPS confirmation),0.7666666666666667,0,0.7093283968014948,0.316,False,Not significant
S00465,Washata,Hamlet,W006,LGA01,7.196242,11.275026,30.0,Okradu,Idi-Oro,150.0,1060.568215924376,0,0,,,,False,False,Accessible,False,27,30.0,1.0,T06,True,5,True,False,Tally-only (no GPS confirmation),0.9,0,0.7093283968014948,0.316,False,Not significant
S02187,Gujimi,Village,W034,LGA03,8.274364,11.24815,56.0,Dodeta,Katsuma,150.0,657.4495944238571,0,0,,,,False,False,Accessible,False,38,56.0,1.0,T02,True,5,True,False,Tally-only (no GPS confirmation),0.6785714285714286,0,0.7093283968014948,0.316,False,Not significant
S00397,Uzjimi,Village,W005,LGA02,7.386267,10.733516,108.0,Jijile,Gwarin,150.0,1367.1198444597626,0,0,,,,False,False,Accessible,False,73,108.0,1.0,T05,True,5,True,False,Tally-only (no GPS confirmation),0.6759259259259259,0,-0.2521623476541578,0.293,False,Not significant
S01879,Banawo,Settlement,W029,LGA04,7.979814,10.969328,13.0,Wangoni,Ilela,150.0,965.241272537194,0,0,,,,False,False,Accessible,False,11,13.0,1.0,T29,True,5,True,False,Tally-only (no GPS confirmation),0.8461538461538461,0,-1.2136530921098103,0.001,True,Cold spot (well-covered cluster)
S00653,Oktiri-Gabas,Village,W007,LGA01,7.30008,11.301228,49.0,Bayoyi,Idi-Oro,150.0,794.9511283840815,0,0,,,,False,False,Accessible,False,38,49.0,1.0,T07,True,5,True,False,Tally-only (no GPS confirmation),0.7755102040816326,0,1.6708191412571471,0.094,False,Not significant
S00729,Hamata,Settlement,W008,LGA01,7.248852,10.868526,36.0,Umyosa,Idi-Oro,150.0,1969.7464560724713,0,0,,,,False,False,Accessible,False,21,36.0,1.0,T08,True,5,True,False,Tally-only (no GPS confirmation),0.5833333333333334,0,0.7093283968014948,0.316,False,Not significant
S02224,Tasata-Sabo,Village,W035,LGA04,8.20898,11.046126,79.0,Dazata,Ilela,150.0,1257.9298489175399,0,0,,,,False,False,Accessible,False,77,79.0,1.0,T03,True,5,True,True,Tally-only (no GPS confirmation),0.9746835443037974,0,-1.2136530921098103,0.001,True,Cold spot (well-covered cluster)
S01846,Sawadu,Hamlet,W029,LGA04,7.967322,11.082462,13.0,Wangoni,Ilela,150.0,545.6532635819739,0,0,,,,False,False,Accessible,False,11,13.0,1.0,T29,True,5,True,False,Tally-only (no GPS confirmation),0.8461538461538461,0,-1.2136530921098103,0.001,True,Cold spot (well-covered cluster)
S01094,Taluba,Village,W014,LGA01,7.491801,11.497242,126.0,Bishama,Idi-Oro,90.0512505332096,225.12812633302397,29,1,T14,2026-03-13 10:31:00,2026-03-13 10:59:00,False,True,Accessible,False,133,126.0,1.0,T14,True,5,True,False,Visited (track-confirmed),1.0555555555555556,0,-1.2136530921098103,0.001,True,Cold spot (well-covered cluster)
S02310,Sarafa,Hamlet,W036,LGA04,8.110903,10.694785,23.0,Mawako,Ilela,75.87693922714105,189.6923480678526,0,0,,,,False,False,Accessible,False,24,23.0,1.0,T04,True,5,True,False,Tally-only (no GPS confirmation),1.0434782608695652,0,-1.2136530921098103,0.001,True,Cold spot (well-covered cluster)
S01720,Tawatu,Settlement,W026,LGA03,7.69786,11.503436,11.0,Kungomi,Katsuma,150.0,1759.1642015367274,35,1,T26,2026-03-13 15:49:00,2026-03-13 16:23:00,False,True,Accessible,False,11,11.0,1.0,T26,True,5,True,False,Visited (track-confirmed),1.0,0,-0.2521623476541578,0.293,False,Not significant
S00052,Tasama,Village,W001,LGA01,7.171142,11.129894,99.0,Ekngoyi,Idi-Oro,150.0,1017.4966935527459,0,0,,,,False,False,Accessible,False,77,99.0,1.0,T01,True,5,True,False,Tally-only (no GPS confirmation),0.7777777777777778,0,0.7093283968014948,0.316,False,Not significant
S02295,Uzmata-Kofar,Hamlet,W036,LGA04,8.109552,10.735146,22.0,Mawako,Ilela,150.0,948.5823844491637,0,0,,,,False,False,Accessible,False,0,,,,False,5,True,False,Plausible miss,0.0,1,0.7093283968014948,0.295,False,Not significant
S00367,Ibdule,Village,W004,LGA02,7.18085,10.702637,83.0,Yesawo,Gwarin,150.0,417.640888890996,0,0,,,,False,False,Accessible,False,65,83.0,1.0,T04,True,5,True,False,Tally-only (no GPS confirmation),0.7831325301204819,0,-1.2136530921098103,0.001,True,Cold spot (well-covered cluster)
S01650,Suwaru,Hamlet,W024,LGA04,7.778618,10.745845,27.0,Kuraba-Kofar,Ilela,150.0,834.4422546240149,20,1,T24,2026-03-13 07:15:00,2026-03-13 07:34:00,False,True,Accessible,False,16,27.0,1.0,T24,True,5,True,False,Visited (track-confirmed),0.5925925925925926,0,-1.2136530921098103,0.001,True,Cold spot (well-covered cluster)
S01887,Gubata,Hamlet,W029,LGA04,7.961735,10.979876,3.0,Wangoni,Ilela,150.0,1310.5293371215093,0,0,,,,False,False,Accessible,False,2,3.0,1.0,T29,True,5,True,False,Tally-only (no GPS confirmation),0.6666666666666666,0,-1.2136530921098103,0.001,True,Cold spot (well-covered cluster)
S02454,Mashatu,Village,W039,LGA04,8.369879,10.922272,26.0,Nungoni-Arewa,Ilela,150.0,445.0101236575084,0,0,,,,False,False,Accessible,False,19,26.0,1.0,T07,True,5,True,True,Tally-only (no GPS confirmation),0.7307692307692307,0,-1.2136530921098103,0.001,True,Cold spot (well-covered cluster)
S01093,Ekyoyi,Village,W014,LGA01,7.548149,11.537068,121.0,Bishama,Idi-Oro,150.0,931.2054519946662,37,1,T14,2026-03-10 07:53:00,2026-03-10 08:29:00,False,True,Accessible,False,111,121.0,1.0,T14,True,5,True,False,Visited (track-confirmed),0.9173553719008265,0,1.6708191412571471,0.093,False,Not significant
S01722,Wawana,Hamlet,W026,LGA03,7.766914,11.456903,52.0,Kungomi,Katsuma,150.0,2022.315296521864,0,0,,,,False,False,Accessible,False,54,52.0,1.0,T26,True,5,True,False,Tally-only (no GPS confirmation),1.0384615384615385,0,1.6708191412571471,0.093,False,Not significant
S02161,Ribawo,Village,W033,LGA03,7.99481,11.180346,59.0,Tasayi,Katsuma,96.87485199122793,242.1871299780698,0,0,,,,False,False,Accessible,False,50,59.0,1.0,T01,True,5,True,False,Tally-only (no GPS confirmation),0.847457627118644,0,1.6708191412571471,0.093,False,Not significant
S00582,Gushama,Urban block,W007,LGA01,7.4081,11.237529,515.0,Bayoyi,Idi-Oro,150.0,426.8450870954328,25,1,T07,2026-03-12 12:20:00,2026-03-12 12:44:00,False,True,Accessible,False,511,515.0,1.0,T07,True,5,True,False,Visited (track-confirmed),0.9922330097087378,0,0.7093283968014948,0.313,False,Not significant
S01202,Adsana,Village,W015,LGA01,7.511084,11.208222,145.0,Baluru,Idi-Oro,50.0,89.01324374852175,0,0,,,,False,False,Accessible,True,125,145.0,1.0,T15,True,5,True,False,Tally-only (no GPS confirmation),0.8620689655172413,0,-0.2521623476541578,0.294,False,Not significant
S00527,Sushata,Hamlet,W006,LGA01,7.165684,11.262652,42.0,Okradu,Idi-Oro,150.0,977.0519160735023,0,0,,,,False,False,Accessible,False,32,42.0,1.0,T06,True,5,True,False,Tally-only (no GPS confirmation),0.7619047619047619,0,1.6708191412571471,0.093,False,Not significant
S00098,Halusa,Hamlet,W001,LGA01,7.178503,11.135529,28.0,Ekngoyi,Idi-Oro,150.0,787.924011008825,0,0,,,,False,False,Accessible,False,0,,,,False,5,True,False,Plausible miss,0.0,1,0.7093283968014948,0.295,False,Not significant
S02264,Sulayi,Hamlet,W035,LGA04,8.169993,10.947426,14.0,Dazata,Ilela,150.0,1103.4136516288397,0,0,,,,False,False,Accessible,False,15,14.0,1.0,T03,True,5,True,True,Tally-only (no GPS confirmation),1.0714285714285714,0,-0.2521623476541578,0.294,False,Not significant
S01685,Majima,Hamlet,W025,LGA04,7.792467,11.109587,6.0,Okriba,Ilela,150.0,558.5760089278549,27,1,T25,2026-03-11 09:05:00,2026-03-11 16:21:00,False,True,Accessible,False,0,,,,False,5,True,False,Visited (track-confirmed),0.0,0,-1.2136530921098103,0.001,True,Cold spot (well-covered cluster)
S02229,Dotiru,Village,W035,LGA04,8.245577,11.108016,87.0,Dazata,Ilela,150.0,1124.627921199253,0,0,,,,False,False,Accessible,False,73,87.0,1.0,T03,True,5,True,True,Tally-only (no GPS confirmation),0.8390804597701149,0,-1.2136530921098103,0.001,True,Cold spot (well-covered cluster)
S01161,Kumako-Sabo,Village,W015,LGA01,7.493273,11.204919,108.0,Baluru,Idi-Oro,150.0,1016.3312674227308,0,0,,,,False,False,Accessible,False,0,,,,False,5,True,False,Plausible miss,0.0,1,-0.2521623476541578,0.001,True,Cold spot (well-covered cluster)
S01227,Irzami,Hamlet,W015,LGA01,7.481477,11.184274,27.0,Baluru,Idi-Oro,150.0,400.1177492232418,0,0,,,,False,False,Accessible,False,17,27.0,1.0,T15,True,5,True,False,Tally-only (no GPS confirmation),0.6296296296296297,0,0.7093283968014948,0.314,False,Not significant
S01149,Uzride,Urban block,W015,LGA01,7.720314,11.277588,809.0,Baluru,Idi-Oro,150.0,375.3017538360816,0,0,,,,False,False,Accessible,False,499,809.0,1.0,T15,True,5,True,False,Tally-only (no GPS confirmation),0.6168108776266996,0,-1.2136530921098103,0.001,True,Cold spot (well-covered cluster)
S01972,Subewo,Hamlet,W030,LGA04,8.001896,10.556899,17.0,Yeride,Ilela,150.0,1120.2447571390333,25,1,T30,2026-03-11 12:05:00,2026-03-11 12:29:00,False,True,Accessible,False,12,17.0,1.0,T30,True,5,True,False,Visited (track-confirmed),0.7058823529411765,0,0.7093283968014948,0.314,False,Not significant
S01507,Susade-Tudun,Urban block,W020,LGA01,7.662133,11.080832,346.0,Famade,Idi-Oro,150.0,1485.5686748708274,25,1,T20,2026-03-13 10:07:00,2026-03-13 10:31:00,False,True,Accessible,False,362,346.0,1.0,T20,True,5,True,False,Visited (track-confirmed),1.046242774566474,0,-1.2136530921098103,0.001,True,Cold spot (well-covered cluster)
S01201,Loyoru-Sabo,Hamlet,W015,LGA01,7.719601,11.291178,11.0,Baluru,Idi-Oro,150.0,979.8655304078715,6,1,T15,2026-03-13 16:39:00,2026-03-13 16:44:00,False,True,Accessible,False,0,,,,False,5,True,False,Visited (track-confirmed),0.0,0,-0.2521623476541578,0.299,False,Not significant
S00127,Ollawo,Hamlet,W002,LGA01,7.069231,10.778969,7.0,Ekduru,Idi-Oro,150.0,493.3277463647066,0,0,,,,False,False,Accessible,False,0,,,,False,5,True,False,Plausible miss,0.0,1,0.7093283968014948,0.3,False,Not significant
S00570,Dabeko-Tsakiya,Settlement,W007,LGA01,7.436254,11.140118,74.0,Bayoyi,Idi-Oro,150.0,2009.2925458808966,0,0,,,,False,False,Accessible,False,0,,,,False,5,True,False,Plausible miss,0.0,1,1.6708191412571471,0.312,False,Not significant
S01924,Umngode,Settlement,W029,LGA04,8.054246,10.98586,40.0,Wangoni,Ilela,150.0,1444.3468546947947,0,0,,,,False,False,Accessible,False,23,40.0,1.0,T29,True,5,True,False,Tally-only (no GPS confirmation),0.575,0,-0.2521623476541578,0.297,False,Not significant
S02144,Kudeja,Village,W033,LGA03,7.951936,11.180921,40.0,Tasayi,Katsuma,150.0,1353.3039287224813,0,0,,,,False,False,Accessible,False,23,40.0,1.0,T01,True,5,True,False,Tally-only (no GPS confirmation),0.575,0,0.7093283968014948,0.315,False,Not significant
S00921,Olbemi-Kudu,Hamlet,W011,LGA02,7.605649,10.441808,14.0,Enyoko-Kofar,Gwarin,150.0,1295.7525326824173,0,0,,,,False,False,Accessible,False,10,14.0,1.0,T11,True,5,True,False,Tally-only (no GPS confirmation),0.7142857142857143,0,-1.2136530921098103,0.001,True,Cold spot (well-covered cluster)
S01083,Agbele,Hamlet,W014,LGA01,7.404375,11.431611,14.0,Bishama,Idi-Oro,50.35586231829404,125.88965579573508,0,0,,,,False,False,Accessible,False,0,,,,False,5,True,False,Plausible miss,0.0,1,0.7093283968014948,0.297,False,Not significant
S02424,Katiyi,Village,W039,LGA04,8.304348,10.935418,83.0,Nungoni-Arewa,Ilela,150.0,752.9725679620208,0,0,,,,False,False,Accessible,False,47,83.0,1.0,T07,True,5,True,True,Tally-only (no GPS confirmation),0.5662650602409639,0,-1.2136530921098103,0.001,True,Cold spot (well-covered cluster)
S02098,Sangole,Village,W032,LGA04,8.059082,10.895863,15.0,Bisani-Gabas,Ilela,107.70037373312174,269.2509343328043,0,0,,,,False,False,Accessible,False,14,15.0,1.0,T32,True,5,True,False,Tally-only (no GPS confirmation),0.9333333333333333,0,-1.2136530921098103,0.001,True,Cold spot (well-covered cluster)
S02171,Umngota-Kudu,Village,W034,LGA03,8.112394,11.198032,83.0,Dodeta,Katsuma,150.0,493.8991797700468,0,0,,,,False,False,Accessible,False,52,83.0,1.0,T02,True,5,True,False,Tally-only (no GPS confirmation),0.6265060240963856,0,2.6323098857128,0.023,False,Not significant
S02257,Enmaba,Hamlet,W035,LGA04,8.261279,10.947076,20.0,Dazata,Ilela,150.0,836.1655548500966,0,0,,,,False,False,Accessible,False,18,20.0,1.0,T03,True,5,True,True,Tally-only (no GPS confirmation),0.9,0,-1.2136530921098103,0.001,True,Cold spot (well-covered cluster)
S00382,Tatidu,Hamlet,W005,LGA02,7.329622,10.77502,61.0,Jijile,Gwarin,150.0,416.04766709656195,0,0,,,,False,False,Accessible,False,58,61.0,1.0,T05,True,5,True,False,Tally-only (no GPS confirmation),0.9508196721311475,0,-0.2521623476541578,0.294,False,Not significant
S01073,Eksatu-Gabas,Settlement,W014,LGA01,7.461112,11.444336,140.0,Bishama,Idi-Oro,150.0,1378.6545571382155,0,0,,,,False,False,Accessible,False,90,140.0,1.0,T14,True,5,True,False,Tally-only (no GPS confirmation),0.6428571428571429,0,0.7093283968014948,0.314,False,Not significant
S00730,Sasari,Hamlet,W008,LGA01,7.181232,10.906748,13.0,Umyosa,Idi-Oro,116.66814287965776,291.6703571991444,0,0,,,,False,False,Accessible,False,8,13.0,1.0,T08,True,5,True,False,Tally-only (no GPS confirmation),0.6153846153846154,0,-1.2136530921098103,0.001,True,Cold spot (well-covered cluster)
S00507,Ibdeba,Hamlet,W006,LGA01,7.254299,11.212543,56.0,Okradu,Idi-Oro,150.0,685.3973792102372,0,0,,,,False,False,Accessible,False,0,,,,False,5,True,False,Plausible miss,0.0,1,-0.2521623476541578,0.001,True,Cold spot (well-covered cluster)
S02132,Ektsina,Village,W033,LGA03,8.042933,11.220294,80.0,Tasayi,Katsuma,150.0,2397.8502998116032,0,0,,,,False,False,Accessible,False,0,,,,False,5,True,False,Plausible miss,0.0,1,1.6708191412571471,0.31,False,Not significant
S02026,Wazata,Hamlet,W031,LGA03,7.925249,11.369601,7.0,Satide,Katsuma,150.0,649.337267575688,25,1,T31,2026-03-10 14:25:00,2026-03-11 09:19:00,False,True,Accessible,False,7,7.0,1.0,T31,True,5,True,False,Visited (track-confirmed),1.0,0,-0.2521623476541578,0.296,False,Not significant
S00222,Nuduta,Hamlet,W003,LGA01,7.465561,11.015925,23.0,Satita,Idi-Oro,150.0,792.2955949509105,0,0,,,,False,False,Accessible,False,0,,,,False,5,True,False,Plausible miss,0.0,1,-0.2521623476541578,0.001,True,Cold spot (well-covered cluster)
S01115,Rinata,Village,W015,LGA01,7.489985,11.232007,175.0,Baluru,Idi-Oro,150.0,866.0334991624394,30,1,T15,2026-03-12 09:32:00,2026-03-12 10:01:00,False,True,Accessible,False,141,175.0,1.0,T15,True,5,True,False,Visited (track-confirmed),0.8057142857142857,0,-1.2136530921098103,0.001,True,Cold spot (well-covered cluster)
S00280,Gulasa-Sabo,Village,W003,LGA01,7.211033,10.972331,34.0,Satita,Idi-Oro,150.0,696.4164075803536,0,0,,,,False,False,Accessible,False,0,,,,False,5,True,False,Plausible miss,0.0,1,2.6323098857128,0.093,False,Not significant
S01543,Lolashi,Hamlet,W021,LGA02,7.88318,10.542068,15.0,Yezata,Gwarin,150.0,937.5686539508642,3,1,T21,2026-03-10 14:18:00,2026-03-10 14:20:00,False,True,Accessible,False,0,,,,False,5,True,False,Visited (track-confirmed),0.0,0,0.7093283968014948,0.308,False,Not significant
S00969,Mawana,Village,W013,LGA02,7.499465,10.553358,36.0,Sashako,Gwarin,126.45430192023316,316.1357548005829,98,1,T13,2026-03-09 14:49:00,2026-03-11 18:05:00,False,True,Accessible,False,36,36.0,1.0,T13,True,5,True,False,Visited (track-confirmed),1.0,0,-1.2136530921098103,0.001,True,Cold spot (well-covered cluster)
S00306,Gudele,Settlement,W003,LGA01,7.409756,11.058639,68.0,Satita,Idi-Oro,150.0,2269.252249975807,0,0,,,,False,False,Accessible,False,58,68.0,1.0,T03,True,5,True,False,Tally-only (no GPS confirmation),0.8529411764705882,0,2.6323098857128,0.02,False,Not significant
S01055,Umjidu,Village,W014,LGA01,7.457185,11.494401,369.0,Bishama,Idi-Oro,150.0,1555.3030248027767,0,0,,,,False,False,Accessible,False,0,,,,False,5,True,False,Plausible miss,0.0,1,0.7093283968014948,0.3,False,Not significant
D00578,Zabeta,Hamlet,W007,LGA01,7.338725,11.226629,17.0,Bayoyi,Idi-Oro,150.0,378.80353780225346,0,0,,,,False,False,Accessible,False,0,,,,False,5,True,False,Plausible miss,0.0,1,1.6708191412571471,0.308,False,Not significant
S02364,Zaluna-Arewa,Urban block,W038,LGA03,8.415099,11.308987,140.0,Sashasa,Katsuma,150.0,501.9134735181362,0,0,,,,False,False,Accessible,False,0,,,,False,5,True,False,Plausible miss,0.0,1,-0.2521623476541578,0.001,True,Cold spot (well-covered cluster)
S02514,Gulutu,Settlement,W040,LGA04,8.303063,11.199654,26.0,Gujiri,Ilela,150.0,477.0842295813458,0,0,,,,False,False,Accessible,False,20,26.0,1.0,T08,True,5,True,False,Tally-only (no GPS confirmation),0.7692307692307693,0,-1.2136530921098103,0.001,True,Cold spot (well-covered cluster)
S02148,Hasana,Settlement,W033,LGA03,7.996166,11.200174,99.0,Tasayi,Katsuma,77.56129193367785,193.9032298341946,0,0,,,,False,False,Accessible,False,101,99.0,1.0,T01,True,5,True,False,Tally-only (no GPS confirmation),1.02020202020202,0,-0.2521623476541578,0.299,False,Not significant
S02139,Tademi,Hamlet,W033,LGA03,8.056107,11.076398,4.0,Tasayi,Katsuma,150.0,3263.3954017714336,0,0,,,,False,False,Accessible,False,4,4.0,1.0,T01,True,5,True,False,Tally-only (no GPS confirmation),1.0,0,-1.2136530921098103,0.001,True,Cold spot (well-covered cluster)
S01987,Sawayi,Hamlet,W030,LGA04,7.894225,10.608997,17.0,Yeride,Ilela,150.0,1330.6974856465354,0,0,,,,False,False,Accessible,False,17,17.0,1.0,T30,True,5,True,False,Tally-only (no GPS confirmation),1.0,0,-0.2521623476541578,0.299,False,Not significant
S00549,Oltija,Village,W007,LGA01,7.369089,11.240476,133.0,Bayoyi,Idi-Oro,77.45612747539342,193.64031868848352,0,0,,,,False,False,Accessible,False,0,,,,False,5,True,False,Plausible miss,0.0,1,0.7093283968014948,0.301,False,Not significant
S02429,Nunani,Village,W039,LGA04,8.272232,10.841655,162.0,Nungoni-Arewa,Ilela,150.0,475.8572008166052,0,0,,,,False,False,Accessible,False,137,162.0,1.0,T07,True,5,True,True,Tally-only (no GPS confirmation),0.845679012345679,0,-1.2136530921098103,0.001,True,Cold spot (well-covered cluster)
S00218,Ekluri-Tsakiya,Village,W002,LGA01,7.100585,10.729689,85.0,Ekduru,Idi-Oro,150.0,963.4731312987303,0,0,,,,False,False,Accessible,False,61,85.0,1.0,T02,True,5,True,False,Tally-only (no GPS confirmation),0.7176470588235294,0,1.6708191412571471,0.095,False,Not significant
S01757,Ibsaru,Village,W027,LGA03,7.930676,11.458423,57.0,Daberi,Katsuma,135.7359035817395,339.3397589543487,0,0,,,,False,False,Accessible,False,0,,,,False,5,True,False,Plausible miss,0.0,1,1.6708191412571471,0.313,False,Not significant
S01874,Wawayi-Kofar,Village,W029,LGA04,7.949846,11.078052,6.0,Wangoni,Ilela,131.5411955819435,328.85298895485874,0,0,,,,False,False,Accessible,False,4,6.0,1.0,T29,True,5,True,False,Tally-only (no GPS confirmation),0.6666666666666666,0,-1.2136530921098103,0.001,True,Cold spot (well-covered cluster)
S01589,Wabami,Hamlet,W022,LGA03,8.113387,11.545842,20.0,Sudefa,Katsuma,150.0,1243.4754365129,0,0,,,,False,False,Accessible,False,0,,,,False,5,True,False,Plausible miss,0.0,1,1.6708191412571471,0.312,False,Not significant
S00816,Sawade,Urban block,W009,LGA02,7.500587,10.995465,499.0,Washatu,Gwarin,150.0,1085.9705750141761,34,1,T09,2026-03-11 07:37:00,2026-03-11 08:10:00,False,True,Accessible,False,424,499.0,1.0,T09,True,5,True,False,Visited (track-confirmed),0.8496993987975952,0,-1.2136530921098103,0.001,True,Cold spot (well-covered cluster)
S01956,Oltsiwa,Settlement,W030,LGA04,8.03777,10.578977,27.0,Yeride,Ilela,109.09098312010553,272.72745780026383,0,0,,,,False,False,Accessible,False,16,27.0,1.0,T30,True,5,True,False,Tally-only (no GPS confirmation),0.5925925925925926,0,-0.2521623476541578,0.302,False,Not significant
S01402,Taluyi,Hamlet,W019,LGA04,7.580831,11.00284,6.0,Umzaba-Kofar,Ilela,150.0,423.1535902881997,0,0,,,,False,False,Accessible,False,6,6.0,1.0,T19,True,5,True,False,Tally-only (no GPS confirmation),1.0,0,-0.2521623476541578,0.302,False,Not significant
S00378,Agzadu,Village,W005,LGA02,7.388775,10.716853,83.0,Jijile,Gwarin,139.38467175270034,348.46167938175086,0,0,,,,False,False,Accessible,False,65,83.0,1.0,T05,True,5,True,False,Tally-only (no GPS confirmation),0.7831325301204819,0,-0.2521623476541578,0.302,False,Not significant
S01544,Hadele-Arewa,Hamlet,W021,LGA02,7.837191,10.543674,46.0,Yezata,Gwarin,150.0,2368.350826505115,0,0,,,,False,False,Accessible,False,45,46.0,1.0,T21,True,5,True,False,Tally-only (no GPS confirmation),0.9782608695652174,0,-0.2521623476541578,0.302,False,Not significant
S00161,Kuzaru,Urban block,W002,LGA01,7.133176,10.79321,216.0,Ekduru,Idi-Oro,113.35175132189002,283.37937830472504,0,0,,,,False,False,Accessible,False,0,,,,False,5,True,False,Plausible miss,0.0,1,-0.2521623476541578,0.001,True,Cold spot (well-covered cluster)
S02250,Yerako-Sabo,Village,W035,LGA04,8.264756,10.94034,83.0,Dazata,Ilela,150.0,836.1655548500966,0,0,,,,False,False,Accessible,False,58,83.0,1.0,T03,True,5,True,True,Tally-only (no GPS confirmation),0.6987951807228916,0,-1.2136530921098103,0.001,True,Cold spot (well-covered cluster)
S00950,Zakota,Hamlet,W012,LGA02,7.330579,10.560816,16.0,Darari,Gwarin,150.0,1510.0434045703855,21,1,T12,2026-03-13 13:35:00,2026-03-13 13:55:00,False,True,Accessible,False,10,16.0,1.0,T12,True,5,True,False,Visited (track-confirmed),0.625,0,-0.2521623476541578,0.301,False,Not significant
S02179,Hatiwo,Hamlet,W034,LGA03,8.136051,11.195067,24.0,Dodeta,Katsuma,150.0,816.3756400370237,0,0,,,,False,False,Accessible,False,22,24.0,1.0,T02,True,5,True,False,Tally-only (no GPS confirmation),0.9166666666666666,0,1.6708191412571471,0.095,False,Not significant
S02518,Hanaja,Settlement,W040,LGA04,8.28292,11.211132,57.0,Gujiri,Ilela,118.7687452972539,296.92186324313474,0,0,,,,False,False,Accessible,False,36,57.0,1.0,T08,True,5,True,False,Tally-only (no GPS confirmation),0.631578947368421,0,-0.2521623476541578,0.301,False,Not significant
S01550,Kungosa-Arewa,Village,W021,LGA02,7.894003,10.543056,36.0,Yezata,Gwarin,150.0,1020.013485425101,0,0,,,,False,False,Accessible,False,34,36.0,1.0,T21,True,5,True,False,Tally-only (no GPS confirmation),0.9444444444444444,0,0.7093283968014948,0.313,False,Not significant
S01705,Iryoma,Hamlet,W025,LGA04,7.781209,11.140365,10.0,Okriba,Ilela,150.0,877.4381887243418,0,0,,,,False,False,Accessible,False,0,,,,False,5,True,False,Plausible miss,0.0,1,2.6323098857128,0.095,False,Not significant
S02451,Wajidu,Village,W039,LGA04,8.352041,10.877267,53.0,Nungoni-Arewa,Ilela,150.0,2635.1316539454738,0,0,,,,False,False,Accessible,False,32,53.0,1.0,T07,True,5,True,True,Tally-only (no GPS confirmation),0.6037735849056604,0,-1.2136530921098103,0.001,True,Cold spot (well-covered cluster)
S01239,Aglashi,Hamlet,W016,LGA02,7.56987,10.44335,13.0,Uzritu,Gwarin,134.33483708036349,335.83709270090867,0,0,,,,False,False,Accessible,False,12,13.0,1.0,T16,True,5,True,False,Tally-only (no GPS confirmation),0.9230769230769231,0,-0.2521623476541578,0.302,False,Not significant
S01184,Yeshasa,Village,W015,LGA01,7.506059,11.229002,93.0,Baluru,Idi-Oro,150.0,599.5072730991056,2,2,"T06,T15",2026-03-09 16:56:00,2026-03-10 14:24:00,False,True,Accessible,False,76,93.0,1.0,T15,True,5,True,False,Visited (track-confirmed),0.8172043010752689,0,-1.2136530921098103,0.001,True,Cold spot (well-covered cluster)
S01467,Gukori,Hamlet,W020,LGA01,7.724386,11.163464,63.0,Famade,Idi-Oro,144.84665907006396,362.11664767515987,0,0,,,,False,False,Accessible,False,40,63.0,1.0,T20,True,5,True,False,Tally-only (no GPS confirmation),0.6349206349206349,0,-0.2521623476541578,0.302,False,Not significant
S00973,Kushadu,Hamlet,W013,LGA02,7.506095,10.675748,54.0,Sashako,Gwarin,150.0,1053.579513669544,0,0,,,,False,False,Accessible,False,0,,,,False,5,True,False,Plausible miss,0.0,1,0.7093283968014948,0.303,False,Not significant
S00427,Sujimi,Village,W006,LGA01,7.166269,11.302335,126.0,Okradu,Idi-Oro,150.0,452.3316411741881,0,0,,,,False,False,Accessible,False,93,126.0,1.0,T06,True,5,True,False,Tally-only (no GPS confirmation),0.7380952380952381,0,1.6708191412571471,0.095,False,Not significant
S01898,Ekmama,Village,W029,LGA04,7.950259,11.081098,28.0,Wangoni,Ilela,126.8246175860039,317.0615439650097,33,1,T29,2026-03-10 13:17:00,2026-03-13 08:54:00,False,True,Accessible,False,19,28.0,1.0,T29,True,5,True,False,Visited (track-confirmed),0.6785714285714286,0,-1.2136530921098103,0.001,True,Cold spot (well-covered cluster)
S00482,Nuwade,Hamlet,W006,LGA01,7.238442,11.22999,12.0,Okradu,Idi-Oro,150.0,586.8954873510925,0,0,,,,False,False,Accessible,False,12,12.0,1.0,T06,True,5,True,False,Tally-only (no GPS confirmation),1.0,0,-0.2521623476541578,0.303,False,Not significant
S02217,Washashi,Settlement,W035,LGA04,8.213475,11.022468,44.0,Dazata,Ilela,150.0,1217.5710022974101,0,0,,,,False,False,Accessible,False,46,44.0,1.0,T03,True,5,True,True,Tally-only (no GPS confirmation),1.0454545454545454,0,-1.2136530921098103,0.001,True,Cold spot (well-covered cluster)
S01331,Zawaru,Village,W018,LGA02,7.580822,10.645371,58.0,Adwana,Gwarin,150.0,558.004933005526,6,1,T18,2026-03-09 13:52:00,2026-03-09 16:40:00,False,True,Accessible,False,34,58.0,1.0,T18,True,5,True,False,Visited (track-confirmed),0.5862068965517241,0,-1.2136530921098103,0.001,True,Cold spot (well-covered cluster)
S00505,Oldeko,Hamlet,W006,LGA01,7.253665,11.245392,69.0,Okradu,Idi-Oro,150.0,542.4733112211213,0,0,,,,False,False,Accessible,False,47,69.0,1.0,T06,True,5,True,False,Tally-only (no GPS confirmation),0.6811594202898551,0,1.6708191412571471,0.095,False,Not significant
S01297,Uztsisa-Kudu,Village,W017,LGA03,7.538425,11.406433,90.0,Bazasa,Katsuma,150.0,735.1662314950163,5,1,T17,2026-03-13 11:10:00,2026-03-13 11:14:00,False,True,Accessible,False,0,,,,False,5,True,False,Visited (track-confirmed),0.0,0,-1.2136530921098103,0.001,True,Cold spot (well-covered cluster)
S00693,Tangosa-Tudun,Settlement,W008,LGA01,7.441226,10.957425,66.0,Umyosa,Idi-Oro,98.23328620696718,245.58321551741793,0,0,,,,False,False,Accessible,False,57,66.0,1.0,T08,True,5,True,False,Tally-only (no GPS confirmation),0.8636363636363636,0,1.6708191412571471,0.095,False,Not significant
S01845,Okshasa,Settlement,W029,LGA04,8.020255,11.062555,69.0,Wangoni,Ilela,150.0,2530.5112156447717,0,0,,,,False,False,Accessible,False,47,69.0,1.0,T29,True,5,True,False,Tally-only (no GPS confirmation),0.6811594202898551,0,-1.2136530921098103,0.001,True,Cold spot (well-covered cluster)
S01583,Suwaja,Hamlet,W022,LGA03,8.072925,11.510211,15.0,Sudefa,Katsuma,150.0,1268.3951694322745,80,1,T22,2026-03-09 16:26:00,2026-03-11 15:55:00,False,True,Accessible,False,11,15.0,1.0,T22,True,5,True,False,Visited (track-confirmed),0.7333333333333333,0,1.6708191412571471,0.095,False,Not significant
S00677,Falushi,Hamlet,W008,LGA01,7.366522,10.856075,34.0,Umyosa,Idi-Oro,114.04431534933292,285.1107883733323,0,0,,,,False,False,Accessible,False,36,34.0,1.0,T08,True,5,True,False,Tally-only (no GPS confirmation),1.0588235294117647,0,0.7093283968014948,0.312,False,Not significant
S01923,Dabashi,Village,W029,LGA04,7.990045,10.990628,24.0,Wangoni,Ilela,105.47255556632291,263.68138891580725,0,0,,,,False,False,Accessible,False,18,24.0,1.0,T29,True,5,True,False,Tally-only (no GPS confirmation),0.75,0,-0.2521623476541578,0.303,False,Not significant
S01357,Olmafa-Tsakiya,Hamlet,W018,LGA02,7.631306,10.625603,8.0,Adwana,Gwarin,94.78908316667977,236.97270791669942,11,2,"T04,T18",2026-03-10 09:52:00,2026-03-13 17:24:00,False,True,Accessible,False,7,8.0,1.0,T18,True,5,True,False,Visited (track-confirmed),0.875,0,-1.2136530921098103,0.001,True,Cold spot (well-covered cluster)
S01772,Lodeyi,Village,W027,LGA03,7.902499,11.480966,25.0,Daberi,Katsuma,50.0,56.17154589357895,28,1,T27,2026-03-11 10:24:00,2026-03-13 14:14:00,True,True,Accessible,True,22,25.0,1.0,T27,True,5,True,False,Visited (track-confirmed),0.88,0,-1.2136530921098103,0.001,True,Cold spot (well-covered cluster)
S01041,Ibzashi,Village,W014,LGA01,7.407313,11.413849,58.0,Bishama,Idi-Oro,150.0,1304.863665649819,20,1,T14,2026-03-09 15:48:00,2026-03-09 16:07:00,False,True,Accessible,False,60,58.0,1.0,T14,True,5,True,False,Visited (track-confirmed),1.0344827586206897,0,0.7093283968014948,0.312,False,Not significant
S00389,Nuyole,Village,W005,LGA02,7.283536,10.749702,132.0,Jijile,Gwarin,150.0,1673.7190077318837,0,0,,,,False,False,Accessible,False,126,132.0,1.0,T05,True,5,True,False,Tally-only (no GPS confirmation),0.9545454545454546,0,0.7093283968014948,0.312,False,Not significant
S00349,Oltiwo-Sabo,Hamlet,W004,LGA02,7.227483,10.578117,55.0,Yesawo,Gwarin,150.0,878.6461297592494,4,1,T04,2026-03-13 08:16:00,2026-03-13 08:19:00,False,True,Accessible,False,35,55.0,1.0,T04,True,5,True,False,Visited (track-confirmed),0.6363636363636364,0,-0.2521623476541578,0.303,False,Not significant
S00371,Ririyi,Hamlet,W005,LGA02,7.326621,10.738177,13.0,Jijile,Gwarin,150.0,1938.7150184604034,0,0,,,,False,False,Accessible,False,10,13.0,1.0,T05,True,5,True,False,Tally-only (no GPS confirmation),0.7692307692307693,0,-0.2521623476541578,0.303,False,Not significant
S01014,Yerile,Settlement,W014,LGA01,7.504962,11.434096,30.0,Bishama,Idi-Oro,150.0,2108.067095799323,0,0,,,,False,False,Accessible,False,27,30.0,1.0,T14,True,5,True,False,Tally-only (no GPS confirmation),0.9,0,1.6708191412571471,0.095,False,Not significant
S01483,Irtsishi,Village,W020,LGA01,7.551658,11.128073,179.0,Famade,Idi-Oro,150.0,961.2637357507529,0,0,,,,False,False,Accessible,False,187,179.0,1.0,T20,True,5,True,False,Tally-only (no GPS confirmation),1.0446927374301676,0,0.7093283968014948,0.312,False,Not significant
S01478,Umshako,Village,W020,LGA01,7.736085,11.162713,198.0,Famade,Idi-Oro,150.0,618.2065262528732,20,1,T20,2026-03-13 07:35:00,2026-03-13 07:54:00,False,True,Accessible,False,177,198.0,1.0,T20,True,5,True,False,Visited (track-confirmed),0.8939393939393939,0,-0.2521623476541578,0.303,False,Not significant
S02088,Kurawa,Village,W032,LGA04,8.061102,10.821475,87.0,Bisani-Gabas,Ilela,150.0,1588.0814030592303,3,1,T32,2026-03-10 18:25:00,2026-03-10 18:30:00,False,True,Accessible,False,69,87.0,1.0,T32,True,5,True,False,Visited (track-confirmed),0.7931034482758621,0,-1.2136530921098103,0.001,True,Cold spot (well-covered cluster)
S00372,Haluta-Tudun,Village,W005,LGA02,7.330119,10.771291,43.0,Jijile,Gwarin,150.0,416.04766709656195,0,0,,,,False,False,Accessible,False,34,43.0,1.0,T05,True,5,True,False,Tally-only (no GPS confirmation),0.7906976744186046,0,-0.2521623476541578,0.303,False,Not significant
S01464,Hajidu,Hamlet,W020,LGA01,7.762662,11.182175,23.0,Famade,Idi-Oro,150.0,613.4309188372081,0,0,,,,False,False,Accessible,False,19,23.0,1.0,T20,True,5,True,False,Tally-only (no GPS confirmation),0.8260869565217391,0,0.7093283968014948,0.312,False,Not significant
S01756,Bangoni,Settlement,W027,LGA03,7.76258,11.325954,60.0,Daberi,Katsuma,150.0,2510.299352164823,34,1,T27,2026-03-09 16:42:00,2026-03-09 17:15:00,False,True,Accessible,False,56,60.0,1.0,T27,True,5,True,False,Visited (track-confirmed),0.9333333333333333,0,-0.2521623476541578,0.303,False,Not significant
S00336,Jimaba,Village,W004,LGA02,7.21734,10.693585,58.0,Yesawo,Gwarin,150.0,611.1376270809003,0,0,,,,False,False,Accessible,False,0,,,,False,5,True,False,Plausible miss,0.0,1,0.7093283968014948,0.307,False,Not significant
S01260,Hajishi,Village,W016,LGA02,7.622551,10.452034,37.0,Uzritu,Gwarin,150.0,2168.5942015312353,0,0,,,,False,False,Accessible,False,29,37.0,1.0,T16,True,5,True,False,Tally-only (no GPS confirmation),0.7837837837837838,0,-1.2136530921098103,0.001,True,Cold spot (well-covered cluster)
S01210,Dowawa-Yamma,Urban block,W015,LGA01,7.71246,11.279193,410.0,Baluru,Idi-Oro,150.0,540.8289985944617,0,0,,,,False,False,Accessible,False,330,410.0,1.0,T15,True,5,True,False,Tally-only (no GPS confirmation),0.8048780487804879,0,-1.2136530921098103,0.001,True,Cold spot (well-covered cluster)
S02103,Kanawa,Hamlet,W033,LGA03,8.05816,11.153629,37.0,Tasayi,Katsuma,150.0,2976.1376767158117,0,0,,,,False,False,Accessible,False,32,37.0,1.0,T01,True,5,True,False,Tally-only (no GPS confirmation),0.8648648648648649,0,1.6708191412571471,0.096,False,Not significant
S01420,Biluru,Hamlet,W019,LGA04,7.572132,11.001429,20.0,Umzaba-Kofar,Ilela,112.45450995421916,281.1362748855479,0,0,,,,False,False,Accessible,False,14,20.0,1.0,T19,True,5,True,False,Tally-only (no GPS confirmation),0.7,0,-0.2521623476541578,0.307,False,Not significant
S00267,Entsini,Urban block,W003,LGA01,7.43514,11.006726,502.0,Satita,Idi-Oro,150.0,462.83135253971255,0,0,,,,False,False,Accessible,False,474,502.0,1.0,T03,True,5,True,False,Tally-only (no GPS confirmation),0.9442231075697212,0,-0.2521623476541578,0.307,False,Not significant
S01896,Uzmata,Village,W029,LGA04,8.029611,10.950799,18.0,Wangoni,Ilela,150.0,1027.364299972661,0,0,,,,False,False,Accessible,False,14,18.0,1.0,T29,True,5,True,False,Tally-only (no GPS confirmation),0.7777777777777778,0,-0.2521623476541578,0.307,False,Not significant
S00970,Bangotu,Hamlet,W013,LGA02,7.411096,10.619356,22.0,Sashako,Gwarin,150.0,2692.542281501101,29,1,T13,2026-03-11 09:57:00,2026-03-11 10:25:00,False,True,Accessible,False,20,22.0,1.0,T13,True,5,True,False,Visited (track-confirmed),0.9090909090909091,0,-1.2136530921098103,0.001,True,Cold spot (well-covered cluster)
S01942,Zangori-Sabo,Settlement,W030,LGA04,7.934236,10.695327,90.0,Yeride,Ilela,150.0,1715.7115528824045,5,1,T04,2026-03-11 16:15:00,2026-03-11 16:19:00,False,True,Accessible,False,67,90.0,1.0,T30,True,5,True,False,Visited (track-confirmed),0.7444444444444445,0,-1.2136530921098103,0.001,True,Cold spot (well-covered cluster)
S01995,Uzraba,Village,W031,LGA03,7.980134,11.332524,46.0,Satide,Katsuma,150.0,422.9794637928799,6,2,"T05,T31",2026-03-11 15:51:00,2026-03-13 13:03:00,False,True,Accessible,False,0,,,,False,5,True,False,Visited (track-confirmed),0.0,0,-1.2136530921098103,0.001,True,Cold spot (well-covered cluster)
S02029,Rikosa,Hamlet,W031,LGA03,8.080481,11.273178,8.0,Satide,Katsuma,150.0,1060.4335554771365,25,1,T31,2026-03-09 07:44:00,2026-03-09 08:08:00,False,True,Accessible,False,6,8.0,1.0,T31,True,5,True,False,Visited (track-confirmed),0.75,0,1.6708191412571471,0.096,False,Not significant
S00841,Okkoni,Village,W010,LGA02,7.411649,10.898791,119.0,Fazafa,Gwarin,70.21977865335525,175.5494466333881,17,1,T10,2026-03-10 12:04:00,2026-03-10 12:20:00,False,True,Accessible,False,106,119.0,1.0,T10,True,5,True,False,Visited (track-confirmed),0.8907563025210085,0,-1.2136530921098103,0.001,True,Cold spot (well-covered cluster)
S02096,Ekjisa,Village,W032,LGA04,8.097047,10.866061,32.0,Bisani-Gabas,Ilela,150.0,899.0857243908509,28,1,T32,2026-03-12 08:26:00,2026-03-12 16:14:00,False,True,Accessible,False,30,32.0,1.0,T32,True,5,True,False,Visited (track-confirmed),0.9375,0,-1.2136530921098103,0.001,True,Cold spot (well-covered cluster)
S01917,Haraja-Kudu,Village,W029,LGA04,7.996293,10.997381,49.0,Wangoni,Ilela,127.83959571930507,319.59898929826267,34,1,T29,2026-03-11 10:18:00,2026-03-11 10:51:00,False,True,Accessible,False,35,49.0,1.0,T29,True,5,True,False,Visited (track-confirmed),0.7142857142857143,0,-0.2521623476541578,0.307,False,Not significant
S00071,Sutiwo,Village,W001,LGA01,7.17708,11.098781,177.0,Ekngoyi,Idi-Oro,150.0,1829.0345077170332,0,0,,,,False,False,Accessible,False,107,177.0,1.0,T01,True,5,True,False,Tally-only (no GPS confirmation),0.6045197740112994,0,2.6323098857128,0.018,True,Hot spot (missed-settlement cluster)
S01712,Wajile,Village,W026,LGA03,7.750473,11.536484,76.0,Kungomi,Katsuma,150.0,508.24997626613776,4,1,T26,2026-03-10 08:19:00,2026-03-10 08:22:00,False,True,Accessible,False,0,,,,False,5,True,False,Visited (track-confirmed),0.0,0,-0.2521623476541578,0.307,False,Not significant
S01554,Kamawo,Village,W021,LGA02,7.892363,10.559092,87.0,Yezata,Gwarin,150.0,761.9098342738644,0,0,,,,False,False,Accessible,False,91,87.0,1.0,T21,True,5,True,False,Tally-only (no GPS confirmation),1.0459770114942528,0,-0.2521623476541578,0.307,False,Not significant
S00178,Habale,Urban block,W002,LGA01,7.135511,10.7921,255.0,Ekduru,Idi-Oro,113.35175132189002,283.37937830472504,0,0,,,,False,False,Accessible,False,217,255.0,1.0,T02,True,5,True,False,Tally-only (no GPS confirmation),0.8509803921568627,0,-0.2521623476541578,0.307,False,Not significant
S01283,Habeba-Tudun,Village,W017,LGA03,7.539543,11.413768,72.0,Bazasa,Katsuma,150.0,513.6741397879535,37,1,T17,2026-03-09 09:33:00,2026-03-12 16:26:00,False,True,Accessible,False,43,72.0,1.0,T17,True,5,True,False,Visited (track-confirmed),0.5972222222222222,0,-0.2521623476541578,0.307,False,Not significant
S00495,Zashashi,Village,W006,LGA01,7.249337,11.169122,247.0,Okradu,Idi-Oro,141.83471732199402,354.58679330498506,0,0,,,,False,False,Accessible,False,260,247.0,1.0,T06,True,5,True,False,Tally-only (no GPS confirmation),1.0526315789473684,0,-0.2521623476541578,0.307,False,Not significant
S02221,Olyotu,Hamlet,W035,LGA04,8.275528,11.038074,17.0,Dazata,Ilela,150.0,2244.1475412936315,0,0,,,,False,False,Accessible,False,11,17.0,1.0,T03,True,5,True,True,Tally-only (no GPS confirmation),0.6470588235294118,0,-1.2136530921098103,0.001,True,Cold spot (well-covered cluster)
S00510,Umtima,Hamlet,W006,LGA01,7.276508,11.223293,34.0,Okradu,Idi-Oro,150.0,652.6670980802653,0,0,,,,False,False,Accessible,False,36,34.0,1.0,T06,True,5,True,False,Tally-only (no GPS confirmation),1.0588235294117647,0,0.7093283968014948,0.312,False,Not significant
S00475,Zarija,Hamlet,W006,LGA01,7.204768,11.355049,35.0,Okradu,Idi-Oro,150.0,519.8287278133431,0,0,,,,False,False,Accessible,False,0,,,,False,5,True,False,Plausible miss,0.0,1,0.7093283968014948,0.309,False,Not significant
S01609,Fatsima,Village,W023,LGA03,7.824053,11.244494,33.0,Suwade,Katsuma,84.78183258683788,211.9545814670947,0,0,,,,False,False,Accessible,False,28,33.0,1.0,T23,True,5,True,False,Tally-only (no GPS confirmation),0.8484848484848485,0,2.6323098857128,0.017,True,Hot spot (missed-settlement cluster)
S01835,Mayole,Settlement,W028,LGA04,7.968833,10.787603,45.0,Wangoja,Ilela,150.0,1156.7842145498873,24,1,T28,2026-03-10 15:29:00,2026-03-13 10:38:00,False,True,Accessible,False,39,45.0,1.0,T28,True,5,True,False,Visited (track-confirmed),0.8666666666666667,0,-0.2521623476541578,0.308,False,Not significant
S01257,Suriyi,Settlement,W016,LGA02,7.664928,10.485981,32.0,Uzritu,Gwarin,150.0,381.04453592366855,34,1,T16,2026-03-10 13:32:00,2026-03-10 14:05:00,False,True,Accessible,False,28,32.0,1.0,T16,True,5,True,False,Visited (track-confirmed),0.875,0,-1.2136530921098103,0.001,True,Cold spot (well-covered cluster)
D00246,Rimafa-Kudu,Urban block,W003,LGA01,7.255512,10.979302,567.0,Satita,Idi-Oro,133.81394181497382,334.5348545374345,0,0,,,,False,False,Accessible,False,0,,,,False,5,True,False,Plausible miss,0.0,1,0.7093283968014948,0.308,False,Not significant
S01122,Irdeko,Urban block,W015,LGA01,7.675763,11.256566,475.0,Baluru,Idi-Oro,150.0,1214.5642240534412,6,1,T15,2026-03-09 15:48:00,2026-03-09 15:53:00,False,True,Accessible,False,484,475.0,1.0,T15,True,5,True,False,Visited (track-confirmed),1.0189473684210526,0,-0.2521623476541578,0.306,False,Not significant
S02517,Agduwa,Village,W040,LGA04,8.300819,11.193716,30.0,Gujiri,Ilela,150.0,700.8405387828745,0,0,,,,False,False,Accessible,False,21,30.0,1.0,T08,True,5,True,False,Tally-only (no GPS confirmation),0.7,0,-1.2136530921098103,0.001,True,Cold spot (well-covered cluster)
S01333,Nudude,Village,W018,LGA02,7.622413,10.614591,146.0,Adwana,Gwarin,150.0,702.4561808144788,7,1,T18,2026-03-11 15:15:00,2026-03-11 17:09:00,False,True,Accessible,False,0,,,,False,5,True,False,Visited (track-confirmed),0.0,0,-1.2136530921098103,0.001,True,Cold spot (well-covered cluster)
S00448,Bayode,Settlement,W006,LGA01,7.27914,11.214203,46.0,Okradu,Idi-Oro,150.0,460.35426698042517,0,0,,,,False,False,Accessible,False,0,,,,False,5,True,False,Plausible miss,0.0,1,0.7093283968014948,0.306,False,Not significant
S00042,Damako,Hamlet,W001,LGA01,7.08705,11.137163,34.0,Ekngoyi,Idi-Oro,150.0,874.6053416871074,0,0,,,,False,False,Accessible,False,0,,,,False,5,True,False,Plausible miss,0.0,1,1.6708191412571471,0.313,False,Not significant
S01472,Kashashi-Gabas,Hamlet,W020,LGA01,7.754034,11.151403,6.0,Famade,Idi-Oro,150.0,1505.7042700962552,0,0,,,,False,False,Accessible,False,0,,,,False,5,True,False,Plausible miss,0.0,1,-0.2521623476541578,0.001,True,Cold spot (well-covered cluster)
S01267,Biwako-Sabo,Settlement,W016,LGA02,7.634881,10.509686,31.0,Uzritu,Gwarin,150.0,809.664174981172,0,0,,,,False,False,Accessible,False,26,31.0,1.0,T16,True,5,True,False,Tally-only (no GPS confirmation),0.8387096774193549,0,-1.2136530921098103,0.001,True,Cold spot (well-covered cluster)
S02160,Ribaba,Hamlet,W033,LGA03,7.949529,11.113174,9.0,Tasayi,Katsuma,150.0,763.5691816606758,0,0,,,,False,False,Accessible,False,8,9.0,1.0,T01,True,5,True,False,Tally-only (no GPS confirmation),0.8888888888888888,0,-1.2136530921098103,0.001,True,Cold spot (well-covered cluster)
S01154,Yeduyi,Village,W015,LGA01,7.728555,11.300728,164.0,Baluru,Idi-Oro,150.0,676.0904166837307,0,0,,,,False,False,Accessible,False,153,164.0,1.0,T15,True,5,True,False,Tally-only (no GPS confirmation),0.9329268292682927,0,-0.2521623476541578,0.304,False,Not significant
S01573,Habami,Hamlet,W022,LGA03,8.093876,11.521774,37.0,Sudefa,Katsuma,150.0,913.2837982295559,0,0,,,,False,False,Accessible,False,0,,,,False,5,True,False,Plausible miss,0.0,1,1.6708191412571471,0.313,False,Not significant
S01092,Doyodu,Village,W014,LGA01,7.467766,11.466951,166.0,Bishama,Idi-Oro,50.0,65.39049684043071,0,0,,,,False,False,Accessible,True,93,166.0,1.0,T14,True,5,True,False,Tally-only (no GPS confirmation),0.5602409638554217,0,1.6708191412571471,0.096,False,Not significant
S00385,Ibluwo,Village,W005,LGA02,7.319853,10.714427,14.0,Jijile,Gwarin,150.0,2729.4206736113624,0,0,,,,False,False,Accessible,False,12,14.0,1.0,T05,True,5,True,False,Tally-only (no GPS confirmation),0.8571428571428571,0,1.6708191412571471,0.096,False,Not significant
S00530,Ibbefa,Village,W006,LGA01,7.254443,11.219454,46.0,Okradu,Idi-Oro,150.0,668.7510349338963,0,0,,,,False,False,Accessible,False,47,46.0,1.0,T06,True,5,True,False,Tally-only (no GPS confirmation),1.0217391304347827,0,-0.2521623476541578,0.305,False,Not significant
S00825,Agsani,Hamlet,W009,LGA02,7.482933,10.994311,46.0,Washatu,Gwarin,150.0,1550.6579224174827,0,0,,,,False,False,Accessible,False,45,46.0,1.0,T09,True,5,True,False,Tally-only (no GPS confirmation),0.9782608695652174,0,-1.2136530921098103,0.001,True,Cold spot (well-covered cluster)
S01864,Ibbana,Village,W029,LGA04,7.882205,11.0159,96.0,Wangoni,Ilela,150.0,3689.346028255788,0,0,,,,False,False,Accessible,False,85,96.0,1.0,T29,True,5,True,False,Tally-only (no GPS confirmation),0.8854166666666666,0,0.7093283968014948,0.316,False,Not significant
S00491,Sutsija,Settlement,W006,LGA01,7.257395,11.274017,41.0,Okradu,Idi-Oro,50.0,99.98870088714364,0,0,,,,False,False,Accessible,True,30,41.0,1.0,T06,True,5,True,False,Tally-only (no GPS confirmation),0.7317073170731707,0,0.7093283968014948,0.316,False,Not significant
S00588,Loludu,Village,W007,LGA01,7.384608,11.233062,148.0,Bayoyi,Idi-Oro,120.17352687783708,300.4338171945927,0,0,,,,False,False,Accessible,False,108,148.0,1.0,T07,True,5,True,False,Tally-only (no GPS confirmation),0.7297297297297297,0,-0.2521623476541578,0.305,False,Not significant
S02331,Warako-Yamma,Village,W037,LGA03,8.179667,11.517216,90.0,Longoma,Katsuma,150.0,746.5970064876844,0,0,,,,False,False,Accessible,False,0,,,,False,5,True,False,Plausible miss,0.0,1,0.7093283968014948,0.309,False,Not significant
S00872,Fayowo,Village,W011,LGA02,7.746926,10.415517,61.0,Enyoko-Kofar,Gwarin,150.0,567.3992855138268,0,0,,,,False,False,Accessible,False,39,61.0,1.0,T11,True,5,True,False,Tally-only (no GPS confirmation),0.639344262295082,0,-1.2136530921098103,0.001,True,Cold spot (well-covered cluster)
S00255,Adsashi,Village,W003,LGA01,7.430698,10.980203,103.0,Satita,Idi-Oro,150.0,624.8865377954021,0,0,,,,False,False,Accessible,False,79,103.0,1.0,T03,True,5,True,False,Tally-only (no GPS confirmation),0.7669902912621359,0,1.6708191412571471,0.095,False,Not significant
S00173,Fakowo,Village,W002,LGA01,7.202096,10.848132,148.0,Ekduru,Idi-Oro,150.0,3513.8409738943606,0,0,,,,False,False,Accessible,False,130,148.0,1.0,T02,True,5,True,False,Tally-only (no GPS confirmation),0.8783783783783784,0,-0.2521623476541578,0.309,False,Not significant
S02485,Enyode,Hamlet,W040,LGA04,8.289817,11.168638,14.0,Gujiri,Ilela,71.93380832770227,179.83452081925566,0,0,,,,False,False,Accessible,False,15,14.0,1.0,T08,True,5,True,False,Tally-only (no GPS confirmation),1.0714285714285714,0,-0.2521623476541578,0.309,False,Not significant
S00062,Irsadu-Sabo,Hamlet,W001,LGA01,7.035398,11.067,34.0,Ekngoyi,Idi-Oro,150.0,1099.566690585973,0,0,,,,False,False,Accessible,False,21,34.0,1.0,T01,True,5,True,False,Tally-only (no GPS confirmation),0.6176470588235294,0,-0.2521623476541578,0.309,False,Not significant
S02165,Uztiwa,Hamlet,W034,LGA03,8.217561,11.313326,15.0,Dodeta,Katsuma,150.0,3102.5168406789417,0,0,,,,False,False,Accessible,False,15,15.0,1.0,T02,True,5,True,False,Tally-only (no GPS confirmation),1.0,0,-0.2521623476541578,0.309,False,Not significant
S01457,Yeyode,Village,W020,LGA01,7.727766,11.13161,112.0,Famade,Idi-Oro,50.0,121.21971405466114,3,1,T20,2026-03-12 11:23:00,2026-03-12 11:28:00,True,True,Accessible,False,103,112.0,1.0,T20,True,5,True,False,Visited (track-confirmed),0.9196428571428571,0,-0.2521623476541578,0.309,False,Not significant
S00685,Fazaja-Sabo,Settlement,W008,LGA01,7.36539,10.858397,56.0,Umyosa,Idi-Oro,114.04431534933292,285.1107883733323,0,0,,,,False,False,Accessible,False,55,56.0,1.0,T08,True,5,True,False,Tally-only (no GPS confirmation),0.9821428571428571,0,0.7093283968014948,0.319,False,Not significant
S00045,Uzbena,Village,W001,LGA01,7.063746,11.08566,286.0,Ekngoyi,Idi-Oro,150.0,1512.859377708929,0,0,,,,False,False,Accessible,False,0,,,,False,5,True,False,Plausible miss,0.0,1,1.6708191412571471,0.318,False,Not significant
S02484,Bazako,Village,W040,LGA04,8.30983,11.189222,30.0,Gujiri,Ilela,150.0,935.7029870633498,0,0,,,,False,False,Accessible,False,29,30.0,1.0,T08,True,5,True,False,Tally-only (no GPS confirmation),0.9666666666666667,0,0.7093283968014948,0.319,False,Not significant
S00121,Irbafa,Settlement,W002,LGA01,7.134858,10.783787,61.0,Ekduru,Idi-Oro,150.0,922.4020424456004,0,0,,,,False,False,Accessible,False,56,61.0,1.0,T02,True,5,True,False,Tally-only (no GPS confirmation),0.9180327868852459,0,-0.2521623476541578,0.309,False,Not significant
S00182,Agbade,Hamlet,W002,LGA01,7.105535,10.758599,17.0,Ekduru,Idi-Oro,150.0,1630.5098481929722,22,1,T02,2026-03-10 07:11:00,2026-03-10 07:35:00,False,True,Accessible,False,12,17.0,1.0,T02,True,5,True,False,Visited (track-confirmed),0.7058823529411765,0,0.7093283968014948,0.319,False,Not significant
S01945,Haritu,Hamlet,W030,LGA04,7.913922,10.634572,20.0,Yeride,Ilela,150.0,400.12777465262116,31,1,T30,2026-03-10 16:36:00,2026-03-10 17:06:00,False,True,Accessible,False,14,20.0,1.0,T30,True,5,True,False,Visited (track-confirmed),0.7,0,-1.2136530921098103,0.001,True,Cold spot (well-covered cluster)
S00912,Endefa,Hamlet,W011,LGA02,7.608332,10.429624,10.0,Enyoko-Kofar,Gwarin,150.0,684.9557794084252,5,1,T11,2026-03-10 15:49:00,2026-03-10 15:53:00,False,True,Accessible,False,0,,,,False,5,True,False,Visited (track-confirmed),0.0,0,-1.2136530921098103,0.001,True,Cold spot (well-covered cluster)
S00343,Oklale,Village,W004,LGA02,7.183042,10.675162,47.0,Yesawo,Gwarin,150.0,884.0855650775302,0,0,,,,False,False,Accessible,False,41,47.0,1.0,T04,True,5,True,False,Tally-only (no GPS confirmation),0.8723404255319149,0,-1.2136530921098103,0.001,True,Cold spot (well-covered cluster)
S01224,Nurifa,Settlement,W015,LGA01,7.61692,11.349369,114.0,Baluru,Idi-Oro,150.0,4108.048604220741,0,0,,,,False,False,Accessible,False,82,114.0,1.0,T15,True,5,True,False,Tally-only (no GPS confirmation),0.7192982456140351,0,-0.2521623476541578,0.309,False,Not significant
S01877,Dajifa,Hamlet,W029,LGA04,7.95211,11.104826,10.0,Wangoni,Ilela,150.0,693.4638980283356,3,1,T02,2026-03-12 15:22:00,2026-03-12 15:24:00,False,True,Accessible,False,10,10.0,1.0,T29,True,5,True,False,Visited (track-confirmed),1.0,0,-1.2136530921098103,0.001,True,Cold spot (well-covered cluster)
S01811,Hamani,Village,W028,LGA04,7.990572,10.788017,95.0,Wangoja,Ilela,150.0,868.6088328670139,0,0,,,,False,False,Accessible,False,72,95.0,1.0,T28,True,5,True,False,Tally-only (no GPS confirmation),0.7578947368421053,0,-0.2521623476541578,0.309,False,Not significant
S00021,Okmata-Sabo,Village,W001,LGA01,7.117315,11.078677,246.0,Ekngoyi,Idi-Oro,150.0,2518.4928344791774,0,0,,,,False,False,Accessible,False,177,246.0,1.0,T01,True,5,True,False,Tally-only (no GPS confirmation),0.7195121951219512,0,-0.2521623476541578,0.309,False,Not significant
S02105,Ibbemi,Village,W033,LGA03,7.976231,11.169569,35.0,Tasayi,Katsuma,150.0,470.80608146735284,0,0,,,,False,False,Accessible,False,27,35.0,1.0,T01,True,5,True,False,Tally-only (no GPS confirmation),0.7714285714285715,0,1.6708191412571471,0.095,False,Not significant
D01332,Kubema,Settlement,W018,LGA02,7.617394,10.634346,18.0,Adwana,Gwarin,150.0,492.8915997613572,4,1,T18,2026-03-11 10:14:00,2026-03-11 10:17:00,False,True,Accessible,False,0,,,,False,5,True,False,Visited (track-confirmed),0.0,0,-1.2136530921098103,0.001,True,Cold spot (well-covered cluster)
S00297,Umnata,Hamlet,W003,LGA01,7.217397,10.972632,61.0,Satita,Idi-Oro,150.0,430.33693819571533,0,0,,,,False,False,Accessible,False,50,61.0,1.0,T03,True,5,True,False,Tally-only (no GPS confirmation),0.819672131147541,0,2.6323098857128,0.016,True,Hot spot (missed-settlement cluster)
S01682,Yedewo,Village,W025,LGA04,7.850356,11.026985,60.0,Okriba,Ilela,150.0,1654.9685224725717,23,1,T25,2026-03-09 10:31:00,2026-03-09 10:53:00,False,True,Accessible,False,0,,,,False,5,True,False,Visited (track-confirmed),0.0,0,1.6708191412571471,0.095,False,Not significant
S02460,Umnadu,Village,W039,LGA04,8.245873,10.840179,26.0,Nungoni-Arewa,Ilela,61.62000189144121,154.05000472860303,0,0,,,,False,False,Accessible,False,15,26.0,1.0,T07,True,5,True,True,Tally-only (no GPS confirmation),0.5769230769230769,0,-1.2136530921098103,0.001,True,Cold spot (well-covered cluster)
S00493,Fashana,Settlement,W006,LGA01,7.261109,11.279038,66.0,Okradu,Idi-Oro,150.0,687.7208226446144,0,0,,,,False,False,Accessible,False,68,66.0,1.0,T06,True,5,True,False,Tally-only (no GPS confirmation),1.0303030303030303,0,-0.2521623476541578,0.309,False,Not significant
S01400,Danayi,Hamlet,W019,LGA04,7.691555,10.851957,9.0,Umzaba-Kofar,Ilela,50.0,69.42601955845038,1,1,T19,2026-03-11 18:00:00,2026-03-11 18:00:00,True,True,Accessible,True,8,9.0,1.0,T19,True,5,True,False,Visited (track-confirmed),0.8888888888888888,0,-1.2136530921098103,0.001,True,Cold spot (well-covered cluster)
S01133,Bisaja,Urban block,W015,LGA01,7.683409,11.275546,275.0,Baluru,Idi-Oro,150.0,569.2197438027508,0,0,,,,False,False,Accessible,False,212,275.0,1.0,T15,True,5,True,False,Tally-only (no GPS confirmation),0.7709090909090909,0,0.7093283968014948,0.319,False,Not significant
S02069,Umlaja,Urban block,W032,LGA04,8.077728,10.86164,122.0,Bisani-Gabas,Ilela,150.0,528.6269584659898,25,1,T32,2026-03-09 14:47:00,2026-03-09 15:11:00,False,True,Accessible,False,96,122.0,1.0,T32,True,5,True,False,Visited (track-confirmed),0.7868852459016393,0,-0.2521623476541578,0.309,False,Not significant
S00220,Biluri,Village,W002,LGA01,7.104016,10.773261,86.0,Ekduru,Idi-Oro,150.0,555.3428519966418,0,0,,,,False,False,Accessible,False,0,,,,False,5,True,False,Plausible miss,0.0,1,0.7093283968014948,0.31,False,Not significant
S00150,Dakoba,Hamlet,W002,LGA01,7.0815,10.794996,37.0,Ekduru,Idi-Oro,150.0,815.0842735862097,0,0,,,,False,False,Accessible,False,34,37.0,1.0,T02,True,5,True,False,Tally-only (no GPS confirmation),0.918918918918919,0,0.7093283968014948,0.318,False,Not significant
S00012,Ekrari,Hamlet,W001,LGA01,7.038673,11.013737,60.0,Ekngoyi,Idi-Oro,150.0,466.82362289850806,0,0,,,,False,False,Accessible,False,40,60.0,1.0,T01,True,5,True,False,Tally-only (no GPS confirmation),0.6666666666666666,0,0.7093283968014948,0.318,False,Not significant
S00683,Agbadu,Urban block,W008,LGA01,7.329075,10.863018,130.0,Umyosa,Idi-Oro,150.0,495.440106816012,0,0,,,,False,False,Accessible,False,118,130.0,1.0,T08,True,5,True,False,Tally-only (no GPS confirmation),0.9076923076923077,0,-0.2521623476541578,0.31,False,Not significant
S00352,Falana,Village,W004,LGA02,7.201383,10.705544,23.0,Yesawo,Gwarin,50.0,118.67051616452068,0,0,,,,False,False,Accessible,False,19,23.0,1.0,T04,True,5,True,False,Tally-only (no GPS confirmation),0.8260869565217391,0,0.7093283968014948,0.318,False,Not significant
S01144,Ekjiyi-Arewa,Hamlet,W015,LGA01,7.509187,11.248234,43.0,Baluru,Idi-Oro,150.0,822.0899344037499,0,0,,,,False,False,Accessible,False,25,43.0,1.0,T15,True,5,True,False,Tally-only (no GPS confirmation),0.5813953488372093,0,-0.2521623476541578,0.31,False,Not significant
S02174,Guzana,Village,W034,LGA03,8.122707,11.220318,16.0,Dodeta,Katsuma,150.0,1509.8851991208996,0,0,,,,False,False,Accessible,False,9,16.0,1.0,T02,True,5,True,False,Tally-only (no GPS confirmation),0.5625,0,1.6708191412571471,0.094,False,Not significant
S01270,Lotsiko,Village,W016,LGA02,7.611802,10.483499,16.0,Uzritu,Gwarin,150.0,660.0925925624125,125,1,T16,2026-03-09 10:01:00,2026-03-13 14:39:00,False,True,Accessible,False,11,16.0,1.0,T16,True,5,True,False,Visited (track-confirmed),0.6875,0,-1.2136530921098103,0.001,True,Cold spot (well-covered cluster)
S00176,Agjiyi,Village,W002,LGA01,7.046831,10.932364,81.0,Ekduru,Idi-Oro,150.0,2118.006784773543,0,0,,,,False,False,Accessible,False,0,,,,False,5,True,False,Plausible miss,0.0,1,-0.2521623476541578,0.001,True,Cold spot (well-covered cluster)
S01181,Uzjita-Kudu,Hamlet,W015,LGA01,7.660445,11.279414,47.0,Baluru,Idi-Oro,150.0,571.0049052040331,29,1,T15,2026-03-12 14:15:00,2026-03-12 14:43:00,False,True,Accessible,False,45,47.0,1.0,T15,True,5,True,False,Visited (track-confirmed),0.9574468085106383,0,0.7093283968014948,0.316,False,Not significant
S02468,Umbetu-Sabo,Hamlet,W039,LGA04,8.266831,10.852341,19.0,Nungoni-Arewa,Ilela,150.0,846.7294133872423,0,0,,,,False,False,Accessible,False,19,19.0,1.0,T07,True,5,True,True,Tally-only (no GPS confirmation),1.0,0,-1.2136530921098103,0.001,True,Cold spot (well-covered cluster)
S00974,Dazashi,Hamlet,W013,LGA02,7.46127,10.507365,25.0,Sashako,Gwarin,150.0,3924.062590615259,102,1,T13,2026-03-12 13:19:00,2026-03-12 15:00:00,False,True,Accessible,False,18,25.0,1.0,T13,True,5,True,False,Visited (track-confirmed),0.72,0,-1.2136530921098103,0.001,True,Cold spot (well-covered cluster)
S02137,Ekluma,Village,W033,LGA03,7.974611,11.158602,37.0,Tasayi,Katsuma,150.0,859.3167502696679,0,0,,,,False,False,Accessible,False,25,37.0,1.0,T01,True,5,True,False,Tally-only (no GPS confirmation),0.6756756756756757,0,0.7093283968014948,0.316,False,Not significant
S00958,Fatima-Kudu,Hamlet,W013,LGA02,7.483686,10.559731,17.0,Sashako,Gwarin,150.0,518.8190140592965,68,1,T13,2026-03-12 17:23:00,2026-03-12 18:30:00,False,True,Accessible,False,10,17.0,1.0,T13,True,5,True,False,Visited (track-confirmed),0.5882352941176471,0,-1.2136530921098103,0.001,True,Cold spot (well-covered cluster)
S01218,Wasako,Urban block,W015,LGA01,7.52154,11.245191,440.0,Baluru,Idi-Oro,149.6482728096866,374.1206820242165,0,0,,,,False,False,Accessible,False,294,440.0,1.0,T15,True,5,True,False,Tally-only (no GPS confirmation),0.6681818181818182,0,-1.2136530921098103,0.001,True,Cold spot (well-covered cluster)
S00819,Tatishi-Arewa,Settlement,W009,LGA02,7.560685,10.961093,37.0,Washatu,Gwarin,150.0,451.452875176661,33,1,T09,2026-03-12 16:32:00,2026-03-12 17:04:00,False,True,Accessible,False,26,37.0,1.0,T09,True,5,True,False,Visited (track-confirmed),0.7027027027027027,0,1.6708191412571471,0.094,False,Not significant
S01474,Nusale,Hamlet,W020,LGA01,7.686951,11.179084,50.0,Famade,Idi-Oro,150.0,779.3944384466132,0,0,,,,False,False,Accessible,False,0,,,,False,5,True,False,Plausible miss,0.0,1,0.7093283968014948,0.313,False,Not significant
S01413,Agyona,Hamlet,W019,LGA04,7.605308,10.993907,16.0,Umzaba-Kofar,Ilela,131.91484411308775,329.78711028271937,20,2,"T08,T19",2026-03-09 11:59:00,2026-03-13 10:40:00,False,True,Accessible,False,11,16.0,1.0,T19,True,5,True,False,Visited (track-confirmed),0.6875,0,-1.2136530921098103,0.001,True,Cold spot (well-covered cluster)
S01809,Enradu,Hamlet,W028,LGA04,7.980496,10.80147,37.0,Wangoja,Ilela,150.0,1251.9317270073902,4,1,T28,2026-03-10 18:05:00,2026-03-10 18:08:00,False,True,Accessible,False,38,37.0,1.0,T28,True,5,True,False,Visited (track-confirmed),1.027027027027027,0,-0.2521623476541578,0.313,False,Not significant
S01639,Irtiwo,Village,W024,LGA04,7.812062,10.734099,120.0,Kuraba-Kofar,Ilela,150.0,431.2523647356833,111,1,T24,2026-03-10 17:03:00,2026-03-12 14:13:00,False,True,Accessible,False,74,120.0,1.0,T24,True,5,True,False,Visited (track-confirmed),0.6166666666666667,0,-1.2136530921098103,0.001,True,Cold spot (well-covered cluster)
S01787,Ekkota-Sabo,Hamlet,W027,LGA03,7.931629,11.453684,9.0,Daberi,Katsuma,150.0,475.639285720253,0,0,,,,False,False,Accessible,False,5,9.0,1.0,T27,True,5,True,False,Tally-only (no GPS confirmation),0.5555555555555556,0,1.6708191412571471,0.094,False,Not significant
D00378,Agzadu,Village,W005,LGA02,7.396042,10.71202,83.0,Jijile,Gwarin,150.0,389.13760112000256,0,0,,,,False,False,Accessible,False,0,,,,False,5,True,False,Plausible miss,0.0,1,-0.2521623476541578,0.001,True,Cold spot (well-covered cluster)
S00636,Ibwasa,Urban block,W007,LGA01,7.419899,11.302984,885.0,Bayoyi,Idi-Oro,150.0,657.8039890845251,0,0,,,,False,False,Accessible,False,0,,,,False,5,True,False,Plausible miss,0.0,1,1.6708191412571471,0.31,False,Not significant
S02464,Dosharu-Kofar,Village,W039,LGA04,8.255754,10.847437,47.0,Nungoni-Arewa,Ilela,150.0,384.9010634656293,0,0,,,,False,False,Accessible,False,47,47.0,1.0,T07,True,5,True,True,Tally-only (no GPS confirmation),1.0,0,-1.2136530921098103,0.001,True,Cold spot (well-covered cluster)
S02021,Dongodu,Settlement,W031,LGA03,7.941098,11.371711,97.0,Satide,Katsuma,150.0,641.4147860677251,138,1,T31,2026-03-13 09:33:00,2026-03-13 11:50:00,False,True,Accessible,False,92,97.0,1.0,T31,True,5,True,False,Visited (track-confirmed),0.9484536082474226,0,-0.2521623476541578,0.312,False,Not significant
S01395,Tangodu-Gabas,Hamlet,W019,LGA04,7.770767,10.960857,4.0,Umzaba-Kofar,Ilela,150.0,2677.3834370028767,0,0,,,,False,False,Accessible,False,4,4.0,1.0,T19,True,5,True,False,Tally-only (no GPS confirmation),1.0,0,1.6708191412571471,0.092,False,Not significant
S02471,Enyole,Hamlet,W039,LGA04,8.275662,10.857469,43.0,Nungoni-Arewa,Ilela,57.89891146784505,144.74727866961263,0,0,,,,False,False,Accessible,False,25,43.0,1.0,T07,True,5,True,True,Tally-only (no GPS confirmation),0.5813953488372093,0,-1.2136530921098103,0.001,True,Cold spot (well-covered cluster)
S02482,Zashata,Village,W040,LGA04,8.390614,11.216713,72.0,Gujiri,Ilela,120.84546472323194,302.1136618080798,0,0,,,,False,False,Accessible,False,41,72.0,1.0,T08,True,5,True,False,Tally-only (no GPS confirmation),0.5694444444444444,0,1.6708191412571471,0.092,False,Not significant
S02106,Dabewa-Yamma,Village,W033,LGA03,7.981532,11.181404,85.0,Tasayi,Katsuma,150.0,610.7026517895531,0,0,,,,False,False,Accessible,False,63,85.0,1.0,T01,True,5,True,False,Tally-only (no GPS confirmation),0.7411764705882353,0,0.7093283968014948,0.312,False,Not significant
S02504,Dolade-Tudun,Hamlet,W040,LGA04,8.317204,11.156682,10.0,Gujiri,Ilela,150.0,574.9945502143803,38,1,T08,2026-03-11 10:17:00,2026-03-11 10:54:00,False,True,Accessible,False,9,10.0,1.0,T08,True,5,True,False,Visited (track-confirmed),0.9,0,-0.2521623476541578,0.312,False,Not significant
S00723,Irtsiru,Settlement,W008,LGA01,7.43685,10.964865,106.0,Umyosa,Idi-Oro,150.0,484.2088665379848,0,0,,,,False,False,Accessible,False,94,106.0,1.0,T08,True,5,True,False,Tally-only (no GPS confirmation),0.8867924528301887,0,-1.2136530921098103,0.001,True,Cold spot (well-covered cluster)
S01372,Haduta,Hamlet,W019,LGA04,7.683636,10.864323,6.0,Umzaba-Kofar,Ilela,150.0,748.6133035462316,26,1,T19,2026-03-09 07:27:00,2026-03-11 17:37:00,False,True,Accessible,False,5,6.0,1.0,T19,True,5,True,False,Visited (track-confirmed),0.8333333333333334,0,-1.2136530921098103,0.001,True,Cold spot (well-covered cluster)
S00324,Ensayi,Village,W003,LGA01,7.468999,11.066591,183.0,Satita,Idi-Oro,150.0,1391.8148224626673,5,1,T03,2026-03-10 10:15:00,2026-03-10 10:19:00,False,True,Accessible,False,116,183.0,1.0,T03,True,5,True,False,Visited (track-confirmed),0.6338797814207651,0,-0.2521623476541578,0.312,False,Not significant
S00771,Rideru,Village,W008,LGA01,7.444273,10.968617,128.0,Umyosa,Idi-Oro,150.0,633.67142075088,0,0,,,,False,False,Accessible,False,73,128.0,1.0,T08,True,5,True,False,Tally-only (no GPS confirmation),0.5703125,0,-0.2521623476541578,0.312,False,Not significant
S01103,Olnafa,Urban block,W015,LGA01,7.496918,11.192114,428.0,Baluru,Idi-Oro,150.0,1328.0885412025978,4,1,T07,2026-03-09 17:05:00,2026-03-09 17:08:00,False,True,Accessible,False,374,428.0,1.0,T15,True,5,True,False,Visited (track-confirmed),0.8738317757009346,0,0.7093283968014948,0.312,False,Not significant
S01489,Kaludu-Sabo,Village,W020,LGA01,7.696743,11.137312,95.0,Famade,Idi-Oro,150.0,776.4727799266509,5,1,T20,2026-03-13 16:29:00,2026-03-13 16:33:00,False,True,Accessible,False,86,95.0,1.0,T20,True,5,True,False,Visited (track-confirmed),0.9052631578947369,0,-1.2136530921098103,0.001,True,Cold spot (well-covered cluster)
S01806,Okmana,Hamlet,W028,LGA04,7.958151,10.757071,12.0,Wangoja,Ilela,150.0,1864.0140424782012,0,0,,,,False,False,Accessible,False,10,12.0,1.0,T28,True,5,True,False,Tally-only (no GPS confirmation),0.8333333333333334,0,-0.2521623476541578,0.312,False,Not significant
S00904,Sadedu,Hamlet,W011,LGA02,7.754875,10.423017,4.0,Enyoko-Kofar,Gwarin,150.0,1202.1983409030197,0,0,,,,False,False,Accessible,False,4,4.0,1.0,T11,True,5,True,False,Tally-only (no GPS confirmation),1.0,0,-1.2136530921098103,0.001,True,Cold spot (well-covered cluster)
S00782,Ringoshi-Arewa,Village,W008,LGA01,7.412075,10.957875,92.0,Umyosa,Idi-Oro,150.0,482.62933281677863,0,0,,,,False,False,Accessible,False,81,92.0,1.0,T08,True,5,True,False,Tally-only (no GPS confirmation),0.8804347826086957,0,2.6323098857128,0.017,True,Hot spot (missed-settlement cluster)
S00551,Wabele,Urban block,W007,LGA01,7.342002,11.380154,355.0,Bayoyi,Idi-Oro,150.0,3324.1172168049566,0,0,,,,False,False,Accessible,False,298,355.0,1.0,T07,True,5,True,False,Tally-only (no GPS confirmation),0.8394366197183099,0,-0.2521623476541578,0.312,False,Not significant
S01416,Ibtifa-Sabo,Hamlet,W019,LGA04,7.604199,10.997142,9.0,Umzaba-Kofar,Ilela,120.75653444329437,301.8913361082359,7,2,"T08,T19",2026-03-10 08:23:00,2026-03-13 12:40:00,False,True,Accessible,False,8,9.0,1.0,T19,True,5,True,False,Visited (track-confirmed),0.8888888888888888,0,-1.2136530921098103,0.001,True,Cold spot (well-covered cluster)
S00619,Doriru,Hamlet,W007,LGA01,7.414628,11.253281,47.0,Bayoyi,Idi-Oro,150.0,1208.8340837495948,1,1,T07,2026-03-13 09:45:00,2026-03-13 09:45:00,False,True,Accessible,False,35,47.0,1.0,T07,True,5,True,False,Visited (track-confirmed),0.7446808510638298,0,0.7093283968014948,0.312,False,Not significant
S02426,Kasayi,Village,W039,LGA04,8.213918,10.798482,16.0,Nungoni-Arewa,Ilela,150.0,2489.324358591308,0,0,,,,False,False,Accessible,False,10,16.0,1.0,T07,True,5,True,True,Tally-only (no GPS confirmation),0.625,0,-1.2136530921098103,0.001,True,Cold spot (well-covered cluster)
S01185,Marana,Hamlet,W015,LGA01,7.710523,11.266117,64.0,Baluru,Idi-Oro,150.0,687.3778303118264,29,1,T15,2026-03-09 14:17:00,2026-03-09 14:46:00,False,True,Accessible,False,36,64.0,1.0,T15,True,5,True,False,Visited (track-confirmed),0.5625,0,-1.2136530921098103,0.001,True,Cold spot (well-covered cluster)
S01058,Salatu,Hamlet,W014,LGA01,7.509784,11.49321,43.0,Bishama,Idi-Oro,150.0,749.7382674631755,0,0,,,,False,False,Accessible,False,45,43.0,1.0,T14,True,5,True,False,Tally-only (no GPS confirmation),1.0465116279069768,0,0.7093283968014948,0.312,False,Not significant
S01493,Kukoru,Urban block,W020,LGA01,7.700037,11.157931,147.0,Famade,Idi-Oro,150.0,655.3784826584879,1,1,T20,2026-03-11 10:29:00,2026-03-11 10:29:00,False,True,Accessible,False,134,147.0,1.0,T20,True,5,True,False,Visited (track-confirmed),0.9115646258503401,0,-1.2136530921098103,0.001,True,Cold spot (well-covered cluster)
S00368,Yedena,Village,W004,LGA02,7.216807,10.682468,25.0,Yesawo,Gwarin,150.0,991.5185389186894,0,0,,,,False,False,Accessible,False,15,25.0,1.0,T04,True,5,True,False,Tally-only (no GPS confirmation),0.6,0,0.7093283968014948,0.312,False,Not significant
S00111,Biduja-Sabo,Hamlet,W001,LGA01,7.155659,11.166784,28.0,Ekngoyi,Idi-Oro,150.0,964.6559402177119,0,0,,,,False,False,Accessible,False,0,,,,False,5,True,False,Plausible miss,0.0,1,0.7093283968014948,0.312,False,Not significant
S01829,Olsharu,Village,W028,LGA04,8.004946,10.775678,103.0,Wangoja,Ilela,150.0,1064.1114014573038,1,1,T28,2026-03-11 11:38:00,2026-03-11 11:38:00,False,True,Accessible,False,89,103.0,1.0,T28,True,5,True,False,Visited (track-confirmed),0.8640776699029126,0,0.7093283968014948,0.313,False,Not significant
S00241,Umnawo,Hamlet,W003,LGA01,7.241088,11.010484,36.0,Satita,Idi-Oro,150.0,1173.277937169246,0,0,,,,False,False,Accessible,False,20,36.0,1.0,T03,True,5,True,False,Tally-only (no GPS confirmation),0.5555555555555556,0,-1.2136530921098103,0.001,True,Cold spot (well-covered cluster)
S01546,Okshatu,Village,W021,LGA02,7.888667,10.47087,39.0,Yezata,Gwarin,150.0,1036.0423780881106,0,0,,,,False,False,Accessible,False,35,39.0,1.0,T21,True,5,True,False,Tally-only (no GPS confirmation),0.8974358974358975,0,-0.2521623476541578,0.312,False,Not significant
S00326,Agmashi,Hamlet,W003,LGA01,7.461655,10.997521,28.0,Satita,Idi-Oro,150.0,981.030812978012,0,0,,,,False,False,Accessible,False,17,28.0,1.0,T03,True,5,True,False,Tally-only (no GPS confirmation),0.6071428571428571,0,0.7093283968014948,0.313,False,Not significant
S00845,Tawawo,Hamlet,W010,LGA02,7.427355,10.811604,3.0,Fazafa,Gwarin,150.0,775.9799984499542,30,1,T10,2026-03-11 17:34:00,2026-03-13 09:38:00,False,True,Accessible,False,3,3.0,1.0,T10,True,5,True,False,Visited (track-confirmed),1.0,0,-1.2136530921098103,0.001,True,Cold spot (well-covered cluster)
S00472,Harasa,Hamlet,W006,LGA01,7.258097,11.286441,23.0,Okradu,Idi-Oro,150.0,882.5020567748695,0,0,,,,False,False,Accessible,False,15,23.0,1.0,T06,True,5,True,False,Tally-only (no GPS confirmation),0.6521739130434783,0,-0.2521623476541578,0.312,False,Not significant
S02487,Okkoba,Village,W040,LGA04,8.393554,11.038528,59.0,Gujiri,Ilela,150.0,900.4056160551188,0,0,,,,False,False,Accessible,False,34,59.0,1.0,T08,True,5,True,False,Tally-only (no GPS confirmation),0.576271186440678,0,-1.2136530921098103,0.001,True,Cold spot (well-covered cluster)
S00194,Enmari,Village,W002,LGA01,7.110602,10.718336,187.0,Ekduru,Idi-Oro,150.0,605.9747283127886,0,0,,,,False,False,Accessible,False,0,,,,False,5,True,False,Plausible miss,0.0,1,0.7093283968014948,0.312,False,Not significant
S01256,Ibngoni,Village,W016,LGA02,7.603882,10.468383,132.0,Uzritu,Gwarin,150.0,1883.2276332602814,29,1,T16,2026-03-11 17:45:00,2026-03-11 18:13:00,False,True,Accessible,False,103,132.0,1.0,T16,True,5,True,False,Visited (track-confirmed),0.7803030303030303,0,-1.2136530921098103,0.001,True,Cold spot (well-covered cluster)
S00044,Ensama,Hamlet,W001,LGA01,7.226328,11.135569,60.0,Ekngoyi,Idi-Oro,150.0,868.721380533501,0,0,,,,False,False,Accessible,False,49,60.0,1.0,T01,True,5,True,False,Tally-only (no GPS confirmation),0.8166666666666667,0,-1.2136530921098103,0.001,True,Cold spot (well-covered cluster)
S00283,Olnata,Hamlet,W003,LGA01,7.247416,10.97444,24.0,Satita,Idi-Oro,150.0,779.1395112852049,0,0,,,,False,False,Accessible,False,17,24.0,1.0,T03,True,5,True,False,Tally-only (no GPS confirmation),0.7083333333333334,0,0.7093283968014948,0.315,False,Not significant
S01475,Ibwaja,Village,W020,LGA01,7.5975,11.053939,72.0,Famade,Idi-Oro,150.0,1047.9622676592098,5,2,"T03,T05",2026-03-09 18:00:00,2026-03-10 14:21:00,False,True,Accessible,False,60,72.0,1.0,T20,True,5,True,False,Visited (track-confirmed),0.8333333333333334,0,-1.2136530921098103,0.001,True,Cold spot (well-covered cluster)
S01003,Lokoba-Tudun,Village,W014,LGA01,7.423755,11.51362,226.0,Bishama,Idi-Oro,150.0,1861.5491874077536,31,1,T14,2026-03-09 07:28:00,2026-03-09 07:58:00,False,True,Accessible,False,126,226.0,1.0,T14,True,5,True,False,Visited (track-confirmed),0.5575221238938053,0,-0.2521623476541578,0.312,False,Not significant
S00682,Irzari,Village,W008,LGA01,7.300808,10.946128,113.0,Umyosa,Idi-Oro,150.0,894.6910342811509,0,0,,,,False,False,Accessible,False,87,113.0,1.0,T08,True,5,True,False,Tally-only (no GPS confirmation),0.7699115044247787,0,-1.2136530921098103,0.001,True,Cold spot (well-covered cluster)
S00508,Sukona,Village,W006,LGA01,7.243064,11.325488,185.0,Okradu,Idi-Oro,150.0,3132.921480179467,0,0,,,,False,False,Accessible,False,103,185.0,1.0,T06,True,5,True,False,Tally-only (no GPS confirmation),0.5567567567567567,0,-1.2136530921098103,0.001,True,Cold spot (well-covered cluster)
S01858,Umrima-Tsakiya,Hamlet,W029,LGA04,7.980798,10.978002,30.0,Wangoni,Ilela,150.0,965.241272537194,37,1,T29,2026-03-11 15:24:00,2026-03-13 14:41:00,False,True,Accessible,False,17,30.0,1.0,T29,True,5,True,False,Visited (track-confirmed),0.5666666666666667,0,-0.2521623476541578,0.312,False,Not significant
S00765,Lomashi,Hamlet,W008,LGA01,7.209285,10.905162,38.0,Umyosa,Idi-Oro,150.0,442.5727044832208,0,0,,,,False,False,Accessible,False,30,38.0,1.0,T08,True,5,True,False,Tally-only (no GPS confirmation),0.7894736842105263,0,0.7093283968014948,0.315,False,Not significant
S01764,Irdushi-Kudu,Village,W027,LGA03,7.900672,11.497259,176.0,Daberi,Katsuma,150.0,845.2497416469301,34,1,T27,2026-03-13 08:53:00,2026-03-13 09:26:00,False,True,Accessible,False,101,176.0,1.0,T27,True,5,True,False,Visited (track-confirmed),0.5738636363636364,0,-1.2136530921098103,0.001,True,Cold spot (well-covered cluster)
S00706,Faduwa,Urban block,W008,LGA01,7.260547,10.940304,643.0,Umyosa,Idi-Oro,80.93061834116908,202.3265458529227,0,0,,,,False,False,Accessible,False,561,643.0,1.0,T08,True,5,True,False,Tally-only (no GPS confirmation),0.8724727838258165,0,0.7093283968014948,0.315,False,Not significant
S02054,Biwasa,Village,W032,LGA04,8.073073,10.862936,73.0,Bisani-Gabas,Ilela,150.0,528.6269584659898,28,1,T32,2026-03-09 11:15:00,2026-03-11 10:18:00,False,True,Accessible,False,49,73.0,1.0,T32,True,5,True,False,Visited (track-confirmed),0.6712328767123288,0,-0.2521623476541578,0.312,False,Not significant
S00876,Guzafa,Hamlet,W011,LGA02,7.590057,10.427558,6.0,Enyoko-Kofar,Gwarin,150.0,540.149353058656,21,1,T11,2026-03-09 17:24:00,2026-03-09 17:44:00,False,True,Accessible,False,5,6.0,1.0,T11,True,5,True,False,Visited (track-confirmed),0.8333333333333334,0,-1.2136530921098103,0.001,True,Cold spot (well-covered cluster)
S02377,Bisawa,Village,W038,LGA03,8.337673,11.437859,84.0,Sashasa,Katsuma,150.0,1145.257373616343,0,0,,,,False,False,Accessible,False,59,84.0,1.0,T06,True,5,True,False,Tally-only (no GPS confirmation),0.7023809523809523,0,-1.2136530921098103,0.001,True,Cold spot (well-covered cluster)
S01849,Ritide,Hamlet,W029,LGA04,7.964321,11.062627,23.0,Wangoni,Ilela,150.0,724.4674384556918,0,0,,,,False,False,Accessible,False,0,,,,False,5,True,False,Plausible miss,0.0,1,-0.2521623476541578,0.001,True,Cold spot (well-covered cluster)
S01056,Ummafa,Settlement,W014,LGA01,7.372297,11.462586,42.0,Bishama,Idi-Oro,150.0,565.6798741185227,7,1,T14,2026-03-11 07:38:00,2026-03-11 07:44:00,False,True,Accessible,False,30,42.0,1.0,T14,True,5,True,False,Visited (track-confirmed),0.7142857142857143,0,-1.2136530921098103,0.001,True,Cold spot (well-covered cluster)
S01491,Uzngoni-Kofar,Village,W020,LGA01,7.755756,11.132024,180.0,Famade,Idi-Oro,150.0,680.2228855345185,20,1,T20,2026-03-11 17:29:00,2026-03-11 17:48:00,False,True,Accessible,False,103,180.0,1.0,T20,True,5,True,False,Visited (track-confirmed),0.5722222222222222,0,1.6708191412571471,0.092,False,Not significant
S01336,Jikotu-Kudu,Hamlet,W018,LGA02,7.576189,10.639359,17.0,Adwana,Gwarin,138.3722028844446,345.9305072111115,10,1,T18,2026-03-10 08:15:00,2026-03-11 18:19:00,False,True,Accessible,False,16,17.0,1.0,T18,True,5,True,False,Visited (track-confirmed),0.9411764705882353,0,-1.2136530921098103,0.001,True,Cold spot (well-covered cluster)
S00013,Rizadu,Village,W001,LGA01,7.039114,11.017934,150.0,Ekngoyi,Idi-Oro,150.0,466.82362289850806,0,0,,,,False,False,Accessible,False,157,150.0,1.0,T01,True,5,True,False,Tally-only (no GPS confirmation),1.0466666666666666,0,-0.2521623476541578,0.312,False,Not significant
S01725,Risale,Hamlet,W026,LGA03,7.732746,11.398115,27.0,Kungomi,Katsuma,150.0,1269.145858430347,3,1,T26,2026-03-12 10:50:00,2026-03-12 10:52:00,False,True,Accessible,False,18,27.0,1.0,T26,True,5,True,False,Visited (track-confirmed),0.6666666666666666,0,-0.2521623476541578,0.312,False,Not significant
S00610,Oktiwo,Village,W007,LGA01,7.347249,11.417682,81.0,Bayoyi,Idi-Oro,150.0,1534.3624747570775,0,0,,,,False,False,Accessible,False,70,81.0,1.0,T07,True,5,True,False,Tally-only (no GPS confirmation),0.8641975308641975,0,-1.2136530921098103,0.001,True,Cold spot (well-covered cluster)
S00820,Ibzade-Arewa,Village,W009,LGA02,7.565557,10.86257,83.0,Washatu,Gwarin,150.0,4009.275134611146,29,1,T09,2026-03-10 07:28:00,2026-03-10 07:56:00,False,True,Accessible,False,87,83.0,1.0,T09,True,5,True,False,Visited (track-confirmed),1.0481927710843373,0,0.7093283968014948,0.314,False,Not significant
S00796,Agmade,Settlement,W009,LGA02,7.491365,11.029286,3.0,Washatu,Gwarin,150.0,414.26348734236404,25,1,T09,2026-03-11 13:04:00,2026-03-11 13:28:00,False,True,Accessible,False,3,3.0,1.0,T09,True,5,True,False,Visited (track-confirmed),1.0,0,-1.2136530921098103,0.001,True,Cold spot (well-covered cluster)
S00417,Sutsiwa,Hamlet,W006,LGA01,7.264103,11.224658,27.0,Okradu,Idi-Oro,55.84788179962985,139.61970449907463,0,0,,,,False,False,Accessible,False,19,27.0,1.0,T06,True,5,True,False,Tally-only (no GPS confirmation),0.7037037037037037,0,-0.2521623476541578,0.312,False,Not significant
S01053,Ennata,Village,W014,LGA01,7.387792,11.465289,145.0,Bishama,Idi-Oro,150.0,562.780743941526,0,0,,,,False,False,Accessible,False,140,145.0,1.0,T14,True,5,True,False,Tally-only (no GPS confirmation),0.9655172413793104,0,-0.2521623476541578,0.312,False,Not significant
S01850,Kazari,Village,W029,LGA04,7.957189,11.097659,43.0,Wangoni,Ilela,150.0,453.3686516157792,0,0,,,,False,False,Accessible,False,37,43.0,1.0,T29,True,5,True,False,Tally-only (no GPS confirmation),0.8604651162790697,0,-1.2136530921098103,0.001,True,Cold spot (well-covered cluster)
S00800,Uzdemi,Village,W009,LGA02,7.532793,10.846289,60.0,Washatu,Gwarin,150.0,4009.275134611146,0,0,,,,False,False,Accessible,False,0,,,,False,5,True,False,Plausible miss,0.0,1,1.6708191412571471,0.313,False,Not significant
S02092,Matsitu,Hamlet,W032,LGA04,8.108255,10.92126,9.0,Bisani-Gabas,Ilela,150.0,734.5111538621995,37,1,T32,2026-03-11 07:26:00,2026-03-11 08:02:00,False,True,Accessible,False,9,9.0,1.0,T32,True,5,True,False,Visited (track-confirmed),1.0,0,-1.2136530921098103,0.001,True,Cold spot (well-covered cluster)
S00608,Kuyoba,Hamlet,W007,LGA01,7.422964,11.297864,33.0,Bayoyi,Idi-Oro,150.0,657.8039890845251,0,0,,,,False,False,Accessible,False,18,33.0,1.0,T07,True,5,True,False,Tally-only (no GPS confirmation),0.5454545454545454,0,1.6708191412571471,0.092,False,Not significant
S00620,Nunaja,Village,W007,LGA01,7.447885,11.349649,165.0,Bayoyi,Idi-Oro,150.0,3776.554825023071,0,0,,,,False,False,Accessible,False,128,165.0,1.0,T07,True,5,True,False,Tally-only (no GPS confirmation),0.7757575757575758,0,0.7093283968014948,0.314,False,Not significant
S01060,Okdedu,Settlement,W014,LGA01,7.427852,11.48828,32.0,Bishama,Idi-Oro,150.0,1624.5230534339048,0,0,,,,False,False,Accessible,False,25,32.0,1.0,T14,True,5,True,False,Tally-only (no GPS confirmation),0.78125,0,-0.2521623476541578,0.312,False,Not significant
S02226,Gurawo-Kofar,Hamlet,W035,LGA04,8.236012,11.013082,18.0,Dazata,Ilela,124.15425256718783,310.38563141796953,0,0,,,,False,False,Accessible,False,15,18.0,1.0,T03,True,5,True,True,Tally-only (no GPS confirmation),0.8333333333333334,0,-1.2136530921098103,0.001,True,Cold spot (well-covered cluster)
S01745,Donama,Hamlet,W026,LGA03,7.759091,11.414734,21.0,Kungomi,Katsuma,150.0,587.4377350051294,24,1,T26,2026-03-13 07:41:00,2026-03-13 08:04:00,False,True,Accessible,False,14,21.0,1.0,T26,True,5,True,False,Visited (track-confirmed),0.6666666666666666,0,0.7093283968014948,0.314,False,Not significant
S02458,Nuzayi,Village,W039,LGA04,8.337334,10.917993,48.0,Nungoni-Arewa,Ilela,150.0,552.6802767197418,0,0,,,,False,False,Accessible,False,37,48.0,1.0,T07,True,5,True,True,Tally-only (no GPS confirmation),0.7708333333333334,0,-1.2136530921098103,0.001,True,Cold spot (well-covered cluster)
S02057,Kushafa,Village,W032,LGA04,8.068989,10.833535,57.0,Bisani-Gabas,Ilela,50.0,107.32906460978661,27,1,T32,2026-03-12 14:26:00,2026-03-12 14:52:00,False,True,Accessible,False,44,57.0,1.0,T32,True,5,True,False,Visited (track-confirmed),0.7719298245614035,0,-1.2136530921098103,0.001,True,Cold spot (well-covered cluster)
S00174,Irbema,Hamlet,W002,LGA01,7.148042,10.756493,32.0,Ekduru,Idi-Oro,150.0,1286.2183196323397,0,0,,,,False,False,Accessible,False,19,32.0,1.0,T02,True,5,True,False,Tally-only (no GPS confirmation),0.59375,0,-1.2136530921098103,0.001,True,Cold spot (well-covered cluster)
S01701,Dowami,Village,W025,LGA04,7.796873,11.122636,26.0,Okriba,Ilela,150.0,883.1891177117127,128,2,"T01,T25",2026-03-09 13:45:00,2026-03-12 13:24:00,False,True,Accessible,False,0,,,,False,5,True,False,Visited (track-confirmed),0.0,0,-0.2521623476541578,0.312,False,Not significant
S02502,Sasami,Village,W040,LGA04,8.392125,11.188989,40.0,Gujiri,Ilela,109.00616423491434,272.5154105872858,0,0,,,,False,False,Accessible,False,26,40.0,1.0,T08,True,5,True,False,Tally-only (no GPS confirmation),0.65,0,0.7093283968014948,0.314,False,Not significant
S00592,Sariwa-Gabas,Village,W007,LGA01,7.36356,11.164167,223.0,Bayoyi,Idi-Oro,150.0,1379.7921249629012,0,0,,,,False,False,Accessible,False,0,,,,False,5,True,False,Plausible miss,0.0,1,0.7093283968014948,0.313,False,Not significant
S01425,Ensaba,Village,W020,LGA01,7.583888,11.084425,176.0,Famade,Idi-Oro,150.0,1188.1178604132526,32,2,"T03,T20",2026-03-13 12:30:00,2026-03-13 16:03:00,False,True,Accessible,False,115,176.0,1.0,T20,True,5,True,False,Visited (track-confirmed),0.6534090909090909,0,-1.2136530921098103,0.001,True,Cold spot (well-covered cluster)
S00617,Basaru,Hamlet,W007,LGA01,7.288679,11.365766,34.0,Bayoyi,Idi-Oro,150.0,1906.948797862798,0,0,,,,False,False,Accessible,False,36,34.0,1.0,T07,True,5,True,False,Tally-only (no GPS confirmation),1.0588235294117647,0,-0.2521623476541578,0.312,False,Not significant
S00011,Kushatu,Hamlet,W001,LGA01,7.053988,10.95665,30.0,Ekngoyi,Idi-Oro,150.0,577.6226576322895,0,0,,,,False,False,Accessible,False,26,30.0,1.0,T01,True,5,True,False,Tally-only (no GPS confirmation),0.8666666666666667,0,0.7093283968014948,0.314,False,Not significant
S01612,Nungoma,Village,W023,LGA03,7.827588,11.135263,78.0,Suwade,Katsuma,150.0,1226.652115458107,35,1,T23,2026-03-09 14:04:00,2026-03-09 14:38:00,False,True,Accessible,False,55,78.0,1.0,T23,True,5,True,False,Visited (track-confirmed),0.7051282051282052,0,0.7093283968014948,0.314,False,Not significant
S02296,Tamadu,Settlement,W036,LGA04,8.188898,10.751581,41.0,Mawako,Ilela,150.0,1977.1731364359023,0,0,,,,False,False,Accessible,False,38,41.0,1.0,T04,True,5,True,False,Tally-only (no GPS confirmation),0.926829268292683,0,-1.2136530921098103,0.001,True,Cold spot (well-covered cluster)
S01711,Bibewa,Settlement,W026,LGA03,7.764196,11.416421,65.0,Kungomi,Katsuma,150.0,587.4377350051294,0,0,,,,False,False,Accessible,False,0,,,,False,5,True,False,Plausible miss,0.0,1,0.7093283968014948,0.313,False,Not significant
S01749,Sajiri,Hamlet,W026,LGA03,7.773115,11.40963,47.0,Kungomi,Katsuma,150.0,482.07945960859007,31,1,T26,2026-03-13 09:12:00,2026-03-13 09:42:00,False,True,Accessible,False,27,47.0,1.0,T26,True,5,True,False,Visited (track-confirmed),0.574468085106383,0,0.7093283968014948,0.318,False,Not significant
S01102,Wasaja,Urban block,W015,LGA01,7.682074,11.301343,340.0,Baluru,Idi-Oro,150.0,1111.5907924792152,0,0,,,,False,False,Accessible,False,246,340.0,1.0,T15,True,5,True,False,Tally-only (no GPS confirmation),0.7235294117647059,0,1.6708191412571471,0.089,False,Not significant
S00543,Agjiko,Village,W007,LGA01,7.352474,11.241536,108.0,Bayoyi,Idi-Oro,150.0,439.80850609547684,0,0,,,,False,False,Accessible,False,92,108.0,1.0,T07,True,5,True,False,Tally-only (no GPS confirmation),0.8518518518518519,0,-0.2521623476541578,0.311,False,Not significant
S00571,Uzyole,Hamlet,W007,LGA01,7.347941,11.431536,49.0,Bayoyi,Idi-Oro,150.0,1534.3624747570775,0,0,,,,False,False,Accessible,False,33,49.0,1.0,T07,True,5,True,False,Tally-only (no GPS confirmation),0.673469387755102,0,-1.2136530921098103,0.001,True,Cold spot (well-covered cluster)
S00286,Jijita,Hamlet,W003,LGA01,7.366581,11.102769,74.0,Satita,Idi-Oro,150.0,624.3271687514967,0,0,,,,False,False,Accessible,False,47,74.0,1.0,T03,True,5,True,False,Tally-only (no GPS confirmation),0.6351351351351351,0,0.7093283968014948,0.318,False,Not significant
S01520,Maberi-Kofar,Hamlet,W021,LGA02,7.88121,10.576925,15.0,Yezata,Gwarin,150.0,2319.1589510666345,34,1,T21,2026-03-13 15:32:00,2026-03-13 16:05:00,False,True,Accessible,False,12,15.0,1.0,T21,True,5,True,False,Visited (track-confirmed),0.8,0,-0.2521623476541578,0.311,False,Not significant
S00734,Riluko,Urban block,W008,LGA01,7.363861,10.902883,692.0,Umyosa,Idi-Oro,150.0,804.0853480472248,0,0,,,,False,False,Accessible,False,0,,,,False,5,True,False,Plausible miss,0.0,1,1.6708191412571471,0.317,False,Not significant
S00244,Gubeta,Urban block,W003,LGA01,7.237447,10.977413,370.0,Satita,Idi-Oro,150.0,1138.1866113507538,0,0,,,,False,False,Accessible,False,0,,,,False,5,True,False,Plausible miss,0.0,1,1.6708191412571471,0.317,False,Not significant
S00870,Okyosa,Hamlet,W010,LGA02,7.380508,10.794054,22.0,Fazafa,Gwarin,150.0,2310.334894670377,22,1,T10,2026-03-13 12:03:00,2026-03-13 12:24:00,False,True,Accessible,False,23,22.0,1.0,T10,True,5,True,False,Visited (track-confirmed),1.0454545454545454,0,-1.2136530921098103,0.001,True,Cold spot (well-covered cluster)
S01535,Sazale,Hamlet,W021,LGA02,7.875416,10.491516,12.0,Yezata,Gwarin,150.0,481.1591884131374,13,1,T21,2026-03-09 15:52:00,2026-03-11 12:54:00,False,True,Accessible,False,0,,,,False,5,True,False,Visited (track-confirmed),0.0,0,-1.2136530921098103,0.001,True,Cold spot (well-covered cluster)
S01627,Yeshako-Arewa,Settlement,W023,LGA03,7.845312,11.284221,34.0,Suwade,Katsuma,150.0,586.1942152749693,0,0,,,,False,False,Accessible,False,0,,,,False,5,True,False,Plausible miss,0.0,1,2.6323098857128,0.09,False,Not significant
S01618,Fadeni,Village,W023,LGA03,7.826168,11.254608,20.0,Suwade,Katsuma,150.0,684.7972296902946,0,0,,,,False,False,Accessible,False,17,20.0,1.0,T23,True,5,True,False,Tally-only (no GPS confirmation),0.85,0,3.5938006301684524,0.003,True,Hot spot (missed-settlement cluster)
S00555,Malusa,Village,W007,LGA01,7.36867,11.247392,160.0,Bayoyi,Idi-Oro,150.0,528.5883236506112,5,1,T07,2026-03-12 13:39:00,2026-03-12 13:43:00,False,True,Accessible,False,0,,,,False,5,True,False,Visited (track-confirmed),0.0,0,2.6323098857128,0.016,True,Hot spot (missed-settlement cluster)
S01761,Hariko-Yamma,Village,W027,LGA03,7.942276,11.446681,89.0,Daberi,Katsuma,150.0,1396.0389272798088,0,0,,,,False,False,Accessible,False,0,,,,False,5,True,False,Plausible miss,0.0,1,1.6708191412571471,0.316,False,Not significant
S02124,Ekrama,Village,W033,LGA03,7.971432,11.119796,86.0,Tasayi,Katsuma,150.0,1344.576944682575,0,0,,,,False,False,Accessible,False,73,86.0,1.0,T01,True,5,True,False,Tally-only (no GPS confirmation),0.8488372093023255,0,-1.2136530921098103,0.001,True,Cold spot (well-covered cluster)
S01246,Doluta,Hamlet,W016,LGA02,7.665082,10.482539,11.0,Uzritu,Gwarin,150.0,381.04453592366855,16,1,T16,2026-03-13 16:16:00,2026-03-13 16:34:00,False,True,Accessible,False,10,11.0,1.0,T16,True,5,True,False,Visited (track-confirmed),0.9090909090909091,0,-1.2136530921098103,0.001,True,Cold spot (well-covered cluster)
S00041,Lodule,Village,W001,LGA01,7.060058,11.003448,92.0,Ekngoyi,Idi-Oro,150.0,668.5364733080543,0,0,,,,False,False,Accessible,False,80,92.0,1.0,T01,True,5,True,False,Tally-only (no GPS confirmation),0.8695652173913043,0,0.7093283968014948,0.319,False,Not significant
S01804,Bitsita-Kudu,Village,W028,LGA04,7.981542,10.81566,11.0,Wangoja,Ilela,75.20313578218082,188.00783945545206,36,1,T28,2026-03-09 13:24:00,2026-03-10 07:52:00,False,True,Accessible,False,10,11.0,1.0,T28,True,5,True,False,Visited (track-confirmed),0.9090909090909091,0,-0.2521623476541578,0.318,False,Not significant
S00785,Makowo-Kofar,Settlement,W008,LGA01,7.414008,10.961798,169.0,Umyosa,Idi-Oro,150.0,482.62933281677863,0,0,,,,False,False,Accessible,False,0,,,,False,5,True,False,Plausible miss,0.0,1,2.6323098857128,0.089,False,Not significant
D01905,Okbeta,Village,W029,LGA04,7.918966,11.094464,63.0,Wangoni,Ilela,150.0,574.4176599161584,5,1,T02,2026-03-09 17:51:00,2026-03-09 17:55:00,False,True,Accessible,False,0,,,,False,5,True,False,Visited (track-confirmed),0.0,0,-1.2136530921098103,0.001,True,Cold spot (well-covered cluster)
S01345,Nuwawa,Hamlet,W018,LGA02,7.548567,10.655576,23.0,Adwana,Gwarin,150.0,416.4346281039831,19,1,T18,2026-03-09 09:43:00,2026-03-09 10:01:00,False,True,Accessible,False,14,23.0,1.0,T18,True,5,True,False,Visited (track-confirmed),0.6086956521739131,0,-1.2136530921098103,0.001,True,Cold spot (well-covered cluster)
S00401,Gungowa,Village,W005,LGA02,7.384561,10.679251,130.0,Jijile,Gwarin,150.0,3425.034317945689,0,0,,,,False,False,Accessible,False,89,130.0,1.0,T05,True,5,True,False,Tally-only (no GPS confirmation),0.6846153846153846,0,1.6708191412571471,0.089,False,Not significant
S02254,Irbale,Settlement,W035,LGA04,8.230162,10.959671,72.0,Dazata,Ilela,150.0,745.6296532639808,0,0,,,,False,False,Accessible,False,42,72.0,1.0,T03,True,5,True,True,Tally-only (no GPS confirmation),0.5833333333333334,0,-1.2136530921098103,0.001,True,Cold spot (well-covered cluster)
S00997,Zasami-Tsakiya,Village,W013,LGA02,7.499013,10.659167,19.0,Sashako,Gwarin,150.0,899.0459904692736,128,1,T13,2026-03-11 13:24:00,2026-03-13 08:01:00,False,True,Accessible,False,11,19.0,1.0,T13,True,5,True,False,Visited (track-confirmed),0.5789473684210527,0,0.7093283968014948,0.322,False,Not significant
S02315,Nulama-Kofar,Village,W037,LGA03,8.204029,11.57011,23.0,Longoma,Katsuma,150.0,660.818495921467,0,0,,,,False,False,Accessible,False,18,23.0,1.0,T05,True,5,True,False,Tally-only (no GPS confirmation),0.782608695652174,0,1.6708191412571471,0.089,False,Not significant
S00675,Zabafa,Village,W008,LGA01,7.412267,10.937438,92.0,Umyosa,Idi-Oro,150.0,428.98169608378134,0,0,,,,False,False,Accessible,False,66,92.0,1.0,T08,True,5,True,False,Tally-only (no GPS confirmation),0.717391304347826,0,-0.2521623476541578,0.319,False,Not significant
S00541,Dadeyi,Settlement,W007,LGA01,7.397558,11.142994,153.0,Bayoyi,Idi-Oro,150.0,724.5324999894572,0,0,,,,False,False,Accessible,False,98,153.0,1.0,T07,True,5,True,False,Tally-only (no GPS confirmation),0.6405228758169934,0,-0.2521623476541578,0.319,False,Not significant
S00631,Kabale,Village,W007,LGA01,7.436651,11.249263,96.0,Bayoyi,Idi-Oro,150.0,1145.6974317054644,21,1,T07,2026-03-13 10:26:00,2026-03-13 10:46:00,False,True,Accessible,False,67,96.0,1.0,T07,True,5,True,False,Visited (track-confirmed),0.6979166666666666,0,0.7093283968014948,0.322,False,Not significant
S02459,Enyota,Settlement,W039,LGA04,8.289093,10.837737,28.0,Nungoni-Arewa,Ilela,150.0,1134.9142475286776,0,0,,,,False,False,Accessible,False,24,28.0,1.0,T07,True,5,True,True,Tally-only (no GPS confirmation),0.8571428571428571,0,-1.2136530921098103,0.001,True,Cold spot (well-covered cluster)
S01673,Uzlaja,Village,W025,LGA04,7.822701,11.075851,20.0,Okriba,Ilela,150.0,569.8929582453669,26,1,T25,2026-03-11 07:29:00,2026-03-11 07:54:00,False,True,Accessible,False,0,,,,False,5,True,False,Visited (track-confirmed),0.0,0,-0.2521623476541578,0.319,False,Not significant
S00660,Riratu,Settlement,W008,LGA01,7.206494,10.936414,118.0,Umyosa,Idi-Oro,150.0,475.00607374646796,0,0,,,,False,False,Accessible,False,113,118.0,1.0,T08,True,5,True,False,Tally-only (no GPS confirmation),0.9576271186440678,0,-1.2136530921098103,0.001,True,Cold spot (well-covered cluster)
S02121,Ekbashi,Urban block,W033,LGA03,7.977841,11.130177,67.0,Tasayi,Katsuma,138.20233689924336,345.5058422481084,0,0,,,,False,False,Accessible,False,66,67.0,1.0,T01,True,5,True,False,Tally-only (no GPS confirmation),0.9850746268656716,0,-0.2521623476541578,0.319,False,Not significant
S02181,Sabayi,Village,W034,LGA03,8.250834,11.228463,24.0,Dodeta,Katsuma,150.0,606.731313709808,0,0,,,,False,False,Accessible,False,0,,,,False,5,True,False,Plausible miss,0.0,1,-0.2521623476541578,0.001,True,Cold spot (well-covered cluster)
S00821,Oktini,Urban block,W009,LGA02,7.531744,11.025117,180.0,Washatu,Gwarin,150.0,2047.0440629267173,106,1,T09,2026-03-09 16:42:00,2026-03-09 18:30:00,False,True,Accessible,False,135,180.0,1.0,T09,True,5,True,False,Visited (track-confirmed),0.75,0,-0.2521623476541578,0.317,False,Not significant
S00774,Susako,Settlement,W008,LGA01,7.392983,10.927698,97.0,Umyosa,Idi-Oro,150.0,465.21844772848294,0,0,,,,False,False,Accessible,False,68,97.0,1.0,T08,True,5,True,False,Tally-only (no GPS confirmation),0.7010309278350515,0,0.7093283968014948,0.32,False,Not significant
S02158,Oljimi,Hamlet,W033,LGA03,8.00174,11.196175,70.0,Tasayi,Katsuma,100.14273142449986,250.35682856124964,0,0,,,,False,False,Accessible,False,46,70.0,1.0,T01,True,5,True,False,Tally-only (no GPS confirmation),0.6571428571428571,0,-0.2521623476541578,0.317,False,Not significant
S01320,Adberi,Village,W017,LGA03,7.5643,11.401208,75.0,Bazasa,Katsuma,150.0,903.5645114692926,81,1,T17,2026-03-09 16:58:00,2026-03-11 12:35:00,False,True,Accessible,False,69,75.0,1.0,T17,True,5,True,False,Visited (track-confirmed),0.92,0,1.6708191412571471,0.091,False,Not significant
S00562,Sujitu,Village,W007,LGA01,7.436363,11.158283,66.0,Bayoyi,Idi-Oro,150.0,1765.9225210090005,0,0,,,,False,False,Accessible,False,45,66.0,1.0,T07,True,5,True,False,Tally-only (no GPS confirmation),0.6818181818181818,0,0.7093283968014948,0.32,False,Not significant
S01629,Lorina,Village,W023,LGA03,7.836344,11.273677,79.0,Suwade,Katsuma,150.0,951.6662648537646,26,1,T23,2026-03-11 07:40:00,2026-03-12 08:08:00,False,True,Accessible,False,81,79.0,1.0,T23,True,5,True,False,Visited (track-confirmed),1.0253164556962024,0,2.6323098857128,0.016,True,Hot spot (missed-settlement cluster)
S02091,Balari,Village,W032,LGA04,8.073558,10.933459,33.0,Bisani-Gabas,Ilela,150.0,1625.7840024106838,0,0,,,,False,False,Accessible,False,24,33.0,1.0,T32,True,5,True,False,Tally-only (no GPS confirmation),0.7272727272727273,0,-1.2136530921098103,0.001,True,Cold spot (well-covered cluster)
S01840,Okdudu,Settlement,W028,LGA04,7.857852,10.865553,39.0,Wangoja,Ilela,150.0,848.9644683975532,13,1,T28,2026-03-12 08:53:00,2026-03-12 09:05:00,False,True,Accessible,False,25,39.0,1.0,T28,True,5,True,False,Visited (track-confirmed),0.6410256410256411,0,-0.2521623476541578,0.317,False,Not significant
S01526,Jiriyi,Settlement,W021,LGA02,7.81974,10.456969,34.0,Yezata,Gwarin,150.0,4468.572747918478,100,1,T21,2026-03-12 14:12:00,2026-03-12 15:54:00,False,True,Accessible,False,20,34.0,1.0,T21,True,5,True,False,Visited (track-confirmed),0.5882352941176471,0,-1.2136530921098103,0.001,True,Cold spot (well-covered cluster)
S00793,Malako,Hamlet,W009,LGA02,7.501941,11.015028,34.0,Washatu,Gwarin,150.0,860.7701011767475,7,1,T09,2026-03-10 13:34:00,2026-03-11 12:41:00,False,True,Accessible,False,0,,,,False,5,True,False,Visited (track-confirmed),0.0,0,-1.2136530921098103,0.001,True,Cold spot (well-covered cluster)
S00240,Adnashi,Hamlet,W003,LGA01,7.179679,10.987562,73.0,Satita,Idi-Oro,150.0,1201.5932721861623,0,0,,,,False,False,Accessible,False,56,73.0,1.0,T03,True,5,True,False,Tally-only (no GPS confirmation),0.7671232876712328,0,1.6708191412571471,0.091,False,Not significant
S02193,Nujishi,Hamlet,W034,LGA03,8.132599,11.187271,23.0,Dodeta,Katsuma,150.0,397.0030560279503,0,0,,,,False,False,Accessible,False,0,,,,False,5,True,False,Plausible miss,0.0,1,1.6708191412571471,0.32,False,Not significant
S01604,Lozatu-Tudun,Settlement,W023,LGA03,7.841178,11.280838,12.0,Suwade,Katsuma,150.0,586.1942152749693,25,1,T23,2026-03-12 07:30:00,2026-03-12 07:54:00,False,True,Accessible,False,8,12.0,1.0,T23,True,5,True,False,Visited (track-confirmed),0.6666666666666666,0,2.6323098857128,0.016,True,Hot spot (missed-settlement cluster)
S00736,Fashaba,Village,W008,LGA01,7.259218,10.939031,178.0,Umyosa,Idi-Oro,80.93061834116908,202.3265458529227,0,0,,,,False,False,Accessible,False,0,,,,False,5,True,False,Plausible miss,0.0,1,0.7093283968014948,0.319,False,Not significant
S02186,Wazana-Tudun,Village,W034,LGA03,8.126068,11.187414,53.0,Dodeta,Katsuma,150.0,515.4151788293783,0,0,,,,False,False,Accessible,False,0,,,,False,5,True,False,Plausible miss,0.0,1,1.6708191412571471,0.32,False,Not significant
S01844,Dozasa,Village,W029,LGA04,7.955321,11.065601,159.0,Wangoni,Ilela,150.0,1017.7751303401784,1,1,T29,2026-03-13 09:17:00,2026-03-13 09:17:00,False,True,Accessible,False,123,159.0,1.0,T29,True,5,True,False,Visited (track-confirmed),0.7735849056603774,0,-0.2521623476541578,0.318,False,Not significant
S00533,Kadetu,Village,W006,LGA01,7.27467,11.271799,290.0,Okradu,Idi-Oro,150.0,690.2126609438035,0,0,,,,False,False,Accessible,False,185,290.0,1.0,T06,True,5,True,False,Tally-only (no GPS confirmation),0.6379310344827587,0,-0.2521623476541578,0.318,False,Not significant
S01536,Irraba,Village,W021,LGA02,7.824257,10.624195,20.0,Yezata,Gwarin,115.76375331293593,289.40938328233983,32,1,T21,2026-03-10 08:22:00,2026-03-10 08:56:00,False,True,Accessible,False,16,20.0,1.0,T21,True,5,True,False,Visited (track-confirmed),0.8,0,0.7093283968014948,0.321,False,Not significant
S01642,Lotsiwo,Hamlet,W024,LGA04,7.743074,10.640285,17.0,Kuraba-Kofar,Ilela,150.0,2870.1927091802213,25,1,T24,2026-03-10 07:28:00,2026-03-10 07:52:00,False,True,Accessible,False,15,17.0,1.0,T24,True,5,True,False,Visited (track-confirmed),0.8823529411764706,0,-0.2521623476541578,0.318,False,Not significant
S01106,Jirashi,Urban block,W015,LGA01,7.539186,11.305923,583.0,Baluru,Idi-Oro,150.0,998.124607976683,0,0,,,,False,False,Accessible,False,374,583.0,1.0,T15,True,5,True,False,Tally-only (no GPS confirmation),0.6415094339622641,0,0.7093283968014948,0.321,False,Not significant
S01211,Olduwo,Settlement,W015,LGA01,7.528675,11.346021,103.0,Baluru,Idi-Oro,150.0,2726.7297334677764,0,0,,,,False,False,Accessible,False,88,103.0,1.0,T15,True,5,True,False,Tally-only (no GPS confirmation),0.8543689320388349,0,0.7093283968014948,0.321,False,Not significant
S01378,Dazasa,Hamlet,W019,LGA04,7.628813,11.033192,12.0,Umzaba-Kofar,Ilela,150.0,1093.212038823747,34,1,T19,2026-03-11 10:00:00,2026-03-11 10:33:00,False,True,Accessible,False,8,12.0,1.0,T19,True,5,True,False,Visited (track-confirmed),0.6666666666666666,0,-1.2136530921098103,0.001,True,Cold spot (well-covered cluster)
S01899,Batsina,Village,W029,LGA04,7.932175,11.086319,78.0,Wangoni,Ilela,150.0,729.727192460607,33,1,T29,2026-03-09 11:49:00,2026-03-09 12:21:00,False,True,Accessible,False,46,78.0,1.0,T29,True,5,True,False,Visited (track-confirmed),0.5897435897435898,0,-1.2136530921098103,0.001,True,Cold spot (well-covered cluster)
S00253,Sukosa,Village,W003,LGA01,7.22908,11.066524,182.0,Satita,Idi-Oro,150.0,2181.76247088476,0,0,,,,False,False,Accessible,False,0,,,,False,5,True,False,Plausible miss,0.0,1,2.6323098857128,0.093,False,Not significant
S02346,Matidu,Hamlet,W037,LGA03,8.210729,11.541953,6.0,Longoma,Katsuma,150.0,506.28258440343063,0,0,,,,False,False,Accessible,False,0,,,,False,5,True,False,Plausible miss,0.0,1,1.6708191412571471,0.321,False,Not significant
S01328,Ummale,Village,W018,LGA02,7.571588,10.725953,22.0,Adwana,Gwarin,150.0,3269.427288570385,0,0,,,,False,False,Accessible,False,18,22.0,1.0,T18,True,5,True,False,Tally-only (no GPS confirmation),0.8181818181818182,0,-1.2136530921098103,0.001,True,Cold spot (well-covered cluster)
S01000,Nudule,Village,W014,LGA01,7.539551,11.566747,26.0,Bishama,Idi-Oro,150.0,574.06019303462,0,0,,,,False,False,Accessible,False,0,,,,False,5,True,False,Plausible miss,0.0,1,1.6708191412571471,0.32,False,Not significant
S00263,Sabaru,Hamlet,W003,LGA01,7.366212,11.109088,60.0,Satita,Idi-Oro,150.0,700.1365011788876,34,1,T03,2026-03-11 17:40:00,2026-03-11 18:13:00,False,True,Accessible,False,57,60.0,1.0,T03,True,5,True,False,Visited (track-confirmed),0.95,0,0.7093283968014948,0.323,False,Not significant
S00761,Yekota,Settlement,W008,LGA01,7.421014,10.975248,99.0,Umyosa,Idi-Oro,150.0,634.1741466896682,0,0,,,,False,False,Accessible,False,92,99.0,1.0,T08,True,5,True,False,Tally-only (no GPS confirmation),0.9292929292929293,0,2.6323098857128,0.017,True,Hot spot (missed-settlement cluster)
S01678,Longotu,Village,W025,LGA04,7.810918,11.0732,41.0,Okriba,Ilela,150.0,479.9898207059535,21,1,T25,2026-03-13 16:45:00,2026-03-13 17:05:00,False,True,Accessible,False,0,,,,False,5,True,False,Visited (track-confirmed),0.0,0,-0.2521623476541578,0.319,False,Not significant
S01405,Batishi,Village,W019,LGA04,7.617966,10.987724,19.0,Umzaba-Kofar,Ilela,150.0,855.8658821629753,3,1,T19,2026-03-13 11:46:00,2026-03-13 11:48:00,False,True,Accessible,False,15,19.0,1.0,T19,True,5,True,False,Visited (track-confirmed),0.7894736842105263,0,-1.2136530921098103,0.001,True,Cold spot (well-covered cluster)
S00317,Agmami,Hamlet,W003,LGA01,7.36975,11.131212,77.0,Satita,Idi-Oro,150.0,1025.1002356472593,0,0,,,,False,False,Accessible,False,72,77.0,1.0,T03,True,5,True,False,Tally-only (no GPS confirmation),0.935064935064935,0,-0.2521623476541578,0.319,False,Not significant
S00612,Ritsiko,Village,W007,LGA01,7.377603,11.222858,101.0,Bayoyi,Idi-Oro,74.09326318900976,185.2331579725244,2,1,T07,2026-03-12 11:19:00,2026-03-12 11:20:00,False,True,Accessible,False,63,101.0,1.0,T07,True,5,True,False,Visited (track-confirmed),0.6237623762376238,0,-1.2136530921098103,0.001,True,Cold spot (well-covered cluster)
S01515,Irbaja,Hamlet,W021,LGA02,7.886722,10.488959,18.0,Yezata,Gwarin,150.0,1269.3122589394206,0,0,,,,False,False,Accessible,False,17,18.0,1.0,T21,True,5,True,False,Tally-only (no GPS confirmation),0.9444444444444444,0,-0.2521623476541578,0.319,False,Not significant
S00580,Ibshako,Village,W007,LGA01,7.341216,11.3494,215.0,Bayoyi,Idi-Oro,150.0,1995.4938482964196,0,0,,,,False,False,Accessible,False,122,215.0,1.0,T07,True,5,True,False,Tally-only (no GPS confirmation),0.5674418604651162,0,-0.2521623476541578,0.319,False,Not significant
S00238,Olkoshi,Urban block,W003,LGA01,7.438268,11.10261,131.0,Satita,Idi-Oro,150.0,2353.7972774839295,0,0,,,,False,False,Accessible,False,0,,,,False,5,True,False,Plausible miss,0.0,1,0.7093283968014948,0.32,False,Not significant
S01085,Dayoshi,Settlement,W014,LGA01,7.45074,11.388779,28.0,Bishama,Idi-Oro,150.0,4339.464696799299,0,0,,,,False,False,Accessible,False,19,28.0,1.0,T14,True,5,True,False,Tally-only (no GPS confirmation),0.6785714285714286,0,-0.2521623476541578,0.319,False,Not significant
S01886,Batsiwa,Village,W029,LGA04,7.967354,11.072566,47.0,Wangoni,Ilela,115.9566326726583,289.89158168164573,29,1,T29,2026-03-10 11:55:00,2026-03-10 15:33:00,False,True,Accessible,False,38,47.0,1.0,T29,True,5,True,False,Visited (track-confirmed),0.8085106382978723,0,-0.2521623476541578,0.319,False,Not significant
S01993,Adsharu,Urban block,W031,LGA03,7.925134,11.361985,305.0,Satide,Katsuma,50.0,84.4868921804902,130,1,T31,2026-03-11 11:24:00,2026-03-11 13:33:00,True,True,Accessible,True,286,305.0,1.0,T31,True,5,True,False,Visited (track-confirmed),0.9377049180327869,0,-0.2521623476541578,0.319,False,Not significant
S01237,Adtidu,Urban block,W016,LGA02,7.579759,10.434259,174.0,Uzritu,Gwarin,142.09415556413327,355.2353889103332,23,1,T16,2026-03-09 07:27:00,2026-03-12 10:59:00,False,True,Accessible,False,169,174.0,1.0,T16,True,5,True,False,Visited (track-confirmed),0.9712643678160919,0,-0.2521623476541578,0.319,False,Not significant
S01401,Suzani-Kudu,Hamlet,W019,LGA04,7.709899,10.834951,24.0,Umzaba-Kofar,Ilela,150.0,1883.1191622510116,20,1,T19,2026-03-10 12:52:00,2026-03-10 13:14:00,False,True,Accessible,False,18,24.0,1.0,T19,True,5,True,False,Visited (track-confirmed),0.75,0,-1.2136530921098103,0.001,True,Cold spot (well-covered cluster)
S01893,Tasashi,Hamlet,W029,LGA04,8.066637,10.99041,16.0,Wangoni,Ilela,150.0,1444.3468546947947,24,1,T29,2026-03-12 07:26:00,2026-03-12 07:50:00,False,True,Accessible,False,10,16.0,1.0,T29,True,5,True,False,Visited (track-confirmed),0.625,0,-0.2521623476541578,0.319,False,Not significant
S00897,Ibdeta,Village,W011,LGA02,7.651173,10.427962,79.0,Enyoko-Kofar,Gwarin,150.0,2783.631005346486,4,1,T11,2026-03-09 09:14:00,2026-03-09 09:17:00,False,True,Accessible,False,83,79.0,1.0,T11,True,5,True,False,Visited (track-confirmed),1.0506329113924051,0,-0.2521623476541578,0.319,False,Not significant
S02130,Batiru,Hamlet,W033,LGA03,7.953223,11.193092,21.0,Tasayi,Katsuma,150.0,1353.3039287224813,0,0,,,,False,False,Accessible,False,14,21.0,1.0,T01,True,5,True,False,Tally-only (no GPS confirmation),0.6666666666666666,0,-0.2521623476541578,0.319,False,Not significant
S01510,Lodushi,Village,W020,LGA01,7.725146,11.166651,289.0,Famade,Idi-Oro,144.84665907006396,362.11664767515987,0,0,,,,False,False,Accessible,False,261,289.0,1.0,T20,True,5,True,False,Tally-only (no GPS confirmation),0.903114186851211,0,-1.2136530921098103,0.001,True,Cold spot (well-covered cluster)
S00117,Sarade,Village,W001,LGA01,7.189771,11.142535,110.0,Ekngoyi,Idi-Oro,150.0,1454.646175774931,32,1,T01,2026-03-11 11:39:00,2026-03-11 12:10:00,False,True,Accessible,False,72,110.0,1.0,T01,True,5,True,False,Visited (track-confirmed),0.6545454545454545,0,0.7093283968014948,0.324,False,Not significant
S01613,Marashi,Village,W023,LGA03,7.831558,11.233158,34.0,Suwade,Katsuma,150.0,981.9758455798099,21,1,T23,2026-03-09 07:43:00,2026-03-09 08:03:00,False,True,Accessible,False,31,34.0,1.0,T23,True,5,True,False,Visited (track-confirmed),0.9117647058823529,0,0.7093283968014948,0.324,False,Not significant
S01529,Hakoma,Village,W021,LGA02,7.888513,10.517351,85.0,Yezata,Gwarin,150.0,402.40552045453256,25,1,T21,2026-03-13 08:43:00,2026-03-13 09:07:00,False,True,Accessible,False,73,85.0,1.0,T21,True,5,True,False,Visited (track-confirmed),0.8588235294117647,0,-0.2521623476541578,0.319,False,Not significant
S00406,Katside,Hamlet,W005,LGA02,7.394495,10.708852,34.0,Jijile,Gwarin,150.0,389.13760112000256,0,0,,,,False,False,Accessible,False,31,34.0,1.0,T05,True,5,True,False,Tally-only (no GPS confirmation),0.9117647058823529,0,-0.2521623476541578,0.319,False,Not significant
D00184,Bibeko,Settlement,W002,LGA01,7.090758,10.798393,71.0,Ekduru,Idi-Oro,122.81630881850006,307.04077204625014,0,0,,,,False,False,Accessible,False,0,,,,False,5,True,False,Plausible miss,0.0,1,-0.2521623476541578,0.001,True,Cold spot (well-covered cluster)
S01465,Nutiri,Hamlet,W020,LGA01,7.697575,11.072173,45.0,Famade,Idi-Oro,150.0,2797.9534475014248,0,0,,,,False,False,Accessible,False,33,45.0,1.0,T20,True,5,True,False,Tally-only (no GPS confirmation),0.7333333333333333,0,-1.2136530921098103,0.001,True,Cold spot (well-covered cluster)
S01635,Halana,Urban block,W023,LGA03,7.924128,11.197397,250.0,Suwade,Katsuma,63.31491788126996,158.2872947031749,30,1,T23,2026-03-12 12:18:00,2026-03-12 12:47:00,False,True,Accessible,False,171,250.0,1.0,T23,True,5,True,False,Visited (track-confirmed),0.684,0,-1.2136530921098103,0.001,True,Cold spot (well-covered cluster)
S02289,Uzrifa,Settlement,W036,LGA04,8.0845,10.717831,17.0,Mawako,Ilela,150.0,690.8016605175935,19,1,T04,2026-03-12 07:43:00,2026-03-12 08:04:00,False,True,Accessible,False,16,17.0,1.0,T04,True,5,True,False,Visited (track-confirmed),0.9411764705882353,0,-0.2521623476541578,0.319,False,Not significant
S01015,Rinaru,Hamlet,W014,LGA01,7.554224,11.555768,33.0,Bishama,Idi-Oro,150.0,1541.2691815651451,0,0,,,,False,False,Accessible,False,0,,,,False,5,True,False,Plausible miss,0.0,1,2.6323098857128,0.093,False,Not significant
S02419,Mazako,Village,W038,LGA03,8.356814,11.387772,58.0,Sashasa,Katsuma,150.0,433.90262265648465,0,0,,,,False,False,Accessible,False,38,58.0,1.0,T06,True,5,True,False,Tally-only (no GPS confirmation),0.6551724137931034,0,1.6708191412571471,0.093,False,Not significant
S00170,Olrita,Hamlet,W002,LGA01,7.207641,10.779115,28.0,Ekduru,Idi-Oro,150.0,673.0389327795118,0,0,,,,False,False,Accessible,False,24,28.0,1.0,T02,True,5,True,False,Tally-only (no GPS confirmation),0.8571428571428571,0,-0.2521623476541578,0.319,False,Not significant
S02162,Dayoni,Hamlet,W033,LGA03,7.993972,11.160601,16.0,Tasayi,Katsuma,150.0,513.5726377819766,0,0,,,,False,False,Accessible,False,10,16.0,1.0,T01,True,5,True,False,Tally-only (no GPS confirmation),0.625,0,-0.2521623476541578,0.319,False,Not significant
S01667,Kuyoyi,Hamlet,W024,LGA04,7.82517,10.751696,19.0,Kuraba-Kofar,Ilela,150.0,1456.9770655471925,24,1,T24,2026-03-12 14:41:00,2026-03-12 15:04:00,False,True,Accessible,False,19,19.0,1.0,T24,True,5,True,False,Visited (track-confirmed),1.0,0,-1.2136530921098103,0.001,True,Cold spot (well-covered cluster)
S02053,Fajiyi,Village,W032,LGA04,8.073978,10.853268,25.0,Bisani-Gabas,Ilela,50.0,39.700948835065944,0,0,,,,False,False,Accessible,True,21,25.0,1.0,T32,True,5,True,False,Tally-only (no GPS confirmation),0.84,0,-0.2521623476541578,0.319,False,Not significant
S01127,Ibrasa,Urban block,W015,LGA01,7.723774,11.277092,149.0,Baluru,Idi-Oro,105.10150680416082,262.75376701040204,0,0,,,,False,False,Accessible,False,133,149.0,1.0,T15,True,5,True,False,Tally-only (no GPS confirmation),0.8926174496644296,0,-1.2136530921098103,0.001,True,Cold spot (well-covered cluster)
S00799,Rikotu,Hamlet,W009,LGA02,7.531328,11.006614,14.0,Washatu,Gwarin,150.0,1858.6363125952787,25,1,T09,2026-03-12 07:18:00,2026-03-12 07:42:00,False,True,Accessible,False,13,14.0,1.0,T09,True,5,True,False,Visited (track-confirmed),0.9285714285714286,0,-1.2136530921098103,0.001,True,Cold spot (well-covered cluster)
S02446,Agzashi,Village,W039,LGA04,8.268554,10.834485,43.0,Nungoni-Arewa,Ilela,127.54677602056972,318.8669400514243,0,0,,,,False,False,Accessible,False,28,43.0,1.0,T07,True,5,True,True,Tally-only (no GPS confirmation),0.6511627906976745,0,-1.2136530921098103,0.001,True,Cold spot (well-covered cluster)
S00292,Kukodu,Village,W003,LGA01,7.20831,11.047314,277.0,Satita,Idi-Oro,150.0,2092.1965794001294,0,0,,,,False,False,Accessible,False,0,,,,False,5,True,False,Plausible miss,0.0,1,2.6323098857128,0.092,False,Not significant
S01931,Umrifa,Village,W030,LGA04,7.940587,10.662706,131.0,Yeride,Ilela,150.0,807.2582042522884,0,0,,,,False,False,Accessible,False,130,131.0,1.0,T30,True,5,True,False,Tally-only (no GPS confirmation),0.9923664122137404,0,-1.2136530921098103,0.001,True,Cold spot (well-covered cluster)
S01146,Enmale,Village,W015,LGA01,7.555483,11.263674,108.0,Baluru,Idi-Oro,150.0,712.3503521528093,0,0,,,,False,False,Accessible,False,77,108.0,1.0,T15,True,5,True,False,Tally-only (no GPS confirmation),0.7129629629629629,0,-0.2521623476541578,0.318,False,Not significant
S02439,Sashadu,Hamlet,W039,LGA04,8.345559,10.907824,22.0,Nungoni-Arewa,Ilela,150.0,734.2296848103402,0,0,,,,False,False,Accessible,False,13,22.0,1.0,T07,True,5,True,True,Tally-only (no GPS confirmation),0.5909090909090909,0,-1.2136530921098103,0.001,True,Cold spot (well-covered cluster)
S01826,Dotsiba-Kudu,Village,W028,LGA04,7.999263,10.802743,112.0,Wangoja,Ilela,150.0,890.4075062834844,15,1,T28,2026-03-09 13:55:00,2026-03-09 14:12:00,False,True,Accessible,False,113,112.0,1.0,T28,True,5,True,False,Visited (track-confirmed),1.0089285714285714,0,-0.2521623476541578,0.318,False,Not significant
S01557,Bashani,Hamlet,W022,LGA03,8.099243,11.419236,29.0,Sudefa,Katsuma,150.0,4888.375722622112,96,1,T22,2026-03-10 15:07:00,2026-03-10 16:42:00,False,True,Accessible,False,23,29.0,1.0,T22,True,5,True,False,Visited (track-confirmed),0.7931034482758621,0,-1.2136530921098103,0.001,True,Cold spot (well-covered cluster)
S00868,Ibbawo,Hamlet,W010,LGA02,7.474973,10.775624,11.0,Fazafa,Gwarin,150.0,1930.8534365280661,0,0,,,,False,False,Accessible,False,0,,,,False,5,True,False,Plausible miss,0.0,1,0.7093283968014948,0.318,False,Not significant
S00356,Katima,Hamlet,W004,LGA02,7.238987,10.580068,8.0,Yesawo,Gwarin,150.0,824.4229706523939,0,0,,,,False,False,Accessible,False,5,8.0,1.0,T04,True,5,True,False,Tally-only (no GPS confirmation),0.625,0,-0.2521623476541578,0.317,False,Not significant
S00221,Habefa,Hamlet,W003,LGA01,7.330549,10.965434,32.0,Satita,Idi-Oro,150.0,2191.353048874957,0,0,,,,False,False,Accessible,False,21,32.0,1.0,T03,True,5,True,False,Tally-only (no GPS confirmation),0.65625,0,-0.2521623476541578,0.317,False,Not significant
S02499,Babako,Village,W040,LGA04,8.375182,11.192016,68.0,Gujiri,Ilela,150.0,1081.1883822087557,0,0,,,,False,False,Accessible,False,61,68.0,1.0,T08,True,5,True,False,Tally-only (no GPS confirmation),0.8970588235294118,0,0.7093283968014948,0.328,False,Not significant
S00103,Tashade-Kudu,Hamlet,W001,LGA01,7.14436,11.192285,48.0,Ekngoyi,Idi-Oro,150.0,1129.576737881404,0,0,,,,False,False,Accessible,False,42,48.0,1.0,T01,True,5,True,False,Tally-only (no GPS confirmation),0.875,0,1.6708191412571471,0.092,False,Not significant
S00754,Ibduja,Urban block,W008,LGA01,7.435084,10.952799,254.0,Umyosa,Idi-Oro,107.09903379034046,267.7475844758511,0,0,,,,False,False,Accessible,False,0,,,,False,5,True,False,Plausible miss,0.0,1,0.7093283968014948,0.32,False,Not significant
S00850,Irmana-Sabo,Village,W010,LGA02,7.398123,10.782524,50.0,Fazafa,Gwarin,150.0,856.0657293723154,20,1,T10,2026-03-10 17:36:00,2026-03-10 17:55:00,False,True,Accessible,False,35,50.0,1.0,T10,True,5,True,False,Visited (track-confirmed),0.7,0,-1.2136530921098103,0.001,True,Cold spot (well-covered cluster)
S00246,Rimafa-Kudu,Urban block,W003,LGA01,7.253182,10.981263,567.0,Satita,Idi-Oro,133.81394181497382,334.5348545374345,0,0,,,,False,False,Accessible,False,507,567.0,1.0,T03,True,5,True,False,Tally-only (no GPS confirmation),0.8941798941798942,0,0.7093283968014948,0.329,False,Not significant
S02198,Enbani,Village,W034,LGA03,8.023746580490336,11.209742,98.0,Dodeta,Katsuma,150.0,2336.206511854745,0,0,,,,False,False,Accessible,False,60,98.0,1.0,T02,True,5,True,False,Tally-only (no GPS confirmation),0.6122448979591837,0,1.6708191412571471,0.093,False,Not significant
S01034,Wayode,Village,W014,LGA01,7.376102,11.501906,80.0,Bishama,Idi-Oro,150.0,1460.8945702065066,36,1,T14,2026-03-13 14:49:00,2026-03-13 15:27:00,False,True,Accessible,False,82,80.0,1.0,T14,True,5,True,False,Visited (track-confirmed),1.025,0,-0.2521623476541578,0.32,False,Not significant
S01663,Bishani,Hamlet,W024,LGA04,7.804255,10.787092,25.0,Kuraba-Kofar,Ilela,150.0,1851.8868008121194,0,0,,,,False,False,Accessible,False,18,25.0,1.0,T24,True,5,True,False,Tally-only (no GPS confirmation),0.72,0,-1.2136530921098103,0.001,True,Cold spot (well-covered cluster)
D01209,Sashale,Hamlet,W015,LGA01,7.61227,11.279484,35.0,Baluru,Idi-Oro,150.0,508.80515023376176,0,0,,,,False,False,Accessible,False,0,,,,False,5,True,False,Plausible miss,0.0,1,0.7093283968014948,0.32,False,Not significant
S02308,Sudena,Settlement,W036,LGA04,8.213759,10.731288,33.0,Mawako,Ilela,150.0,2741.7077863988193,0,0,,,,False,False,Accessible,False,31,33.0,1.0,T04,True,5,True,False,Tally-only (no GPS confirmation),0.9393939393939394,0,-1.2136530921098103,0.001,True,Cold spot (well-covered cluster)
S00247,Lobadu,Settlement,W003,LGA01,7.210089,11.008765,81.0,Satita,Idi-Oro,150.0,673.246843089341,0,0,,,,False,False,Accessible,False,0,,,,False,5,True,False,Plausible miss,0.0,1,0.7093283968014948,0.324,False,Not significant
S01696,Dawawo,Hamlet,W025,LGA04,7.792653,11.088083,42.0,Okriba,Ilela,150.0,988.7086015183843,7,1,T25,2026-03-11 16:55:00,2026-03-13 08:25:00,False,True,Accessible,False,0,,,,False,5,True,False,Visited (track-confirmed),0.0,0,-1.2136530921098103,0.001,True,Cold spot (well-covered cluster)
S00024,Mashashi,Settlement,W001,LGA01,7.151156,11.045863,50.0,Ekngoyi,Idi-Oro,56.66713233914559,141.66783084786397,0,0,,,,False,False,Accessible,False,0,,,,False,5,True,False,Plausible miss,0.0,1,0.7093283968014948,0.325,False,Not significant
S02023,Umnayi-Kofar,Village,W031,LGA03,7.924949,11.363737,17.0,Satide,Katsuma,77.92242329657381,194.80605824143453,24,1,T31,2026-03-09 14:03:00,2026-03-11 08:50:00,False,True,Accessible,False,13,17.0,1.0,T31,True,5,True,False,Visited (track-confirmed),0.7647058823529411,0,-0.2521623476541578,0.323,False,Not significant
S01304,Mamasa,Village,W017,LGA03,7.559203,11.423353,73.0,Bazasa,Katsuma,150.0,753.3881226249617,33,1,T17,2026-03-09 10:57:00,2026-03-09 11:32:00,False,True,Accessible,False,55,73.0,1.0,T17,True,5,True,False,Visited (track-confirmed),0.7534246575342466,0,-0.2521623476541578,0.323,False,Not significant
S00942,Kushaba,Settlement,W012,LGA02,7.342749,10.500771,51.0,Darari,Gwarin,117.41583214961412,293.53958037403527,23,1,T12,2026-03-12 10:18:00,2026-03-12 10:40:00,False,True,Accessible,False,32,51.0,1.0,T12,True,5,True,False,Visited (track-confirmed),0.6274509803921569,0,-1.2136530921098103,0.001,True,Cold spot (well-covered cluster)
S00700,Birari,Hamlet,W008,LGA01,7.181931,10.918442,23.0,Umyosa,Idi-Oro,69.38751213038728,173.4687803259682,0,0,,,,False,False,Accessible,False,18,23.0,1.0,T08,True,5,True,False,Tally-only (no GPS confirmation),0.782608695652174,0,-0.2521623476541578,0.323,False,Not significant
S02119,Dodeta,Village,W033,LGA03,8.002158,11.174844,77.0,Tasayi,Katsuma,100.00150486213897,250.0037621553474,0,0,,,,False,False,Accessible,False,0,,,,False,5,True,False,Plausible miss,0.0,1,1.6708191412571471,0.329,False,Not significant
S02304,Zashale-Yamma,Village,W036,LGA04,8.148546,10.731606,35.0,Mawako,Ilela,150.0,936.5057520423616,0,0,,,,False,False,Accessible,False,29,35.0,1.0,T04,True,5,True,False,Tally-only (no GPS confirmation),0.8285714285714286,0,-0.2521623476541578,0.322,False,Not significant
S00231,Lonaba,Village,W003,LGA01,7.438777,11.028321,108.0,Satita,Idi-Oro,150.0,1124.4690253132926,0,0,,,,False,False,Accessible,False,100,108.0,1.0,T03,True,5,True,False,Tally-only (no GPS confirmation),0.9259259259259259,0,1.6708191412571471,0.092,False,Not significant
S01216,Wamashi,Village,W015,LGA01,7.503606,11.224153,16.0,Baluru,Idi-Oro,150.0,466.49929833709865,1,1,T15,2026-03-11 09:52:00,2026-03-11 09:52:00,False,True,Accessible,False,0,,,,False,5,True,False,Visited (track-confirmed),0.0,0,-1.2136530921098103,0.001,True,Cold spot (well-covered cluster)
S00081,Haluyi,Hamlet,W001,LGA01,7.115158,11.028847,96.0,Ekngoyi,Idi-Oro,150.0,1006.5746170560082,0,0,,,,False,False,Accessible,False,0,,,,False,5,True,False,Plausible miss,0.0,1,-0.2521623476541578,0.001,True,Cold spot (well-covered cluster)
S00566,Dokowa,Settlement,W007,LGA01,7.343515,11.254526,19.0,Bayoyi,Idi-Oro,150.0,1059.2120836414022,0,0,,,,False,False,Accessible,False,14,19.0,1.0,T07,True,5,True,False,Tally-only (no GPS confirmation),0.7368421052631579,0,-1.2136530921098103,0.001,True,Cold spot (well-covered cluster)
S00642,Tayosa,Village,W007,LGA01,7.291975,11.255138,42.0,Bayoyi,Idi-Oro,150.0,1478.9413721392898,0,0,,,,False,False,Accessible,False,31,42.0,1.0,T07,True,5,True,False,Tally-only (no GPS confirmation),0.7380952380952381,0,0.7093283968014948,0.329,False,Not significant
S01859,Matsifa,Village,W029,LGA04,7.932452,11.106166,149.0,Wangoni,Ilela,150.0,1095.8998152400357,2,1,T08,2026-03-10 16:35:00,2026-03-10 16:36:00,False,True,Accessible,False,142,149.0,1.0,T29,True,5,True,False,Visited (track-confirmed),0.9530201342281879,0,-1.2136530921098103,0.001,True,Cold spot (well-covered cluster)
S00171,Olmami-Yamma,Urban block,W002,LGA01,7.13638,10.757978,422.0,Ekduru,Idi-Oro,75.6137606062857,189.03440151571422,0,0,,,,False,False,Accessible,False,362,422.0,1.0,T02,True,5,True,False,Tally-only (no GPS confirmation),0.8578199052132701,0,-1.2136530921098103,0.001,True,Cold spot (well-covered cluster)
S01303,Kutiko,Hamlet,W017,LGA03,7.558117,11.385108,4.0,Bazasa,Katsuma,150.0,878.534700117479,0,0,,,,False,False,Accessible,False,0,,,,False,5,True,False,Plausible miss,0.0,1,1.6708191412571471,0.329,False,Not significant
S01315,Uzrama-Arewa,Village,W017,LGA03,7.57098,11.406035,44.0,Bazasa,Katsuma,150.0,618.3239511770871,32,1,T17,2026-03-09 17:11:00,2026-03-09 17:42:00,False,True,Accessible,False,36,44.0,1.0,T17,True,5,True,False,Visited (track-confirmed),0.8181818181818182,0,0.7093283968014948,0.329,False,Not significant
S02435,Uzwade,Settlement,W039,LGA04,8.33893,10.939092,37.0,Nungoni-Arewa,Ilela,150.0,561.0262182818404,0,0,,,,False,False,Accessible,False,29,37.0,1.0,T07,True,5,True,True,Tally-only (no GPS confirmation),0.7837837837837838,0,-1.2136530921098103,0.001,True,Cold spot (well-covered cluster)
S01969,Ibsaba,Hamlet,W030,LGA04,7.915246,10.63982,16.0,Yeride,Ilela,150.0,598.1617581571004,35,1,T30,2026-03-09 12:09:00,2026-03-09 12:43:00,False,True,Accessible,False,11,16.0,1.0,T30,True,5,True,False,Visited (track-confirmed),0.6875,0,-1.2136530921098103,0.001,True,Cold spot (well-covered cluster)
S02337,Adzawo,Village,W037,LGA03,8.212604,11.558209,86.0,Longoma,Katsuma,150.0,662.8871138220763,0,0,,,,False,False,Accessible,False,86,86.0,1.0,T05,True,5,True,False,Tally-only (no GPS confirmation),1.0,0,1.6708191412571471,0.092,False,Not significant
S00016,Umzashi,Urban block,W001,LGA01,7.14658,11.006795,344.0,Ekngoyi,Idi-Oro,150.0,1682.1454719588755,0,0,,,,False,False,Accessible,False,192,344.0,1.0,T01,True,5,True,False,Tally-only (no GPS confirmation),0.5581395348837209,0,-0.2521623476541578,0.324,False,Not significant
S01281,Gudeba,Hamlet,W017,LGA03,7.544677,11.382806,14.0,Bazasa,Katsuma,121.0683528938888,302.670882234722,0,0,,,,False,False,Accessible,False,0,,,,False,5,True,False,Plausible miss,0.0,1,1.6708191412571471,0.328,False,Not significant
S00643,Ririwa-Sabo,Urban block,W007,LGA01,7.400099,11.274429,350.0,Bayoyi,Idi-Oro,150.0,700.5840177731297,0,0,,,,False,False,Accessible,False,343,350.0,1.0,T07,True,5,True,False,Tally-only (no GPS confirmation),0.98,0,1.6708191412571471,0.092,False,Not significant
S02290,Malusa-Arewa,Village,W036,LGA04,8.093093,10.722216,29.0,Mawako,Ilela,150.0,403.4393634567617,34,1,T04,2026-03-11 10:48:00,2026-03-11 11:21:00,False,True,Accessible,False,18,29.0,1.0,T04,True,5,True,False,Visited (track-confirmed),0.6206896551724138,0,0.7093283968014948,0.328,False,Not significant
S01087,Irlushi-Kudu,Village,W014,LGA01,7.499542,11.51691,22.0,Bishama,Idi-Oro,146.66120161752315,366.65300404380787,21,1,T14,2026-03-09 10:05:00,2026-03-09 10:26:00,False,True,Accessible,False,17,22.0,1.0,T14,True,5,True,False,Visited (track-confirmed),0.7727272727272727,0,-1.2136530921098103,0.001,True,Cold spot (well-covered cluster)
S02220,Dawayi,Village,W035,LGA04,8.275307,10.962582,37.0,Dazata,Ilela,150.0,1037.1533072299544,0,0,,,,False,False,Accessible,False,23,37.0,1.0,T03,True,5,True,True,Tally-only (no GPS confirmation),0.6216216216216216,0,-1.2136530921098103,0.001,True,Cold spot (well-covered cluster)
S00624,Irrishi,Village,W007,LGA01,7.448014,11.197726,70.0,Bayoyi,Idi-Oro,150.0,1138.2046086975597,0,0,,,,False,False,Accessible,False,0,,,,False,5,True,False,Plausible miss,0.0,1,-0.2521623476541578,0.001,True,Cold spot (well-covered cluster)
S02353,Dozari-Sabo,Urban block,W037,LGA03,8.195154,11.507037,390.0,Longoma,Katsuma,150.0,1023.9475313133019,0,0,,,,False,False,Accessible,False,263,390.0,1.0,T05,True,5,True,False,Tally-only (no GPS confirmation),0.6743589743589744,0,-0.2521623476541578,0.327,False,Not significant
S00057,Nuwani,Urban block,W001,LGA01,7.181389,11.159146,368.0,Ekngoyi,Idi-Oro,150.0,894.478190005448,0,0,,,,False,False,Accessible,False,240,368.0,1.0,T01,True,5,True,False,Tally-only (no GPS confirmation),0.6521739130434783,0,-1.2136530921098103,0.001,True,Cold spot (well-covered cluster)
S00266,Irbata,Urban block,W003,LGA01,7.438566,11.004266,720.0,Satita,Idi-Oro,150.0,462.83135253971255,5,1,T03,2026-03-12 17:05:00,2026-03-12 17:09:00,False,True,Accessible,False,603,720.0,1.0,T03,True,5,True,False,Visited (track-confirmed),0.8375,0,-0.2521623476541578,0.327,False,Not significant
S02407,Zajishi,Hamlet,W038,LGA03,8.24514,11.393834,26.0,Sashasa,Katsuma,150.0,471.7281090616588,0,0,,,,False,False,Accessible,False,48,26.0,1.0,T06,True,5,True,False,Tally-only (no GPS confirmation),1.8461538461538463,0,1.6708191412571471,0.094,False,Not significant
S01937,Yelafa,Hamlet,W030,LGA04,7.908404,10.633425,16.0,Yeride,Ilela,128.05045931653123,320.12614829132804,0,0,,,,False,False,Accessible,False,14,16.0,1.0,T30,True,5,True,False,Tally-only (no GPS confirmation),0.875,0,-1.2136530921098103,0.001,True,Cold spot (well-covered cluster)
S01797,Zabeja,Village,W028,LGA04,7.98265,10.9094,93.0,Wangoja,Ilela,150.0,1189.968362970235,27,1,T28,2026-03-12 16:16:00,2026-03-12 16:45:00,False,True,Accessible,False,97,93.0,1.0,T28,True,5,True,False,Visited (track-confirmed),1.043010752688172,0,-1.2136530921098103,0.001,True,Cold spot (well-covered cluster)
S00008,Danashi,Urban block,W001,LGA01,7.161445,11.138556,579.0,Ekngoyi,Idi-Oro,150.0,1428.4685211010722,0,0,,,,False,False,Accessible,False,420,579.0,1.0,T01,True,5,True,False,Tally-only (no GPS confirmation),0.7253886010362695,0,0.7093283968014948,0.325,False,Not significant
S02438,Wasawo-Sabo,Village,W039,LGA04,8.252277,10.847987,57.0,Nungoni-Arewa,Ilela,150.0,384.9010634656293,0,0,,,,False,False,Accessible,False,43,57.0,1.0,T07,True,5,True,True,Tally-only (no GPS confirmation),0.7543859649122807,0,-1.2136530921098103,0.001,True,Cold spot (well-covered cluster)
S00250,Bajifa,Settlement,W003,LGA01,7.288481,11.12125,120.0,Satita,Idi-Oro,150.0,1985.5785175609494,0,0,,,,False,False,Accessible,False,0,,,,False,5,True,False,Plausible miss,0.0,1,1.6708191412571471,0.324,False,Not significant
S01766,Olngori,Village,W027,LGA03,7.974357,11.455849,166.0,Daberi,Katsuma,150.0,1370.6204554881342,34,1,T27,2026-03-12 07:17:00,2026-03-12 07:53:00,False,True,Accessible,False,114,166.0,1.0,T27,True,5,True,False,Visited (track-confirmed),0.6867469879518072,0,0.7093283968014948,0.324,False,Not significant
S01834,Kajitu,Settlement,W028,LGA04,7.866387,10.902057,24.0,Wangoja,Ilela,108.39739159482588,270.9934789870647,10,1,T28,2026-03-11 18:21:00,2026-03-11 18:30:00,False,True,Accessible,False,23,24.0,1.0,T28,True,5,True,False,Visited (track-confirmed),0.9583333333333334,0,-1.2136530921098103,0.001,True,Cold spot (well-covered cluster)
S00719,Entsima,Hamlet,W008,LGA01,7.227793,10.939008,50.0,Umyosa,Idi-Oro,150.0,682.6275262628147,0,0,,,,False,False,Accessible,False,28,50.0,1.0,T08,True,5,True,False,Tally-only (no GPS confirmation),0.56,0,0.7093283968014948,0.324,False,Not significant
S01498,Zabeni,Settlement,W020,LGA01,7.711466,11.257721,127.0,Famade,Idi-Oro,150.0,934.2827276545472,0,0,,,,False,False,Accessible,False,109,127.0,1.0,T20,True,5,True,False,Tally-only (no GPS confirmation),0.8582677165354331,0,0.7093283968014948,0.324,False,Not significant
S01906,Sabeja,Village,W029,LGA04,7.930104,11.11917,89.0,Wangoni,Ilela,150.0,420.65780356132194,0,0,,,,False,False,Accessible,False,50,89.0,1.0,T29,True,5,True,False,Tally-only (no GPS confirmation),0.5617977528089888,0,-1.2136530921098103,0.001,True,Cold spot (well-covered cluster)
S01497,Jisafa,Settlement,W020,LGA01,7.697054,11.179326,91.0,Famade,Idi-Oro,150.0,1103.6215689799062,36,1,T20,2026-03-09 14:54:00,2026-03-12 09:41:00,False,True,Accessible,False,80,91.0,1.0,T20,True,5,True,False,Visited (track-confirmed),0.8791208791208791,0,0.7093283968014948,0.324,False,Not significant
S00887,Biwaba,Settlement,W011,LGA02,7.602156,10.430614,20.0,Enyoko-Kofar,Gwarin,150.0,684.9557794084252,21,1,T11,2026-03-10 15:58:00,2026-03-10 16:18:00,False,True,Accessible,False,11,20.0,1.0,T11,True,5,True,False,Visited (track-confirmed),0.55,0,-1.2136530921098103,0.001,True,Cold spot (well-covered cluster)
S00225,Rinaja,Village,W003,LGA01,7.365768,11.096557,112.0,Satita,Idi-Oro,150.0,692.8557192695924,0,0,,,,False,False,Accessible,False,0,,,,False,5,True,False,Plausible miss,0.0,1,1.6708191412571471,0.321,False,Not significant
S01855,Nukoma,Settlement,W029,LGA04,8.037179,10.956311,116.0,Wangoni,Ilela,150.0,1027.364299972661,29,1,T29,2026-03-11 13:42:00,2026-03-11 14:10:00,False,True,Accessible,False,105,116.0,1.0,T29,True,5,True,False,Visited (track-confirmed),0.9051724137931034,0,-0.2521623476541578,0.328,False,Not significant
S00396,Olrishi,Settlement,W005,LGA02,7.307783,10.753534,62.0,Jijile,Gwarin,150.0,913.8722760430503,0,0,,,,False,False,Accessible,False,51,62.0,1.0,T05,True,5,True,False,Tally-only (no GPS confirmation),0.8225806451612904,0,0.7093283968014948,0.321,False,Not significant
S02305,Ibsharu-Gabas,Hamlet,W036,LGA04,8.130135,10.747074,17.0,Mawako,Ilela,150.0,1276.307162222347,0,0,,,,False,False,Accessible,False,12,17.0,1.0,T04,True,5,True,False,Tally-only (no GPS confirmation),0.7058823529411765,0,0.7093283968014948,0.321,False,Not significant
S02211,Okngodu,Hamlet,W034,LGA03,8.133043,11.287544,8.0,Dodeta,Katsuma,150.0,2248.466135911589,0,0,,,,False,False,Accessible,False,5,8.0,1.0,T02,True,5,True,False,Tally-only (no GPS confirmation),0.625,0,-1.2136530921098103,0.001,True,Cold spot (well-covered cluster)
S00224,Gusaru,Urban block,W003,LGA01,7.428424,10.99366,889.0,Satita,Idi-Oro,150.0,686.3866528108427,0,0,,,,False,False,Accessible,False,679,889.0,1.0,T03,True,5,True,False,Tally-only (no GPS confirmation),0.7637795275590551,0,0.7093283968014948,0.321,False,Not significant
S02396,Adluta,Village,W038,LGA03,8.257204,11.393619,118.0,Sashasa,Katsuma,150.0,896.4362055283343,0,0,,,,False,False,Accessible,False,0,,,,False,5,True,False,Plausible miss,0.0,1,1.6708191412571471,0.321,False,Not significant
S00361,Irjina,Village,W004,LGA02,7.234767,10.595043,69.0,Yesawo,Gwarin,150.0,1227.8123729968809,0,0,,,,False,False,Accessible,False,40,69.0,1.0,T04,True,5,True,False,Tally-only (no GPS confirmation),0.5797101449275363,0,-0.2521623476541578,0.328,False,Not significant
S00418,Oknami,Settlement,W006,LGA01,7.240292,11.285507,75.0,Okradu,Idi-Oro,150.0,813.7681402196384,0,0,,,,False,False,Accessible,False,50,75.0,1.0,T06,True,5,True,False,Tally-only (no GPS confirmation),0.6666666666666666,0,0.7093283968014948,0.323,False,Not significant
S00854,Tasana,Hamlet,W010,LGA02,7.454886,10.791091,35.0,Fazafa,Gwarin,150.0,2251.370745689327,30,1,T10,2026-03-13 16:30:00,2026-03-13 16:59:00,False,True,Accessible,False,34,35.0,1.0,T10,True,5,True,False,Visited (track-confirmed),0.9714285714285714,0,-0.2521623476541578,0.328,False,Not significant
S00307,Fabako,Village,W003,LGA01,7.266587,11.10548,133.0,Satita,Idi-Oro,150.0,524.1756685231592,0,0,,,,False,False,Accessible,False,125,133.0,1.0,T03,True,5,True,False,Tally-only (no GPS confirmation),0.9398496240601504,0,0.7093283968014948,0.323,False,Not significant
S00606,Adduma,Village,W007,LGA01,7.371567,11.25507,64.0,Bayoyi,Idi-Oro,150.0,484.0472866757712,37,1,T07,2026-03-13 07:48:00,2026-03-13 08:24:00,False,True,Accessible,False,58,64.0,1.0,T07,True,5,True,False,Visited (track-confirmed),0.90625,0,0.7093283968014948,0.323,False,Not significant
S00005,Wabade,Village,W001,LGA01,7.097021,11.009781,62.0,Ekngoyi,Idi-Oro,150.0,1991.9294409387594,0,0,,,,False,False,Accessible,False,40,62.0,1.0,T01,True,5,True,False,Tally-only (no GPS confirmation),0.6451612903225806,0,2.6323098857128,0.015,True,Hot spot (missed-settlement cluster)
S00043,Taritu,Village,W001,LGA01,7.171422,11.156388,188.0,Ekngoyi,Idi-Oro,150.0,757.8925825097896,0,0,,,,False,False,Accessible,False,149,188.0,1.0,T01,True,5,True,False,Tally-only (no GPS confirmation),0.7925531914893617,0,-0.2521623476541578,0.328,False,Not significant
S02328,Lodeja-Tsakiya,Village,W037,LGA03,8.238937,11.547094,119.0,Longoma,Katsuma,150.0,1047.1793804397664,0,0,,,,False,False,Accessible,False,116,119.0,1.0,T05,True,5,True,False,Tally-only (no GPS confirmation),0.9747899159663865,0,0.7093283968014948,0.323,False,Not significant
S01316,Saluna,Village,W017,LGA03,7.60005,11.408952,69.0,Bazasa,Katsuma,150.0,864.1123382882391,0,0,,,,False,False,Accessible,False,0,,,,False,5,True,False,Plausible miss,0.0,1,2.6323098857128,0.09,False,Not significant
S00694,Addudu,Village,W008,LGA01,7.359225,10.857187,173.0,Umyosa,Idi-Oro,150.0,687.2354984696243,0,0,,,,False,False,Accessible,False,130,173.0,1.0,T08,True,5,True,False,Tally-only (no GPS confirmation),0.7514450867052023,0,0.7093283968014948,0.321,False,Not significant
S02501,Sangota-Kofar,Hamlet,W040,LGA04,8.293389,11.222075,37.0,Gujiri,Ilela,150.0,1370.7033361584326,0,0,,,,False,False,Accessible,False,0,,,,False,5,True,False,Plausible miss,0.0,1,-0.2521623476541578,0.001,True,Cold spot (well-covered cluster)
S00466,Agrade,Hamlet,W006,LGA01,7.271034,11.189545,12.0,Okradu,Idi-Oro,150.0,925.0611348758748,0,0,,,,False,False,Accessible,False,9,12.0,1.0,T06,True,5,True,False,Tally-only (no GPS confirmation),0.75,0,-0.2521623476541578,0.326,False,Not significant
S00795,Mabadu,Settlement,W009,LGA02,7.52853,10.977484,53.0,Washatu,Gwarin,150.0,1206.149614179633,5,1,T09,2026-03-12 10:42:00,2026-03-13 14:40:00,False,True,Accessible,False,0,,,,False,5,True,False,Visited (track-confirmed),0.0,0,-1.2136530921098103,0.001,True,Cold spot (well-covered cluster)
S00245,Ritsima-Tsakiya,Hamlet,W003,LGA01,7.422686,11.031244,87.0,Satita,Idi-Oro,150.0,1304.8973310776053,6,1,T03,2026-03-11 12:09:00,2026-03-11 12:14:00,False,True,Accessible,False,56,87.0,1.0,T03,True,5,True,False,Visited (track-confirmed),0.6436781609195402,0,1.6708191412571471,0.089,False,Not significant
S00554,Ummari,Hamlet,W007,LGA01,7.321279,11.298483,8.0,Bayoyi,Idi-Oro,150.0,1416.6960598293438,0,0,,,,False,False,Accessible,False,0,,,,False,5,True,False,Plausible miss,0.0,1,1.6708191412571471,0.325,False,Not significant
S00524,Umnana-Tudun,Hamlet,W006,LGA01,7.285734,11.175768,19.0,Okradu,Idi-Oro,150.0,1194.8007881086726,4,1,T06,2026-03-09 10:04:00,2026-03-09 10:07:00,False,True,Accessible,False,13,19.0,1.0,T06,True,5,True,False,Visited (track-confirmed),0.6842105263157895,0,0.7093283968014948,0.326,False,Not significant
S00357,Umjiri,Urban block,W004,LGA02,7.218137,10.588305,221.0,Yesawo,Gwarin,150.0,1132.4896337406797,23,1,T04,2026-03-13 07:38:00,2026-03-13 08:00:00,False,True,Accessible,False,195,221.0,1.0,T04,True,5,True,False,Visited (track-confirmed),0.8823529411764706,0,-1.2136530921098103,0.001,True,Cold spot (well-covered cluster)
S01697,Birasa,Hamlet,W025,LGA04,7.787632,11.11935,12.0,Okriba,Ilela,86.24283694750625,215.6070923687656,37,2,"T01,T25",2026-03-09 07:26:00,2026-03-12 13:42:00,False,True,Accessible,False,0,,,,False,5,True,False,Visited (track-confirmed),0.0,0,-1.2136530921098103,0.001,True,Cold spot (well-covered cluster)
S02495,Sakodu,Village,W040,LGA04,8.403823,11.195347,126.0,Gujiri,Ilela,150.0,872.9506894892804,0,0,,,,False,False,Accessible,False,96,126.0,1.0,T08,True,5,True,False,Tally-only (no GPS confirmation),0.7619047619047619,0,1.6708191412571471,0.088,False,Not significant
S00300,Olluyi,Settlement,W003,LGA01,7.258265,10.990615,74.0,Satita,Idi-Oro,150.0,1174.2568699924582,0,0,,,,False,False,Accessible,False,74,74.0,1.0,T03,True,5,True,False,Tally-only (no GPS confirmation),1.0,0,0.7093283968014948,0.326,False,Not significant
S02199,Adshale,Settlement,W034,LGA03,8.168755,11.307831,27.0,Dodeta,Katsuma,150.0,2526.2001723522344,0,0,,,,False,False,Accessible,False,22,27.0,1.0,T02,True,5,True,False,Tally-only (no GPS confirmation),0.8148148148148148,0,-1.2136530921098103,0.001,True,Cold spot (well-covered cluster)
S00069,Zakole-Arewa,Urban block,W001,LGA01,7.024625,11.021364,494.0,Ekngoyi,Idi-Oro,150.0,1309.5668137507403,35,1,T01,2026-03-13 10:02:00,2026-03-13 10:39:00,False,True,Accessible,False,380,494.0,1.0,T01,True,5,True,False,Visited (track-confirmed),0.7692307692307693,0,0.7093283968014948,0.326,False,Not significant
S02524,Ibjiba-Yamma,Village,W040,LGA04,8.319319,11.161444,15.0,Gujiri,Ilela,150.0,574.9945502143803,0,0,,,,False,False,Accessible,False,12,15.0,1.0,T08,True,5,True,False,Tally-only (no GPS confirmation),0.8,0,-0.2521623476541578,0.324,False,Not significant
S00468,Jibena-Kudu,Hamlet,W006,LGA01,7.244694,11.245052,36.0,Okradu,Idi-Oro,150.0,693.6989608573592,0,0,,,,False,False,Accessible,False,0,,,,False,5,True,False,Plausible miss,0.0,1,1.6708191412571471,0.324,False,Not significant
S02475,Haluko,Village,W040,LGA04,8.291432,11.168319,51.0,Gujiri,Ilela,71.93380832770227,179.83452081925566,0,0,,,,False,False,Accessible,False,42,51.0,1.0,T08,True,5,True,False,Tally-only (no GPS confirmation),0.8235294117647058,0,-0.2521623476541578,0.324,False,Not significant
S01096,Haberi,Settlement,W015,LGA01,7.572012,11.253869,74.0,Baluru,Idi-Oro,150.0,648.2931828384972,4,1,T15,2026-03-12 12:01:00,2026-03-12 12:04:00,False,True,Accessible,False,0,,,,False,5,True,False,Visited (track-confirmed),0.0,0,-1.2136530921098103,0.001,True,Cold spot (well-covered cluster)
S01324,Adwade,Hamlet,W018,LGA02,7.626486,10.635147,16.0,Adwana,Gwarin,150.0,753.1144517485845,24,1,T18,2026-03-09 18:09:00,2026-03-12 09:51:00,False,True,Accessible,False,10,16.0,1.0,T18,True,5,True,False,Visited (track-confirmed),0.625,0,-1.2136530921098103,0.001,True,Cold spot (well-covered cluster)
S02298,Biduma,Urban block,W036,LGA04,8.161574,10.734464,135.0,Mawako,Ilela,150.0,922.0039362236001,0,0,,,,False,False,Accessible,False,106,135.0,1.0,T04,True,5,True,False,Tally-only (no GPS confirmation),0.7851851851851852,0,-1.2136530921098103,0.001,True,Cold spot (well-covered cluster)
S00831,Enluru,Village,W010,LGA02,7.427306,10.789788,46.0,Fazafa,Gwarin,50.0,110.03024325225616,132,1,T10,2026-03-09 15:32:00,2026-03-09 17:46:00,True,True,Accessible,False,28,46.0,1.0,T10,True,5,True,False,Visited (track-confirmed),0.6086956521739131,0,-1.2136530921098103,0.001,True,Cold spot (well-covered cluster)
S01308,Olsani,Village,W017,LGA03,7.539526,11.43052,129.0,Bazasa,Katsuma,150.0,1215.9283898019507,0,0,,,,False,False,Accessible,False,0,,,,False,5,True,False,Plausible miss,0.0,1,-0.2521623476541578,0.001,True,Cold spot (well-covered cluster)
S00440,Adtsiwa-Tsakiya,Settlement,W006,LGA01,7.258916,11.153544,111.0,Okradu,Idi-Oro,150.0,784.1437285070556,0,0,,,,False,False,Accessible,False,62,111.0,1.0,T06,True,5,True,False,Tally-only (no GPS confirmation),0.5585585585585585,0,-0.2521623476541578,0.325,False,Not significant
S00835,Zaraja,Village,W010,LGA02,7.405863,10.783679,56.0,Fazafa,Gwarin,150.0,856.0657293723154,2,1,T10,2026-03-13 11:30:00,2026-03-13 11:31:00,False,True,Accessible,False,35,56.0,1.0,T10,True,5,True,False,Visited (track-confirmed),0.625,0,-1.2136530921098103,0.001,True,Cold spot (well-covered cluster)
S01607,Fanatu,Village,W023,LGA03,7.791441,11.232323,35.0,Suwade,Katsuma,150.0,1139.3826004280468,24,1,T23,2026-03-10 11:48:00,2026-03-11 09:46:00,False,True,Accessible,False,27,35.0,1.0,T23,True,5,True,False,Visited (track-confirmed),0.7714285714285715,0,3.5938006301684524,0.003,True,Hot spot (missed-settlement cluster)
S02385,Dashatu,Village,W038,LGA03,8.418025,11.261514,39.0,Sashasa,Katsuma,150.0,1727.517971854728,0,0,,,,False,False,Accessible,False,26,39.0,1.0,T06,True,5,True,False,Tally-only (no GPS confirmation),0.6666666666666666,0,0.7093283968014948,0.326,False,Not significant
S02516,Fajimi,Settlement,W040,LGA04,8.322651,11.196615,83.0,Gujiri,Ilela,150.0,1039.1604368047854,0,0,,,,False,False,Accessible,False,0,,,,False,5,True,False,Plausible miss,0.0,1,-0.2521623476541578,0.001,True,Cold spot (well-covered cluster)
S02191,Agyosa-Yamma,Hamlet,W034,LGA03,8.238379,11.21919,11.0,Dodeta,Katsuma,150.0,979.9827672540893,5,1,T02,2026-03-09 08:22:00,2026-03-09 08:26:00,False,True,Accessible,False,8,11.0,1.0,T02,True,5,True,False,Visited (track-confirmed),0.7272727272727273,0,-0.2521623476541578,0.327,False,Not significant
S01569,Saluwo,Hamlet,W022,LGA03,8.203837,11.394496,25.0,Sudefa,Katsuma,150.0,3185.561779966129,27,1,T22,2026-03-11 09:20:00,2026-03-11 09:46:00,False,True,Accessible,False,22,25.0,1.0,T22,True,5,True,False,Visited (track-confirmed),0.88,0,1.6708191412571471,0.087,False,Not significant
S01021,Farata,Urban block,W014,LGA01,7.511382,11.556145,197.0,Bishama,Idi-Oro,150.0,1356.9175504314983,0,0,,,,False,False,Accessible,False,178,197.0,1.0,T14,True,5,True,False,Tally-only (no GPS confirmation),0.9035532994923858,0,1.6708191412571471,0.087,False,Not significant
S01379,Oldena,Settlement,W019,LGA04,7.689303,10.857919,62.0,Umzaba-Kofar,Ilela,150.0,644.7624782470263,4,1,T19,2026-03-11 17:48:00,2026-03-11 17:51:00,False,True,Accessible,False,40,62.0,1.0,T19,True,5,True,False,Visited (track-confirmed),0.6451612903225806,0,-1.2136530921098103,0.001,True,Cold spot (well-covered cluster)
S02081,Halale,Village,W032,LGA04,8.096698,10.853796,62.0,Bisani-Gabas,Ilela,150.0,915.8884731163142,28,1,T32,2026-03-11 11:59:00,2026-03-11 12:26:00,False,True,Accessible,False,40,62.0,1.0,T32,True,5,True,False,Visited (track-confirmed),0.6451612903225806,0,-1.2136530921098103,0.001,True,Cold spot (well-covered cluster)
S00519,Yeluta,Hamlet,W006,LGA01,7.260014,11.264416,45.0,Okradu,Idi-Oro,150.0,831.3229205985983,0,0,,,,False,False,Accessible,False,33,45.0,1.0,T06,True,5,True,False,Tally-only (no GPS confirmation),0.7333333333333333,0,0.7093283968014948,0.326,False,Not significant
S00918,Enwade,Hamlet,W011,LGA02,7.704543,10.488818,10.0,Enyoko-Kofar,Gwarin,150.0,1117.4196929198845,0,0,,,,False,False,Accessible,False,7,10.0,1.0,T11,True,5,True,False,Tally-only (no GPS confirmation),0.7,0,-0.2521623476541578,0.327,False,Not significant
S01025,Irdude,Urban block,W014,LGA01,7.373644,11.46827,539.0,Bishama,Idi-Oro,150.0,499.42297184161646,0,0,,,,False,False,Accessible,False,428,539.0,1.0,T14,True,5,True,False,Tally-only (no GPS confirmation),0.7940630797773655,0,-0.2521623476541578,0.327,False,Not significant
S00863,Sarawo,Settlement,W010,LGA02,7.457031,10.859359,18.0,Fazafa,Gwarin,150.0,2229.882376961917,0,0,,,,False,False,Accessible,False,16,18.0,1.0,T10,True,5,True,False,Tally-only (no GPS confirmation),0.8888888888888888,0,-0.2521623476541578,0.327,False,Not significant
S01559,Bibaru,Village,W022,LGA03,8.205564,11.451553,34.0,Sudefa,Katsuma,150.0,1023.1391123691195,11,1,T22,2026-03-12 08:39:00,2026-03-12 08:49:00,False,True,Accessible,False,24,34.0,1.0,T22,True,5,True,False,Visited (track-confirmed),0.7058823529411765,0,1.6708191412571471,0.087,False,Not significant
S02365,Barifa,Hamlet,W038,LGA03,8.300093,11.431789,11.0,Sashasa,Katsuma,150.0,1273.4419509639715,28,1,T06,2026-03-13 07:28:00,2026-03-13 07:55:00,False,True,Accessible,False,8,11.0,1.0,T06,True,5,True,False,Visited (track-confirmed),0.7272727272727273,0,-1.2136530921098103,0.001,True,Cold spot (well-covered cluster)
S01294,Habayi,Village,W017,LGA03,7.550649,11.429855,159.0,Bazasa,Katsuma,150.0,1178.3134229562202,0,0,,,,False,False,Accessible,False,138,159.0,1.0,T17,True,5,True,False,Tally-only (no GPS confirmation),0.8679245283018868,0,-0.2521623476541578,0.327,False,Not significant
S02084,Bijitu,Village,W032,LGA04,8.124489,10.843281,27.0,Bisani-Gabas,Ilela,150.0,2861.8140818264737,0,0,,,,False,False,Accessible,False,17,27.0,1.0,T32,True,5,True,False,Tally-only (no GPS confirmation),0.6296296296296297,0,-1.2136530921098103,0.001,True,Cold spot (well-covered cluster)
S01219,Kuwawa,Hamlet,W015,LGA01,7.712858,11.301205,40.0,Baluru,Idi-Oro,141.63096270706032,354.0774067676508,0,0,,,,False,False,Accessible,False,0,,,,False,5,True,False,Plausible miss,0.0,1,-0.2521623476541578,0.001,True,Cold spot (well-covered cluster)
S00538,Umrami-Arewa,Hamlet,W007,LGA01,7.37947,11.218187,64.0,Bayoyi,Idi-Oro,150.0,520.5494606438255,24,1,T07,2026-03-11 07:15:00,2026-03-11 13:00:00,False,True,Accessible,False,66,64.0,1.0,T07,True,5,True,False,Visited (track-confirmed),1.03125,0,-0.2521623476541578,0.326,False,Not significant
S00699,Biriko,Village,W008,LGA01,7.32048,10.818151,80.0,Umyosa,Idi-Oro,150.0,2720.538879392297,0,0,,,,False,False,Accessible,False,65,80.0,1.0,T08,True,5,True,False,Tally-only (no GPS confirmation),0.8125,0,0.7093283968014948,0.327,False,Not significant
S02045,Kubaja,Settlement,W031,LGA03,7.98659,11.33206,76.0,Satide,Katsuma,102.8103770502397,257.0259426255992,27,1,T31,2026-03-09 11:55:00,2026-03-12 07:38:00,False,True,Accessible,False,79,76.0,1.0,T31,True,5,True,False,Visited (track-confirmed),1.0394736842105263,0,-1.2136530921098103,0.001,True,Cold spot (well-covered cluster)
S01128,Agyowa-Tudun,Hamlet,W015,LGA01,7.491842,11.21725,19.0,Baluru,Idi-Oro,57.813029121059685,144.5325728026492,0,0,,,,False,False,Accessible,False,12,19.0,1.0,T15,True,5,True,False,Tally-only (no GPS confirmation),0.631578947368421,0,-0.2521623476541578,0.326,False,Not significant
S00215,Balutu-Kudu,Settlement,W002,LGA01,7.026409,10.856039,94.0,Ekduru,Idi-Oro,150.0,1048.5176865580586,0,0,,,,False,False,Accessible,False,0,,,,False,5,True,False,Plausible miss,0.0,1,0.7093283968014948,0.327,False,Not significant
S02064,Agdena,Village,W032,LGA04,8.06447,10.852198,,Bisani-Gabas,Ilela,150.0,462.4166847851849,2,1,T32,2026-03-10 17:35:00,2026-03-10 17:36:00,False,True,Accessible,False,168,207.0,1.0,T32,True,5,True,False,Visited (track-confirmed),0.8115942028985508,0,-0.2521623476541578,0.327,False,Not significant
S01909,Nuduri,Village,W029,LGA04,7.961466,11.096976,153.0,Wangoni,Ilela,50.0,85.40273791319605,29,1,T29,2026-03-10 14:46:00,2026-03-12 12:28:00,True,True,Accessible,True,106,153.0,1.0,T29,True,5,True,False,Visited (track-confirmed),0.6928104575163399,0,-1.2136530921098103,0.001,True,Cold spot (well-covered cluster)
S00578,Zabeta,Hamlet,W007,LGA01,7.342028,11.227675,17.0,Bayoyi,Idi-Oro,150.0,378.80353780225346,0,0,,,,False,False,Accessible,False,0,,,,False,5,True,False,Plausible miss,0.0,1,1.6708191412571471,0.328,False,Not significant
S02236,Agmata,Village,W035,LGA04,8.229598,11.054249,93.0,Dazata,Ilela,150.0,481.5411344368317,0,0,,,,False,False,Accessible,False,68,93.0,1.0,T03,True,5,True,True,Tally-only (no GPS confirmation),0.7311827956989247,0,-1.2136530921098103,0.001,True,Cold spot (well-covered cluster)
S01442,Kaluyi,Hamlet,W020,LGA01,7.736016,11.154513,50.0,Famade,Idi-Oro,150.0,766.0844530842433,34,1,T20,2026-03-10 10:37:00,2026-03-10 11:10:00,False,True,Accessible,False,42,50.0,1.0,T20,True,5,True,False,Visited (track-confirmed),0.84,0,-0.2521623476541578,0.326,False,Not significant
S00404,Sakosa,Settlement,W005,LGA02,7.408979,10.720991,35.0,Jijile,Gwarin,150.0,1728.3785746710068,0,0,,,,False,False,Accessible,False,33,35.0,1.0,T05,True,5,True,False,Tally-only (no GPS confirmation),0.9428571428571428,0,-0.2521623476541578,0.326,False,Not significant
S01883,Kutiba-Kudu,Settlement,W029,LGA04,7.949667,11.092676,51.0,Wangoni,Ilela,150.0,623.2686961674391,0,0,,,,False,False,Accessible,False,53,51.0,1.0,T29,True,5,True,False,Tally-only (no GPS confirmation),1.0392156862745099,0,-1.2136530921098103,0.001,True,Cold spot (well-covered cluster)
S01616,Uznaba,Hamlet,W023,LGA03,7.90618,11.178172,31.0,Suwade,Katsuma,150.0,1332.0249184182037,92,1,T23,2026-03-10 15:11:00,2026-03-13 10:30:00,False,True,Accessible,False,19,31.0,1.0,T23,True,5,True,False,Visited (track-confirmed),0.6129032258064516,0,-1.2136530921098103,0.001,True,Cold spot (well-covered cluster)
S01585,Dazama-Tsakiya,Village,W022,LGA03,8.064636,11.549524,91.0,Sudefa,Katsuma,150.0,2564.75210449155,23,1,T22,2026-03-13 07:13:00,2026-03-13 07:35:00,False,True,Accessible,False,96,91.0,1.0,T22,True,5,True,False,Visited (track-confirmed),1.054945054945055,0,2.6323098857128,0.015,True,Hot spot (missed-settlement cluster)
S00534,Ekrayi,Village,W006,LGA01,7.271842,11.238217,59.0,Okradu,Idi-Oro,150.0,404.4415712272177,0,0,,,,False,False,Accessible,False,0,,,,False,5,True,False,Plausible miss,0.0,1,0.7093283968014948,0.327,False,Not significant
S01217,Umlafa-Kofar,Hamlet,W015,LGA01,7.483907,11.217044,42.0,Baluru,Idi-Oro,150.0,866.8009664315376,18,1,T15,2026-03-11 09:08:00,2026-03-11 09:25:00,False,True,Accessible,False,42,42.0,1.0,T15,True,5,True,False,Visited (track-confirmed),1.0,0,-0.2521623476541578,0.326,False,Not significant
S02508,Sutishi,Hamlet,W040,LGA04,8.303803,11.174078,7.0,Gujiri,Ilela,101.3128702275417,253.28217556885423,0,0,,,,False,False,Accessible,False,0,,,,False,5,True,False,Plausible miss,0.0,1,-0.2521623476541578,0.001,True,Cold spot (well-covered cluster)
S00050,Irluko,Settlement,W001,LGA01,7.219417,11.12951,225.0,Ekngoyi,Idi-Oro,96.95814825915376,242.3953706478844,0,0,,,,False,False,Accessible,False,159,225.0,1.0,T01,True,5,True,False,Tally-only (no GPS confirmation),0.7066666666666667,0,-1.2136530921098103,0.001,True,Cold spot (well-covered cluster)
S01549,Iblumi,Hamlet,W021,LGA02,7.878354,10.480628,15.0,Yezata,Gwarin,150.0,571.4790318722027,92,1,T21,2026-03-11 09:02:00,2026-03-11 14:52:00,False,True,Accessible,False,13,15.0,1.0,T21,True,5,True,False,Visited (track-confirmed),0.8666666666666667,0,-1.2136530921098103,0.001,True,Cold spot (well-covered cluster)
S01916,Umsani-Kofar,Village,W029,LGA04,7.97165,10.957269,116.0,Wangoni,Ilela,150.0,1016.6897175848675,31,1,T29,2026-03-09 07:25:00,2026-03-09 07:55:00,False,True,Accessible,False,94,116.0,1.0,T29,True,5,True,False,Visited (track-confirmed),0.8103448275862069,0,-1.2136530921098103,0.001,True,Cold spot (well-covered cluster)
S00666,Datita,Hamlet,W008,LGA01,7.387812,10.94372,41.0,Umyosa,Idi-Oro,150.0,419.4302296285028,0,0,,,,False,False,Accessible,False,36,41.0,1.0,T08,True,5,True,False,Tally-only (no GPS confirmation),0.8780487804878049,0,2.6323098857128,0.014,True,Hot spot (missed-settlement cluster)
S00040,Sazafa,Urban block,W001,LGA01,7.023837,11.057645,171.0,Ekngoyi,Idi-Oro,150.0,1633.2293334681065,0,0,,,,False,False,Accessible,False,97,171.0,1.0,T01,True,5,True,False,Tally-only (no GPS confirmation),0.5672514619883041,0,-0.2521623476541578,0.325,False,Not significant
S00348,Lolutu,Village,W004,LGA02,7.191121,10.680233,15.0,Yesawo,Gwarin,150.0,566.0779657139526,29,1,T04,2026-03-09 07:28:00,2026-03-09 07:56:00,False,True,Accessible,False,15,15.0,1.0,T04,True,5,True,False,Visited (track-confirmed),1.0,0,-1.2136530921098103,0.001,True,Cold spot (well-covered cluster)
S02286,Riwako,Village,W036,LGA04,8.102526,10.740177,76.0,Mawako,Ilela,150.0,948.5823844491637,0,0,,,,False,False,Accessible,False,49,76.0,1.0,T04,True,5,True,False,Tally-only (no GPS confirmation),0.6447368421052632,0,0.7093283968014948,0.33,False,Not significant
S02080,Ibjisa-Tudun,Hamlet,W032,LGA04,8.106844,10.938469,4.0,Bisani-Gabas,Ilela,150.0,1777.8127974964123,125,1,T32,2026-03-13 15:47:00,2026-03-13 17:51:00,False,True,Accessible,False,4,4.0,1.0,T32,True,5,True,False,Visited (track-confirmed),1.0,0,-0.2521623476541578,0.325,False,Not significant
S01513,Zakoja,Settlement,W020,LGA01,7.762469,11.131261,65.0,Famade,Idi-Oro,150.0,490.62530126894455,0,0,,,,False,False,Accessible,False,56,65.0,1.0,T20,True,5,True,False,Tally-only (no GPS confirmation),0.8615384615384616,0,1.6708191412571471,0.086,False,Not significant
S01065,Enshana,Village,W014,LGA01,7.401632,11.424229,213.0,Bishama,Idi-Oro,150.0,803.3467346431812,3,1,T14,2026-03-09 15:34:00,2026-03-09 15:36:00,False,True,Accessible,False,132,213.0,1.0,T14,True,5,True,False,Visited (track-confirmed),0.6197183098591549,0,0.7093283968014948,0.33,False,Not significant
S00743,Umshade-Sabo,Urban block,W008,LGA01,7.33697,10.873212,416.0,Umyosa,Idi-Oro,150.0,1019.4933425438228,0,0,,,,False,False,Accessible,False,419,416.0,1.0,T08,True,5,True,False,Tally-only (no GPS confirmation),1.0072115384615385,0,-0.2521623476541578,0.325,False,Not significant
S00596,Zashari,Urban block,W007,LGA01,7.420205,11.158838,295.0,Bayoyi,Idi-Oro,150.0,1332.382723989633,0,0,,,,False,False,Accessible,False,241,295.0,1.0,T07,True,5,True,False,Tally-only (no GPS confirmation),0.8169491525423729,0,0.7093283968014948,0.33,False,Not significant
